url_length,domain_length,path_length,num_dots,num_hyphens,num_digits,num_special_chars,num_subdirs,num_query_params,has_ip,has_at,has_https,has_port,suspicious_keyword,suspicious_tld,domain_entropy,is_popular_domain,label
22,6,8,1,0,2,1,3,0,0,0,1,0,0,0,2.584962500721156,0,1
80,19,53,2,0,19,1,4,0,0,0,1,0,0,0,3.431623565847431,0,1
41,32,1,2,2,6,1,3,0,0,0,1,0,0,0,4.288909765557392,0,1
44,35,1,2,2,6,1,3,0,0,0,1,0,0,0,4.068728288980288,0,1
42,33,1,2,2,6,1,3,0,0,0,1,0,0,0,4.210764573772789,0,1
34,25,1,2,0,0,1,3,0,0,0,1,0,0,0,3.7834651896016473,1,1
32,25,0,2,0,0,1,2,0,0,0,0,0,0,0,3.7834651896016473,1,1
41,32,1,2,2,6,1,3,0,0,0,1,0,0,0,3.952819531114783,0,1
38,29,1,2,2,6,1,3,0,0,0,1,0,0,0,3.8234982365068824,0,1
32,23,1,2,0,0,1,3,0,0,0,1,0,0,0,3.6211755429194707,1,1
33,24,1,2,0,0,1,3,0,0,0,1,0,0,0,3.7720552088742005,1,1
41,32,1,2,0,0,1,3,0,0,0,1,0,0,0,4.0746987351738495,1,1
43,34,1,2,0,0,1,3,0,0,0,1,0,0,0,4.098944003766904,1,1
33,24,1,2,0,0,1,3,0,0,0,1,0,0,0,3.8868421881310113,1,1
31,22,1,2,0,0,1,3,0,0,0,1,0,0,0,3.641249800455479,1,1
63,54,1,2,0,0,1,3,0,0,0,1,0,1,0,4.163898557751709,1,1
36,27,1,2,0,0,1,3,0,0,0,1,0,0,0,3.7784235030301248,1,1
29,20,1,2,0,0,1,3,0,0,0,1,0,0,0,3.521928094887363,1,1
36,27,1,2,0,5,1,3,0,0,0,1,0,0,0,3.884155094595804,1,1
33,24,1,2,0,0,1,3,0,0,0,1,0,0,0,3.7720552088742005,1,1
31,22,1,2,0,1,1,3,0,0,0,1,0,0,0,3.568084324344715,1,1
32,23,1,2,0,0,1,3,0,0,0,1,0,1,0,3.5342190211803404,1,1
55,26,15,2,0,2,2,3,1,0,0,1,0,1,0,3.6321921215711943,0,1
30,21,1,2,1,5,1,3,0,0,0,1,0,0,0,3.916126946588284,1,1
32,23,1,2,0,0,1,3,0,0,0,1,0,1,0,3.7081320646586016,1,1
25,16,1,2,0,0,1,3,0,0,0,1,0,0,0,3.327819531114783,1,1
33,24,1,2,0,3,1,3,0,0,0,1,0,0,0,3.7406015629507223,1,1
40,21,11,2,0,0,1,3,0,0,0,1,0,0,0,3.594465636961452,1,1
46,37,1,2,0,0,1,3,0,0,0,1,0,0,0,3.8437959328456848,1,1
61,16,37,4,0,0,1,7,0,0,0,1,0,0,0,3.2806390622295662,0,1
29,20,1,2,1,0,1,3,0,0,0,1,0,0,0,3.4464393446710155,0,1
38,16,14,3,1,3,1,3,0,0,0,1,0,0,0,3.327819531114783,0,1
26,19,0,1,0,0,1,2,0,0,0,0,0,0,0,3.6818808028034025,0,1
28,19,1,1,0,0,1,3,0,0,0,1,0,0,0,3.6818808028034025,0,1
69,27,13,3,3,15,2,4,1,0,0,1,0,0,0,3.9582291686698783,0,1
46,29,9,3,2,0,1,3,0,0,0,1,0,0,0,4.021268494903765,0,1
48,41,0,2,0,9,1,2,0,0,0,0,0,0,0,4.324270834457101,0,1
32,15,9,2,0,0,1,3,0,0,0,1,0,0,0,2.7898980954642876,0,1
89,26,55,6,0,0,1,5,0,0,0,1,0,1,0,3.5175594295963437,0,1
26,18,1,1,1,0,1,3,0,0,0,0,0,1,0,3.530493056757482,0,1
25,14,3,1,0,0,1,3,0,0,0,1,0,0,0,2.8962915290459277,0,1
23,14,1,2,0,0,1,3,0,0,0,1,0,0,0,3.1820058147602133,0,1
59,17,22,1,1,16,2,5,0,0,0,1,0,0,0,3.9698157824268097,0,1
54,12,22,1,0,14,2,5,0,0,0,1,0,0,0,3.084962500721156,0,1
52,10,22,1,0,14,2,5,0,0,0,1,0,0,0,2.9219280948873623,0,1
57,15,22,1,0,17,2,5,0,0,0,1,0,0,0,3.640223928941852,0,1
38,24,6,2,2,0,1,3,0,0,0,1,0,0,0,3.8035088547976783,1,1
39,24,7,2,2,0,1,4,0,0,0,1,0,0,0,3.8035088547976783,1,1
31,24,0,2,1,0,1,2,0,0,0,0,0,0,0,3.938721875540867,1,1
33,24,1,2,1,0,1,3,0,0,0,1,0,0,0,3.938721875540867,1,1
36,27,1,2,1,0,1,3,0,0,0,1,0,0,0,3.986187965046303,1,1
34,27,0,2,1,0,1,2,0,0,0,0,0,0,0,3.986187965046303,1,1
36,29,0,2,2,0,1,2,0,0,0,0,0,0,0,3.9523029776623857,1,1
38,29,1,2,2,0,1,3,0,0,0,1,0,0,0,3.9523029776623857,1,1
28,19,1,1,1,2,1,3,0,0,0,1,0,0,0,3.6818808028034025,0,1
37,19,10,2,1,2,1,3,0,0,0,1,0,0,0,3.6818808028034025,0,1
43,22,13,1,0,2,1,5,0,0,0,1,0,0,0,3.447401504705915,0,1
34,25,1,2,1,0,1,3,0,0,0,1,0,0,0,3.32307418942857,0,1
34,25,1,2,0,0,1,3,0,0,0,1,0,0,0,3.543465189601647,1,1
48,39,1,2,4,0,1,3,0,0,0,1,0,1,0,4.0478467699778795,0,1
41,32,1,2,2,0,1,3,0,0,0,1,0,0,0,3.8636085007312415,0,1
31,22,1,1,0,0,1,3,0,0,0,1,0,0,0,3.641249800455479,0,1
36,22,6,1,0,0,1,3,0,0,0,1,0,0,0,3.641249800455479,0,1
29,20,1,1,0,0,1,3,0,0,0,1,0,0,0,3.3464393446710154,0,1
40,20,12,2,0,0,1,3,0,0,0,1,0,0,0,3.3464393446710154,0,1
21,13,1,1,1,0,1,3,0,0,0,0,0,0,0,3.0269868333592873,0,1
28,19,1,1,1,2,1,3,0,0,0,1,0,0,0,3.787143960698139,0,1
37,19,10,2,1,2,1,3,0,0,0,1,0,0,0,3.787143960698139,0,1
43,36,0,2,1,7,1,2,0,0,0,0,0,0,0,4.228972140861001,0,1
49,42,0,2,2,5,1,2,0,0,0,0,0,0,0,4.184482757226366,0,1
59,32,19,3,1,0,1,3,0,0,0,1,0,1,0,4.179229296672175,0,1
36,17,11,2,1,0,1,4,0,0,0,1,0,0,0,3.29277019393699,1,1
47,25,14,2,2,0,1,4,0,0,0,1,0,0,0,3.7834651896016473,1,1
33,24,1,2,1,0,1,3,0,0,0,1,0,0,0,3.427694271103767,0,1
31,24,0,2,1,0,1,2,0,0,0,0,0,0,0,3.427694271103767,0,1
43,25,10,2,2,0,1,4,0,0,0,1,0,0,0,3.733660689688186,1,1
42,35,0,2,0,7,1,2,0,0,0,0,0,0,0,4.04716007463276,0,1
35,26,1,2,0,14,1,3,0,0,0,1,0,0,0,3.6612262562697895,0,1
34,26,0,2,0,14,1,2,0,0,0,1,0,0,0,3.6612262562697895,0,1
41,33,0,2,0,5,1,2,0,0,0,1,0,0,0,3.6758711054575395,0,1
41,33,0,2,0,7,1,2,0,0,0,1,0,0,0,4.12728313431329,0,1
39,32,0,2,0,0,1,2,0,0,0,0,0,0,0,3.8011085007312415,1,1
41,32,1,2,0,0,1,3,0,0,0,1,0,0,0,3.8011085007312415,1,1
87,7,65,1,0,13,2,4,0,0,0,0,0,0,0,2.521640636343318,0,1
80,7,65,1,0,13,1,4,0,0,0,1,0,0,0,2.521640636343318,0,1
37,10,19,2,0,0,1,4,0,0,0,1,0,0,0,3.1219280948873624,0,1
34,25,1,2,0,0,1,3,0,0,0,1,0,0,0,3.364889451733241,1,1
37,25,4,2,0,0,1,4,0,0,0,1,0,0,0,3.364889451733241,1,1
171,31,5,2,0,0,8,4,7,0,0,1,0,0,0,3.728389858773972,1,1
44,35,1,2,0,0,1,3,0,0,0,1,0,0,0,3.897299717551716,1,1
38,29,1,2,0,0,1,3,0,0,0,1,0,0,0,3.745406425938248,0,1
314,31,16,2,2,50,8,3,3,0,0,1,0,0,0,3.781147020819124,0,1
43,34,1,2,2,6,1,3,0,0,0,1,0,0,0,4.395998870534841,0,1
43,34,1,2,2,6,1,3,0,0,0,1,0,0,0,4.1973257087065035,0,1
55,31,16,2,0,6,1,3,0,0,0,1,0,0,0,3.781147020819124,0,1
78,69,1,3,6,25,1,3,0,0,0,1,0,0,0,4.599264087395305,0,1
31,24,0,2,2,0,1,2,0,0,0,0,0,0,0,3.5220552088742005,0,1
33,24,1,2,2,0,1,3,0,0,0,1,0,0,0,3.5220552088742005,0,1
45,38,0,2,0,3,1,2,0,0,0,0,0,0,0,4.13569955274647,0,1
41,34,0,2,0,2,1,2,0,0,0,0,0,0,0,4.278351811711311,0,1
42,35,0,2,0,3,1,2,0,0,0,0,0,0,0,4.193429088311724,0,1
45,38,0,2,0,3,1,2,0,0,0,0,0,0,0,4.070167316018231,0,1
45,38,0,2,2,7,1,2,0,0,0,0,0,0,0,4.165837632423487,0,1
49,42,0,2,2,5,1,2,0,0,0,0,0,0,0,4.184482757226366,0,1
43,36,0,2,0,3,1,2,0,0,0,0,0,0,0,4.0860486123130375,0,1
55,46,1,2,4,4,1,3,0,0,0,1,0,1,0,4.398030705821854,1,1
78,69,1,3,6,26,1,3,0,0,0,1,0,0,0,4.519786646013218,0,1
31,22,1,1,1,2,1,3,0,0,0,1,0,0,0,3.8796640049025943,0,1
40,22,10,2,1,2,1,3,0,0,0,1,0,0,0,3.8796640049025943,0,1
38,31,0,2,1,6,1,2,0,0,0,0,0,0,0,4.063562746695365,0,1
32,15,9,2,0,1,1,3,0,0,0,1,0,0,0,3.323231428797621,0,1
26,17,1,1,1,0,1,3,0,0,0,1,0,0,0,3.85216872360328,0,1
32,17,7,1,1,0,1,3,0,0,0,1,0,0,0,3.85216872360328,0,1
31,16,7,2,0,0,1,3,0,0,0,1,0,0,0,3.202819531114783,0,1
78,35,1,2,1,18,2,3,1,0,0,1,0,0,0,4.218588646061331,0,1
42,35,0,2,1,6,1,2,0,0,0,0,0,0,0,4.218588646061331,0,1
21,12,1,1,1,0,1,3,0,0,0,1,0,0,0,3.2516291673878226,0,1
30,12,10,2,1,0,1,3,0,0,0,1,0,0,0,3.2516291673878226,0,1
24,15,1,1,1,0,1,3,0,0,0,1,0,0,0,3.323231428797621,0,1
33,15,10,2,1,0,1,3,0,0,0,1,0,0,0,3.323231428797621,0,1
34,26,0,2,0,0,1,2,0,0,0,1,0,0,0,3.796217602590056,1,1
98,71,19,4,6,26,1,4,0,0,0,1,0,0,0,4.455327929028652,0,1
41,32,1,2,1,2,1,3,0,0,0,1,0,0,0,4.030639062229566,0,1
36,12,16,1,0,10,1,4,0,0,0,1,0,0,1,3.584962500721156,0,1
66,58,0,2,5,10,1,2,0,0,0,1,0,0,0,4.46610072007239,0,1
29,21,0,2,1,6,1,2,0,0,0,1,0,0,0,3.880179922675738,0,1
192,27,1,2,2,19,5,3,4,0,0,1,0,0,0,3.884155094595804,1,1
41,32,1,2,0,1,1,3,0,0,0,1,0,0,0,3.9414280318460246,0,1
43,34,1,2,2,0,1,3,0,0,0,1,0,0,0,3.85586569475248,0,1
41,32,1,2,0,0,1,3,0,0,0,1,0,1,0,3.890319531114783,0,1
30,21,1,1,0,0,1,3,0,0,0,1,0,0,0,3.558518613048906,0,1
41,21,12,1,1,0,1,6,0,0,0,1,0,0,0,3.4399364703978077,0,1
35,13,14,3,2,3,1,3,0,0,0,1,0,0,0,2.931208948910323,0,1
233,23,16,2,0,31,4,4,2,0,0,1,0,0,0,3.729446194905256,0,1
34,17,9,1,1,0,1,4,0,0,0,1,0,0,0,3.7345216647797512,0,1
34,27,0,2,1,4,1,2,0,0,0,0,0,0,0,3.9545304475546974,0,1
33,24,1,2,0,0,1,3,0,0,0,1,0,0,0,4.053508854797678,0,1
44,35,1,2,0,0,1,3,0,0,0,1,0,0,0,3.9788640881880974,0,1
32,23,1,1,3,0,1,3,0,0,0,1,0,0,0,3.6753108689123635,0,1
52,26,18,2,1,10,1,6,0,0,0,1,0,0,0,3.9462227768165996,0,1
30,21,1,1,0,0,1,3,0,0,0,1,0,0,0,3.499227541723357,0,1
32,23,1,1,1,0,1,3,0,0,0,1,0,0,0,3.6753108689123635,0,1
31,23,1,1,1,0,1,3,0,0,0,0,0,0,0,3.6753108689123635,0,1
38,17,13,1,0,0,1,5,0,0,0,1,0,0,0,3.1751231351134606,0,1
26,17,1,1,0,0,1,3,0,0,0,1,0,0,0,3.1751231351134606,0,1
58,19,31,3,0,0,1,6,0,0,0,1,0,0,0,3.471354487013929,0,1
49,19,22,2,0,0,1,3,0,0,0,1,0,0,0,3.5368867237421675,0,1
39,30,1,2,0,4,1,3,0,0,0,1,0,0,0,3.9483943455364034,1,1
40,18,14,2,0,0,1,4,0,0,0,1,0,1,0,3.3082708345352603,0,1
42,25,9,3,1,0,1,3,0,0,0,1,0,0,0,3.9132696895151087,0,1
26,18,1,2,0,0,1,3,0,0,0,0,0,0,0,3.197159723424149,0,1
42,34,1,4,0,0,1,3,0,0,0,0,0,0,0,3.962031591059445,1,1
147,31,5,2,0,0,8,4,7,0,0,1,0,0,0,3.728389858773972,1,1
31,22,1,1,1,2,1,3,0,0,0,1,0,0,0,3.8796640049025943,0,1
40,22,10,2,1,2,1,3,0,0,0,1,0,0,0,3.8796640049025943,0,1
79,72,0,2,1,25,1,2,0,0,0,0,0,0,0,4.7198746126380335,0,1
39,11,10,2,1,0,2,3,1,0,0,1,0,0,0,3.095795255000934,0,1
43,26,9,3,1,0,1,3,0,0,0,1,0,0,0,3.921029621737615,0,1
42,25,9,3,1,0,1,3,0,0,0,1,0,0,0,3.623465189601647,0,1
36,27,1,1,3,0,1,3,0,0,0,1,0,0,0,3.884155094595804,0,1
43,27,8,1,3,0,1,3,0,0,0,1,0,0,0,3.884155094595804,0,1
94,33,53,5,0,8,2,5,0,0,1,1,0,0,0,4.354852073838348,0,1
742,26,16,3,15,175,21,4,11,0,0,1,0,0,0,3.459491160199154,1,1
37,28,1,2,0,0,1,3,0,0,0,1,0,0,0,3.4991695476615083,1,1
109,11,22,2,1,34,4,10,0,0,0,1,0,0,0,3.2776134368191157,0,1
36,27,1,2,0,4,1,3,0,0,0,1,0,0,0,3.6302753548819764,0,1
33,24,1,2,0,0,1,3,0,0,0,1,0,1,0,3.7516291673878226,0,1
27,18,1,1,0,0,1,3,0,0,0,1,0,0,0,3.3921472236645345,0,1
38,18,12,2,0,0,1,3,0,0,0,1,0,0,0,3.3921472236645345,0,1
44,18,17,2,0,0,2,3,0,0,0,1,0,0,0,3.3921472236645345,0,1
33,24,1,1,1,0,1,3,0,0,0,1,0,1,0,3.7720552088742005,0,1
42,24,10,2,1,0,1,3,0,0,0,1,0,1,0,3.7720552088742005,0,1
27,13,6,1,0,0,1,3,0,0,0,1,0,0,0,3.180832987205441,0,1
40,33,0,2,2,0,1,2,0,0,0,0,0,0,0,3.7148697866030833,1,1
42,33,1,2,2,0,1,3,0,0,0,1,0,0,0,3.7148697866030833,1,1
32,17,7,1,0,0,1,4,0,0,0,1,0,0,0,3.4548223999466057,0,1
43,12,23,1,0,9,1,5,0,0,0,1,0,0,1,3.584962500721156,0,1
42,11,23,1,0,2,1,5,0,0,0,1,0,0,0,3.095795255000934,0,1
42,11,23,1,0,2,1,5,0,0,0,1,0,0,0,2.8453509366224368,0,1
42,11,23,1,0,3,1,5,0,0,0,1,0,0,0,2.6635327548042547,0,1
42,11,23,1,0,3,1,5,0,0,0,1,0,0,0,3.095795255000934,0,1
41,10,23,1,0,3,1,5,0,0,0,1,0,0,0,3.1219280948873624,0,1
42,11,23,1,0,3,1,5,0,0,0,1,0,0,0,3.2776134368191157,0,1
72,42,22,3,2,8,1,3,0,0,0,1,0,1,0,4.050919888787394,0,1
25,11,6,1,0,2,1,3,0,0,0,1,0,0,0,3.095795255000934,1,1
25,11,6,1,0,0,1,3,0,0,0,1,0,0,0,3.095795255000934,1,1
25,11,6,1,0,0,1,3,0,0,0,1,0,0,0,3.095795255000934,1,1
25,11,6,1,0,0,1,3,0,0,0,1,0,0,0,3.095795255000934,1,1
25,11,6,1,0,1,1,3,0,0,0,1,0,0,0,3.095795255000934,1,1
25,11,6,1,0,1,1,3,0,0,0,1,0,0,0,3.095795255000934,1,1
25,11,6,1,0,0,1,3,0,0,0,1,0,0,0,3.095795255000934,1,1
25,11,6,1,0,0,1,3,0,0,0,1,0,0,0,3.095795255000934,1,1
25,11,6,1,0,0,1,3,0,0,0,1,0,0,0,3.095795255000934,1,1
25,11,6,1,0,2,1,3,0,0,0,1,0,0,0,3.095795255000934,1,1
25,11,6,1,0,1,1,3,0,0,0,1,0,0,0,3.095795255000934,1,1
25,11,6,1,0,1,1,3,0,0,0,1,0,0,0,3.095795255000934,1,1
25,11,6,1,0,2,1,3,0,0,0,1,0,0,0,3.095795255000934,1,1
25,11,6,1,0,1,1,3,0,0,0,1,0,0,0,3.095795255000934,1,1
27,13,6,1,0,0,1,3,0,0,0,1,0,0,0,3.238901256602631,0,1
67,53,6,2,2,0,1,4,0,0,0,1,0,1,0,4.22511403019066,0,1
46,21,17,3,0,0,1,7,0,0,0,1,0,0,0,3.7849418274376427,1,1
24,16,0,1,1,0,1,2,0,0,0,1,0,0,0,3.327819531114783,0,1
40,31,1,3,1,0,1,3,0,0,0,1,0,0,0,3.8245334068819115,1,1
38,31,0,3,1,0,1,2,0,0,0,0,0,0,0,3.8245334068819115,1,1
43,12,23,1,0,5,1,5,0,0,0,1,0,0,0,3.4182958340544896,0,1
43,12,23,1,0,4,1,5,0,0,0,1,0,0,0,3.2516291673878226,0,1
41,10,23,1,0,4,1,5,0,0,0,1,0,0,0,3.1219280948873624,0,1
72,64,0,2,1,24,1,2,0,0,0,1,0,0,0,4.234222954832899,0,1
42,11,23,1,0,4,1,5,0,0,0,1,0,0,0,3.095795255000934,0,1
22,13,1,1,1,0,1,3,0,0,0,1,0,0,0,3.0269868333592873,0,1
41,10,23,1,0,5,1,5,0,0,0,1,0,0,0,3.1219280948873624,0,1
42,11,23,1,0,4,1,5,0,0,0,1,0,0,0,3.0271691184406184,0,1
42,11,23,1,0,5,1,5,0,0,0,1,0,0,0,3.095795255000934,0,1
42,11,23,1,0,3,1,5,0,0,0,1,0,0,0,3.095795255000934,0,1
42,11,23,1,0,4,1,5,0,0,0,1,0,0,0,3.2776134368191157,0,1
42,11,23,1,0,4,1,5,0,0,0,1,0,0,0,2.6635327548042547,0,1
43,12,23,1,0,3,1,5,0,0,0,1,0,0,0,3.2516291673878226,0,1
42,11,23,1,0,4,1,5,0,0,0,1,0,0,0,3.095795255000934,0,1
42,11,23,1,0,4,1,5,0,0,0,1,0,0,0,3.2776134368191157,0,1
43,12,23,1,0,2,1,5,0,0,0,1,0,0,0,3.2516291673878226,0,1
43,12,23,1,0,4,1,5,0,0,0,1,0,0,0,3.2516291673878226,0,1
43,12,23,1,0,4,1,5,0,0,0,1,0,0,0,3.084962500721156,0,1
44,13,23,1,0,5,1,5,0,0,0,1,0,0,0,3.3927474104487847,0,1
43,12,23,1,0,5,1,5,0,0,0,1,0,0,0,3.2516291673878226,0,1
42,11,23,1,0,5,1,5,0,0,0,1,0,0,0,3.2776134368191157,0,1
42,11,23,1,0,4,1,5,0,0,0,1,0,0,0,2.6635327548042547,0,1
42,11,23,1,0,6,1,5,0,0,0,1,0,0,0,2.913977073182752,0,1
42,11,23,1,0,4,1,5,0,0,0,1,0,0,0,2.913977073182752,0,1
43,12,23,1,0,2,1,5,0,0,0,1,0,0,0,3.084962500721156,0,1
34,16,10,2,1,0,1,3,0,0,0,1,0,0,0,3.202819531114783,0,1
42,11,23,1,0,4,1,5,0,0,0,1,0,0,0,3.2776134368191157,0,1
67,43,16,3,2,14,1,5,0,0,0,1,0,0,0,4.443365626644182,1,1
29,12,9,1,0,1,1,4,0,0,0,1,0,0,0,3.084962500721156,0,1
27,12,7,1,0,1,1,3,0,0,0,1,0,0,0,3.084962500721156,0,1
27,8,11,1,0,3,1,3,0,0,0,1,0,0,0,3.0,0,1
51,38,1,2,0,17,2,3,1,0,0,1,0,0,0,4.240962710641206,1,1
47,38,1,2,0,16,1,3,0,0,0,1,0,0,0,4.240962710641206,1,1
94,30,56,3,1,24,1,5,0,0,0,1,0,0,0,3.856564762130954,0,1
29,12,9,1,1,0,1,3,0,0,0,1,0,0,0,3.084962500721156,0,1
48,16,24,2,0,2,1,5,0,0,0,1,0,0,0,3.202819531114783,1,1
20,7,5,1,0,1,1,3,0,0,0,1,0,0,0,2.521640636343318,0,1
71,15,26,4,1,20,3,5,1,0,0,1,0,1,0,3.640223928941852,0,1
31,22,1,1,0,0,1,3,0,0,0,1,0,0,0,3.481714572986073,0,1
33,24,1,2,2,0,1,3,0,0,0,1,0,0,0,3.8868421881310113,1,1
31,22,1,2,0,0,1,3,0,0,0,1,0,0,0,3.4594316186372973,1,1
43,36,0,2,1,5,1,2,0,0,0,0,0,0,0,4.065079515030719,0,1
35,26,1,2,3,0,1,3,0,0,0,1,0,0,0,3.7671834678914613,1,1
58,49,1,2,4,0,1,3,0,0,0,1,0,0,0,3.8975880994740324,0,1
38,22,8,2,0,0,1,4,0,0,0,1,0,0,0,3.4251185503571397,1,1
69,16,45,3,2,0,1,5,0,0,0,1,0,0,0,3.202819531114783,1,1
38,22,8,2,1,0,1,4,0,0,0,1,0,0,0,3.913977073182752,1,1
531,19,1,2,2,160,27,3,7,0,0,1,0,0,0,3.3660913291191923,1,1
36,28,0,2,0,1,1,2,0,0,0,1,0,0,0,3.7498677622562897,0,1
36,28,0,2,2,0,1,2,0,0,0,1,0,0,0,3.821296333684861,1,1
40,29,3,2,0,1,1,3,0,0,0,1,0,0,0,3.8234982365068824,1,1
37,29,0,2,0,1,1,2,0,0,0,1,0,0,0,3.8234982365068824,1,1
28,20,0,2,1,0,1,2,0,0,0,1,0,0,0,3.684183719779189,1,1
37,29,0,2,3,1,1,2,0,0,0,1,0,0,0,3.8664331502253835,1,1
35,27,0,2,2,0,1,2,0,0,0,1,0,0,0,3.9582291686698783,1,1
36,28,0,2,1,0,1,2,0,0,0,1,0,0,0,3.7264741182543757,1,1
30,22,0,2,1,0,1,2,0,0,0,1,0,0,0,3.6589934152538057,1,1
35,26,1,2,2,0,1,3,0,0,0,1,0,0,0,3.825251737288651,1,1
38,29,1,2,0,0,1,3,0,0,0,1,0,1,0,3.784897702756408,1,1
32,23,1,2,0,0,1,3,0,0,0,1,0,0,0,3.5555331514269954,1,1
50,41,1,2,2,0,1,3,0,0,0,1,0,0,0,3.682648725031325,1,1
45,16,21,2,0,0,1,5,0,0,0,1,0,0,0,3.202819531114783,1,1
51,16,27,2,0,0,1,5,0,0,0,1,0,0,0,3.202819531114783,1,1
157,33,16,2,3,1,6,3,5,0,0,1,0,0,0,3.9225895736416696,0,1
52,16,28,2,0,1,1,5,0,0,0,1,0,0,0,3.202819531114783,1,1
37,28,1,2,1,6,1,3,0,0,0,1,0,0,0,4.110577243331642,0,1
43,34,1,2,2,6,1,3,0,0,0,1,0,0,0,4.300554385304355,0,1
45,36,1,2,3,12,1,3,0,0,0,1,0,0,0,4.093400348604438,0,1
34,25,1,2,0,0,1,3,0,0,0,1,0,0,0,3.6194705707972523,0,1
38,29,1,2,1,0,1,3,0,0,0,1,0,0,0,3.9228287372391666,0,1
33,24,1,2,1,0,1,3,0,0,0,1,0,0,0,3.918295834054489,0,1
43,34,1,2,1,0,1,3,0,0,0,1,0,0,0,3.777776811456786,0,1
44,35,1,2,2,0,1,3,0,0,0,1,0,0,0,3.9532470324098186,0,1
35,26,1,2,1,6,1,3,0,0,0,1,0,0,0,4.085055102756477,0,1
31,22,1,2,0,0,1,3,0,0,0,1,0,0,0,3.7544418457133455,1,1
41,32,1,2,2,12,1,3,0,0,0,1,0,0,0,3.9681390622295662,0,1
46,37,1,2,2,0,1,3,0,0,0,1,0,0,0,4.121219243831912,0,1
48,39,1,2,2,12,1,3,0,0,0,1,0,0,0,4.2849009365890725,0,1
29,20,1,2,0,5,1,3,0,0,0,1,0,0,0,3.584183719779189,1,1
34,25,1,2,2,6,1,3,0,0,0,1,0,0,0,4.133660689688186,0,1
31,22,1,2,0,0,1,3,0,0,0,1,0,0,0,3.8796640049025943,0,1
47,38,1,2,0,2,1,3,0,0,0,1,0,1,0,4.023471592049353,0,1
57,48,1,2,3,6,1,3,0,0,0,1,0,0,0,4.420914521951839,0,1
33,24,1,2,1,6,1,3,0,0,0,1,0,0,0,4.136842188131012,0,1
34,25,1,2,1,6,1,3,0,0,0,1,0,0,0,3.8634651896016474,0,1
35,26,1,2,0,0,1,3,0,0,0,1,0,0,0,3.873140679513133,0,1
42,33,1,2,1,6,1,3,0,0,0,1,0,0,0,4.161987589698946,0,1
38,29,1,2,1,6,1,3,0,0,0,1,0,0,0,4.280226253673659,0,1
39,30,1,2,0,0,1,3,0,0,0,1,0,0,0,3.781076011914607,0,1
42,33,1,2,0,0,1,3,0,0,0,1,0,0,0,3.9683403313485464,1,1
37,28,1,2,0,0,1,3,0,0,0,1,0,0,0,3.842370993177109,1,1
42,33,1,2,3,0,1,3,0,0,0,1,0,0,0,3.8391081341821707,1,1
47,38,1,2,1,6,1,3,0,0,0,1,0,0,0,4.13197035669183,0,1
29,20,1,2,0,0,1,3,0,0,0,1,0,0,0,3.484183719779189,1,1
38,29,1,2,1,6,1,3,0,0,0,1,0,0,0,4.349191770915039,0,1
35,26,1,2,1,6,1,3,0,0,0,1,0,0,0,4.132944044980959,0,1
50,41,1,2,1,6,1,3,0,0,0,1,0,0,0,4.236230822885472,0,1
45,36,1,2,3,12,1,3,0,0,0,1,0,0,0,4.18354236243323,0,1
39,30,1,2,1,1,1,3,0,0,0,1,0,0,0,3.939572261986723,1,1
34,25,1,2,1,0,1,3,0,0,0,1,0,0,0,3.7532696895151085,0,1
43,34,1,2,1,0,1,3,0,0,0,1,0,0,0,3.9254106352407234,0,1
30,21,1,2,0,1,1,3,0,0,0,1,0,0,0,3.880179922675738,1,1
38,29,1,2,0,4,1,3,0,0,0,1,0,0,0,4.1162646156680225,0,1
41,32,1,2,1,6,1,3,0,0,0,1,0,0,0,4.226409765557392,0,1
35,26,1,2,1,6,1,3,0,0,0,1,0,0,0,3.979097891134805,0,1
39,30,1,2,1,7,1,3,0,0,0,1,0,0,0,4.2817276788697365,0,1
44,35,1,2,2,6,1,3,0,0,0,1,0,0,0,4.025591860285233,0,1
35,26,1,2,0,0,1,3,0,0,0,1,0,0,0,3.7192945256669794,0,1
34,25,1,2,2,6,1,3,0,0,0,1,0,0,0,3.973660689688186,0,1
40,31,1,2,0,0,1,3,0,0,0,1,0,0,0,3.84888461662912,0,1
37,28,1,2,1,6,1,3,0,0,0,1,0,0,0,4.110577243331642,0,1
41,32,1,2,0,0,1,3,0,0,0,1,0,0,0,3.8011085007312415,0,1
37,28,1,2,0,0,1,3,0,0,0,1,0,0,0,3.699513850319966,1,1
29,20,1,2,0,0,1,3,0,0,0,1,0,0,0,3.784183719779189,1,1
48,39,1,2,2,6,1,3,0,0,0,1,0,0,0,4.038499898783,0,1
45,36,1,2,3,12,1,3,0,0,0,1,0,0,0,3.9403510429286897,0,1
35,26,1,2,1,6,1,3,0,0,0,1,0,0,0,4.0081320258334,0,1
31,22,1,2,1,0,1,3,0,0,0,1,0,0,0,3.6069367321753214,1,1
31,22,1,2,0,0,1,3,0,0,0,1,0,0,0,3.550340709546388,1,1
41,32,1,2,1,9,1,3,0,0,0,1,0,0,0,4.0746987351738495,0,1
38,29,1,2,1,6,1,3,0,0,0,1,0,0,0,4.090234012145144,0,1
40,31,1,2,2,6,1,3,0,0,0,1,0,0,0,4.066784213473103,1,1
41,32,1,2,1,6,1,3,0,0,0,1,0,0,0,4.215018266288633,0,1
51,22,15,2,0,2,2,3,1,0,0,1,0,1,0,3.481714572986073,0,1
34,25,1,2,1,6,1,3,0,0,0,1,0,0,0,4.023465189601647,0,1
55,46,1,2,3,12,1,3,0,0,0,1,0,0,0,4.303149662852282,0,1
32,23,1,2,0,0,1,3,0,0,0,1,0,0,0,3.6211755429194707,0,1
45,36,1,2,3,12,1,3,0,0,0,1,0,0,0,4.107017709595357,0,1
56,47,1,2,1,0,1,3,0,0,0,1,0,1,0,4.1013173086181025,0,1
41,32,1,2,2,12,1,3,0,0,0,1,0,0,0,4.155639062229566,0,1
43,34,1,2,2,6,1,3,0,0,0,1,0,0,0,4.07674143017386,0,1
29,20,1,2,0,0,1,3,0,0,0,1,0,0,0,3.484183719779189,1,1
35,26,1,2,3,0,1,3,0,0,0,1,0,0,0,3.7483286603655745,1,1
40,31,1,2,3,3,1,3,0,0,0,1,0,0,0,3.8890495359141695,1,1
45,36,1,2,3,12,1,3,0,0,0,1,0,0,0,3.916607904809986,0,1
36,27,1,2,3,0,1,3,0,0,0,1,0,0,0,3.782122224145305,1,1
48,39,1,2,2,6,1,3,0,0,0,1,0,0,0,4.246188756990946,0,1
28,19,1,2,0,0,1,3,0,0,0,1,0,0,0,3.787143960698139,1,1
31,22,1,2,0,0,1,3,0,0,0,1,0,0,0,3.7544418457133455,1,1
45,36,1,2,3,12,1,3,0,0,0,1,0,0,0,4.204511459715549,0,1
40,31,1,2,2,12,1,3,0,0,0,1,0,0,0,3.9503441981686898,0,1
45,36,1,2,3,12,1,3,0,0,0,1,0,0,0,4.204511459715549,0,1
43,34,1,2,2,12,1,3,0,0,0,1,0,0,0,4.1499833418113035,0,1
38,29,1,2,0,0,1,3,0,0,0,1,0,1,0,4.047299098426643,1,1
34,25,1,2,0,0,1,3,0,0,0,1,0,0,0,3.733660689688186,1,1
35,26,1,2,1,6,1,3,0,0,0,1,0,0,0,4.0081320258334,0,1
45,36,1,2,3,12,1,3,0,0,0,1,0,0,0,4.260067015271105,0,1
35,26,1,2,1,6,1,3,0,0,0,1,0,0,0,4.132944044980959,0,1
36,27,1,2,1,6,1,3,0,0,0,1,0,0,0,4.254525464966174,0,1
38,31,0,2,2,6,1,2,0,0,0,0,0,0,0,3.8975870361235376,0,1
40,31,1,2,2,6,1,3,0,0,0,1,0,0,0,3.8975870361235376,0,1
127,28,34,2,1,39,3,4,2,0,0,1,0,0,0,3.878783493486176,0,1
76,27,7,2,0,15,3,4,2,0,0,1,0,0,0,3.704349428956051,0,1
42,27,7,2,0,0,1,4,0,0,0,1,0,0,0,3.7639657428240807,0,1
41,27,6,2,0,0,1,3,0,0,0,1,0,0,0,3.7639657428240807,0,1
36,29,0,2,1,6,1,2,0,0,0,0,0,0,0,4.168325822713779,0,1
38,29,1,2,1,6,1,3,0,0,0,1,0,0,0,4.168325822713779,0,1
34,19,7,3,0,0,1,4,0,0,0,1,0,0,0,3.6421498816369042,0,1
33,19,6,3,0,0,1,3,0,0,0,1,0,0,0,3.6421498816369042,0,1
48,18,22,2,2,2,1,3,0,0,0,1,0,0,0,3.8365916681089787,0,1
49,27,14,3,1,3,1,3,0,0,0,1,0,0,0,3.9400726873486533,0,1
52,8,36,2,0,0,1,7,0,0,0,1,0,0,0,2.4056390622295662,0,1
25,11,6,1,0,2,1,3,0,0,0,1,0,0,0,3.095795255000934,1,1
30,14,8,1,0,0,1,3,0,0,0,1,0,0,0,3.3248629576173565,0,1
32,20,4,2,0,0,1,4,0,0,0,1,0,0,0,3.484183719779189,0,1
140,12,121,4,4,27,1,11,0,0,0,0,0,0,0,3.2516291673878226,0,1
61,43,10,2,0,3,1,3,0,0,0,1,0,0,0,4.20233009230464,0,1
53,46,0,2,2,15,1,2,0,0,0,0,0,0,0,4.379449119468085,0,1
35,28,0,2,0,8,1,2,0,0,0,0,0,0,1,4.066108939837481,0,1
347,23,14,10,0,79,41,4,1,0,0,1,0,0,0,3.588354347173233,0,1
343,16,11,9,0,74,40,3,1,0,0,1,0,0,0,3.327819531114783,0,1
358,21,27,10,0,75,40,4,1,0,0,1,0,0,0,3.6537567082870015,1,1
51,22,11,2,2,6,2,3,1,0,0,1,0,0,0,4.004886164091843,0,1
30,14,8,1,0,0,1,4,0,0,0,1,0,0,0,3.1820058147602133,0,1
36,20,8,1,1,0,1,4,0,0,0,1,0,0,0,3.5464393446710156,0,1
22,13,1,1,0,0,1,3,0,0,0,1,0,0,0,3.238901256602631,0,1
69,42,19,3,0,10,1,6,0,0,0,1,0,0,0,3.973655305505572,0,1
29,21,0,2,1,6,1,2,0,0,0,1,0,0,0,3.7849418274376427,0,1
27,19,0,2,1,4,1,2,0,0,0,1,0,0,0,3.787143960698139,0,1
57,42,7,2,0,10,1,5,0,0,0,1,0,0,0,3.973655305505572,0,1
51,44,0,2,0,21,1,2,0,0,0,0,0,0,0,4.260456902679037,0,1
43,36,0,2,1,7,1,2,0,0,0,0,0,0,0,4.173416585305445,0,1
47,40,0,2,1,15,1,2,0,0,0,0,0,0,0,4.327567157116929,0,1
97,32,57,2,6,19,1,5,0,0,0,1,0,0,0,4.1996987351738495,0,1
27,20,0,2,1,5,1,2,0,0,0,0,0,0,0,3.784183719779189,0,1
124,43,73,2,10,13,1,4,0,0,0,1,0,0,0,4.200007639511387,0,1
35,27,0,2,1,4,1,2,0,0,0,1,0,0,0,3.9545304475546974,0,1
78,35,1,2,1,15,2,3,1,0,0,1,0,0,0,4.218588646061331,0,1
32,25,0,2,0,9,1,2,0,0,0,0,0,0,0,4.003856189774725,0,1
46,39,0,3,2,6,1,2,0,0,0,0,0,0,0,4.246188756990946,1,1
22,15,0,2,1,1,1,2,0,0,0,0,0,0,0,3.3735572622751855,0,1
56,49,0,2,0,25,1,2,0,0,0,0,0,0,0,4.0345889876821355,0,1
36,29,0,2,1,6,1,2,0,0,0,0,0,0,0,3.879893823520666,0,1
67,23,36,3,0,0,1,7,0,0,0,1,0,0,0,3.8279097821439696,0,1
25,11,6,1,0,1,1,3,0,0,0,1,0,0,0,3.095795255000934,1,1
22,10,4,1,0,0,1,4,0,0,0,1,0,0,0,2.9219280948873623,0,1
36,27,1,2,0,1,1,3,0,0,0,1,0,0,0,3.986187965046303,0,1
35,28,0,2,1,7,1,2,0,0,0,0,0,0,0,4.066108939837481,0,1
47,17,22,4,0,0,1,5,0,0,0,1,0,1,0,3.4548223999466057,0,1
46,17,21,4,0,0,1,4,0,0,0,1,0,1,0,3.4548223999466057,0,1
50,15,27,3,0,0,1,5,0,0,0,1,0,1,0,3.640223928941852,0,1
44,10,26,2,0,4,1,5,0,0,0,1,0,1,0,2.8464393446710154,0,1
45,10,27,2,0,4,1,6,0,0,0,1,0,1,0,2.8464393446710154,0,1
46,15,23,2,0,0,1,5,0,0,0,1,0,0,0,3.640223928941852,0,1
60,17,35,3,0,1,1,7,0,0,0,1,0,1,0,3.572469458770135,0,1
54,17,29,2,0,1,1,7,0,0,0,1,0,0,0,3.572469458770135,0,1
51,16,27,3,0,0,1,5,0,0,0,1,0,1,0,3.375,0,1
47,11,28,2,0,1,1,6,0,0,0,1,0,0,0,3.2776134368191157,0,1
71,20,9,4,0,0,3,3,1,0,1,1,0,0,0,3.584183719779189,0,1
124,46,36,4,2,12,3,4,1,0,1,1,0,0,0,3.9859737831613486,0,1
103,46,15,5,1,6,3,4,1,0,1,1,0,0,0,3.9859737831613486,0,1
34,27,0,2,1,4,1,2,0,0,0,0,0,0,0,3.9545304475546974,0,1
38,22,8,2,0,0,1,4,0,0,0,1,0,0,0,3.641249800455479,0,1
68,30,30,2,1,0,1,5,0,0,0,1,0,0,0,3.831401845392172,0,1
59,26,25,2,4,11,1,6,0,0,0,1,0,1,0,3.690260390968384,0,1
49,41,1,2,0,0,1,3,0,0,0,0,0,1,0,3.8275750301497773,0,1
50,41,1,2,0,0,1,3,0,0,0,1,0,1,0,3.8275750301497773,0,1
47,32,8,3,3,0,1,3,0,0,0,0,0,0,0,3.792837797403416,0,1
44,13,24,2,0,0,1,4,0,0,0,0,0,0,0,3.3927474104487847,0,1
23,14,1,2,0,1,1,3,0,0,0,1,0,0,0,3.2359263506290326,1,1
42,35,0,2,2,5,1,2,0,0,0,0,0,0,0,4.207435516759526,1,1
44,35,1,2,2,5,1,3,0,0,0,1,0,0,0,4.207435516759526,1,1
33,18,8,2,1,3,1,3,0,0,0,0,0,0,0,3.614369445886757,1,1
35,18,9,2,1,3,1,4,0,0,0,1,0,0,0,3.614369445886757,1,1
42,9,25,1,0,10,1,5,0,0,0,1,0,0,0,2.94770277922009,0,1
41,32,1,2,1,7,1,3,0,0,0,1,0,0,0,4.288909765557392,0,1
40,15,17,2,0,0,1,4,0,0,0,1,0,0,0,3.056564762130954,0,1
76,51,18,3,1,4,1,4,0,0,0,0,0,0,0,3.9397875385087446,0,1
67,51,8,2,1,4,1,3,0,0,0,1,0,0,0,3.9397875385087446,0,1
42,35,0,2,2,2,1,2,0,0,0,0,0,0,0,4.125871146123145,1,1
44,35,1,2,2,2,1,3,0,0,0,1,0,0,0,4.125871146123145,1,1
50,11,31,1,2,13,1,3,0,0,0,1,0,0,0,2.6635327548042547,0,1
51,11,32,1,2,13,1,4,0,0,0,1,0,0,0,2.6635327548042547,0,1
45,20,17,2,2,0,1,4,0,0,0,1,0,1,0,3.9219280948873627,1,1
60,11,41,2,2,13,1,4,0,0,0,1,0,1,0,2.6635327548042547,0,1
34,16,10,1,0,0,1,4,0,0,0,1,0,0,0,3.202819531114783,0,1
60,32,20,3,4,5,1,3,0,0,0,1,0,0,0,4.077819531114783,1,1
59,32,20,3,4,5,1,3,0,0,0,0,0,0,0,4.077819531114783,1,1
58,22,28,3,0,2,1,4,0,0,0,1,0,0,0,3.5160276412662306,1,1
30,12,10,1,1,0,1,4,0,0,0,1,0,0,0,3.4182958340544896,0,1
59,43,8,3,1,19,1,3,0,0,0,1,0,0,0,4.20233009230464,1,1
83,74,1,3,0,8,1,3,0,0,0,1,0,0,0,4.646416163970192,0,1
23,4,11,1,0,2,1,3,0,0,0,1,0,0,0,2.0,1,1
52,19,25,3,1,0,1,5,0,0,0,1,0,0,0,3.5766176449086657,0,1
83,23,52,3,1,0,1,10,0,0,0,1,0,1,0,3.4800836951874476,0,1
28,9,11,1,0,0,1,4,0,0,0,1,0,0,0,3.169925001442312,0,1
23,4,11,1,0,3,1,3,0,0,0,1,0,0,0,2.0,1,1
27,9,11,1,0,0,1,4,0,0,0,0,0,0,0,3.169925001442312,0,1
26,9,10,1,0,0,1,3,0,0,0,0,0,0,0,3.169925001442312,0,1
84,15,61,2,1,8,1,6,0,0,0,1,0,0,0,2.9735572622751856,1,1
30,23,0,2,1,0,1,2,0,0,0,0,0,0,0,3.795088586397732,1,1
32,23,1,2,1,0,1,3,0,0,0,1,0,0,0,3.795088586397732,1,1
35,26,1,2,2,0,1,3,0,0,0,1,0,0,0,3.738149333192866,1,1
34,26,1,2,2,0,1,3,0,0,0,0,0,0,0,3.738149333192866,1,1
24,6,10,1,0,0,1,3,0,0,0,1,0,1,0,1.9182958340544896,0,1
32,13,9,2,0,0,2,3,0,0,0,1,0,0,0,3.546593564294939,0,1
27,6,13,1,0,1,1,3,0,0,0,1,0,0,0,2.584962500721156,0,1
25,10,7,1,0,5,1,3,0,0,0,1,0,0,0,3.1219280948873624,1,1
20,6,6,1,0,0,1,3,0,0,0,1,0,0,0,1.9182958340544896,0,1
98,25,65,3,0,22,1,6,0,0,0,1,0,0,0,3.413660689688186,0,1
27,16,3,2,0,0,1,4,0,0,0,1,0,0,0,3.625,1,1
30,13,7,1,0,0,2,4,0,0,0,1,0,0,0,3.546593564294939,0,1
65,14,44,4,0,12,1,8,0,1,0,0,0,0,0,2.8962915290459277,0,1
50,21,21,3,0,6,1,5,0,0,0,1,0,0,0,3.916126946588284,1,1
64,24,33,2,1,6,1,6,0,0,0,0,0,0,0,3.823934896284056,0,1
98,25,65,3,0,22,1,6,0,0,0,1,0,0,0,3.413660689688186,0,1
67,52,7,2,0,0,1,3,0,0,0,1,0,1,0,4.2892074491938965,0,1
84,15,61,2,2,9,1,6,0,0,0,1,0,0,0,2.9735572622751856,1,1
84,15,61,2,1,6,1,6,0,0,0,1,0,0,0,2.9735572622751856,1,1
84,15,61,2,0,11,1,6,0,0,0,1,0,0,0,2.9735572622751856,1,1
84,15,61,2,0,6,1,6,0,0,0,1,0,0,0,2.9735572622751856,1,1
84,15,61,2,1,8,1,6,0,0,0,1,0,0,0,2.9735572622751856,1,1
84,15,61,2,1,10,1,6,0,0,0,1,0,0,0,2.9735572622751856,1,1
84,15,61,2,0,2,1,6,0,0,0,1,0,0,0,2.9735572622751856,1,1
84,15,61,2,0,9,1,6,0,0,0,1,0,0,0,2.9735572622751856,1,1
84,15,61,2,1,12,1,6,0,0,0,1,0,0,0,2.9735572622751856,1,1
84,15,61,2,2,7,1,6,0,0,0,1,0,0,0,2.9735572622751856,1,1
84,15,61,2,1,9,1,6,0,0,0,1,0,0,0,2.9735572622751856,1,1
84,15,61,2,1,9,1,6,0,0,0,1,0,0,0,2.9735572622751856,1,1
84,15,61,2,1,12,1,6,0,0,0,1,0,0,0,2.9735572622751856,1,1
84,15,61,2,1,9,1,6,0,0,0,1,0,0,0,2.9735572622751856,1,1
84,15,61,2,0,9,1,6,0,0,0,1,0,0,0,2.9735572622751856,1,1
84,15,61,2,0,11,1,6,0,0,0,1,0,0,0,2.9735572622751856,1,1
84,15,61,2,1,6,1,6,0,0,0,1,0,0,0,2.9735572622751856,1,1
84,15,61,2,2,5,1,6,0,0,0,1,0,0,0,2.9735572622751856,1,1
84,15,61,2,0,8,1,6,0,0,0,1,0,0,0,2.9735572622751856,1,1
46,7,2,3,1,2,3,6,1,0,0,1,0,0,0,2.2359263506290326,0,1
46,7,2,3,1,2,3,6,1,0,0,1,0,0,0,2.2359263506290326,0,1
26,11,7,1,1,2,1,3,0,0,0,1,0,0,0,3.2776134368191157,0,1
26,11,7,1,1,2,1,3,0,0,0,1,0,0,0,3.2776134368191157,0,1
65,52,1,2,0,0,2,3,1,0,0,1,0,0,0,4.2892074491938965,0,1
71,58,1,2,0,0,2,3,1,0,0,1,0,1,0,3.941852927717792,0,1
22,7,7,1,0,1,1,3,0,0,0,1,0,0,0,2.8073549220576037,0,1
21,6,7,1,1,1,1,3,0,0,0,1,0,0,0,2.584962500721156,0,1
23,8,7,2,0,1,1,3,0,0,0,1,0,0,0,2.5,0,1
22,7,7,1,0,2,1,3,0,0,0,1,0,0,0,2.8073549220576037,0,1
23,8,7,2,0,2,1,3,0,0,0,1,0,0,0,2.5,0,1
22,7,7,1,0,1,1,3,0,0,0,1,0,0,0,2.8073549220576037,0,1
21,6,7,1,1,0,1,3,0,0,0,1,0,0,0,2.584962500721156,0,1
22,7,7,1,0,0,1,3,0,0,0,1,0,0,0,2.8073549220576037,0,1
21,6,7,1,1,0,1,3,0,0,0,1,0,0,0,2.584962500721156,0,1
23,8,7,2,0,0,1,3,0,0,0,1,0,0,0,2.5,0,1
22,7,7,1,0,1,1,3,0,0,0,1,0,0,0,2.8073549220576037,0,1
21,6,7,1,1,1,1,3,0,0,0,1,0,0,0,2.584962500721156,0,1
23,8,7,2,0,1,1,3,0,0,0,1,0,0,0,2.5,0,1
23,8,7,2,0,0,1,3,0,0,0,1,0,0,0,2.5,0,1
21,6,7,1,1,1,1,3,0,0,0,1,0,0,0,2.584962500721156,0,1
22,7,7,1,0,0,1,3,0,0,0,1,0,0,0,2.8073549220576037,0,1
23,8,7,2,0,0,1,3,0,0,0,1,0,0,0,2.5,0,1
22,7,7,1,0,0,1,3,0,0,0,1,0,0,0,2.8073549220576037,0,1
23,8,7,2,0,1,1,3,0,0,0,1,0,0,0,2.5,0,1
22,7,7,1,0,0,1,3,0,0,0,1,0,0,0,2.8073549220576037,0,1
21,6,7,1,1,0,1,3,0,0,0,1,0,0,0,2.584962500721156,0,1
23,8,7,2,0,0,1,3,0,0,0,1,0,0,0,2.5,0,1
21,6,7,1,1,0,1,3,0,0,0,1,0,0,0,2.584962500721156,0,1
23,8,7,2,0,0,1,3,0,0,0,1,0,0,0,2.5,0,1
22,7,7,1,0,1,1,3,0,0,0,1,0,0,0,2.8073549220576037,0,1
21,6,7,1,1,1,1,3,0,0,0,1,0,0,0,2.584962500721156,0,1
23,8,7,2,0,1,1,3,0,0,0,1,0,0,0,2.5,0,1
22,7,7,1,0,1,1,3,0,0,0,1,0,0,0,2.8073549220576037,0,1
21,6,7,1,1,1,1,3,0,0,0,1,0,0,0,2.584962500721156,0,1
22,7,7,1,0,0,1,3,0,0,0,1,0,0,0,2.8073549220576037,0,1
21,6,7,1,1,0,1,3,0,0,0,1,0,0,0,2.584962500721156,0,1
23,8,7,2,0,0,1,3,0,0,0,1,0,0,0,2.5,0,1
22,7,7,1,0,0,1,3,0,0,0,1,0,0,0,2.8073549220576037,0,1
38,29,1,2,2,6,1,3,0,0,0,1,0,0,0,4.306256857196537,0,1
37,28,1,2,2,6,1,3,0,0,0,1,0,0,0,3.9677201004744993,0,1
40,31,1,2,2,6,1,3,0,0,0,1,0,0,0,3.784368487596862,0,1
36,27,1,2,2,6,1,3,0,0,0,1,0,0,0,3.856196298219379,0,1
53,40,5,2,1,0,1,3,0,0,0,1,0,0,0,3.768453957701922,0,1
29,20,1,2,0,2,1,3,0,0,0,1,0,0,0,3.684183719779189,1,1
48,30,10,2,2,1,1,3,0,0,0,1,0,0,0,3.707751647240616,1,1
36,27,1,2,0,1,1,3,0,0,0,1,0,0,0,3.782122224145305,1,1
32,23,1,2,0,0,1,3,0,0,0,1,0,0,0,3.708132064658601,1,1
42,33,1,2,2,6,1,3,0,0,0,1,0,0,0,4.165013816065912,0,1
37,28,1,2,0,0,1,3,0,0,0,1,0,0,0,3.9232517969803373,0,1
44,35,1,2,2,6,1,3,0,0,0,1,0,0,0,4.147439360470672,0,1
47,38,1,2,0,1,1,3,0,0,0,1,0,0,0,4.0407090139455,1,1
45,38,0,2,0,1,1,2,0,0,0,0,0,0,0,4.0407090139455,1,1
29,11,10,2,0,0,1,4,0,0,0,1,0,0,0,3.095795255000934,0,1
32,25,0,2,1,4,1,2,0,0,0,0,0,0,0,3.893660689688186,0,1
27,18,1,1,2,0,1,3,0,0,0,1,0,0,0,3.614369445886757,0,1
29,18,3,1,2,0,1,4,0,0,0,1,0,0,0,3.614369445886757,0,1
33,24,1,2,2,0,1,3,0,0,0,1,0,0,0,3.8868421881310113,1,1
30,21,1,2,1,0,1,3,0,0,0,1,0,0,0,3.6304126608739984,1,1
33,24,1,2,2,0,1,3,0,0,0,1,0,0,0,3.720175521464345,1,1
25,16,1,2,0,0,1,3,0,0,0,1,0,0,0,3.5,0,1
25,16,1,1,1,0,1,3,0,0,0,1,0,1,0,3.452819531114783,0,1
30,22,0,2,1,7,1,2,0,0,0,1,0,0,0,3.8796640049025943,0,1
38,30,0,2,1,7,1,2,0,0,0,1,0,0,0,4.053235913127292,0,1
31,23,0,2,1,2,1,2,0,0,0,1,0,0,0,3.795088586397732,0,1
40,32,0,2,0,6,1,2,0,0,0,1,0,0,0,3.9681390622295662,0,1
61,54,0,2,5,11,1,2,0,0,0,0,0,0,0,4.290191503463453,0,1
49,42,0,2,2,6,1,2,0,0,0,0,0,0,0,4.3593631850346135,0,1
29,13,8,1,0,0,1,4,0,0,0,1,0,0,0,3.3927474104487847,0,1
33,17,8,1,0,0,1,4,0,0,0,1,0,0,0,3.7345216647797512,0,1
29,13,8,1,0,0,1,4,0,0,0,1,0,0,0,3.0850551027564768,0,1
36,18,10,1,0,0,1,4,0,0,0,1,0,0,0,3.530493056757482,0,1
34,18,8,1,0,0,1,4,0,0,0,1,0,0,0,3.530493056757482,0,1
33,18,7,1,0,0,1,3,0,0,0,1,0,0,0,3.530493056757482,0,1
63,22,33,6,0,3,1,5,0,0,0,1,0,0,0,3.7544418457133455,0,1
64,22,34,6,0,3,1,5,0,0,0,1,0,0,0,3.7544418457133455,0,1
34,22,4,3,0,1,1,4,0,0,0,1,0,0,0,3.7544418457133455,0,1
46,22,16,4,0,3,1,4,0,0,0,1,0,0,0,3.7544418457133455,0,1
56,22,14,4,0,1,2,4,1,0,0,1,0,0,0,3.7544418457133455,0,1
46,22,16,3,0,3,1,5,0,0,0,1,0,0,0,3.7544418457133455,0,1
60,22,30,5,0,3,1,5,0,0,0,1,0,0,0,3.7544418457133455,0,1
40,31,1,2,3,0,1,3,0,0,0,1,0,0,0,4.131300342505361,1,1
52,43,1,2,0,0,1,3,0,0,0,1,0,0,0,3.7173358371354928,0,1
49,40,1,2,0,0,1,3,0,0,0,1,0,0,0,3.9128148954723554,0,1
46,37,1,2,2,3,1,3,0,0,0,1,0,0,0,4.026360459931184,1,1
37,28,1,2,0,0,1,3,0,0,0,1,0,1,0,3.8248629576173565,1,1
49,13,28,1,0,16,1,5,0,0,0,1,0,0,0,3.546593564294939,0,1
34,13,13,1,0,16,1,3,0,0,0,1,0,0,0,3.546593564294939,0,1
40,33,0,2,1,10,1,2,0,0,0,0,0,0,0,4.268344408011884,0,1
33,25,0,2,1,10,1,2,0,0,0,1,0,0,0,4.133660689688186,0,1
40,33,0,2,0,7,1,2,0,0,0,0,0,0,0,4.12728313431329,0,1
33,26,0,2,2,0,1,2,0,0,0,0,0,0,0,3.825251737288651,1,1
35,26,1,2,2,0,1,3,0,0,0,1,0,0,0,3.825251737288651,1,1
25,17,0,2,0,5,1,2,0,0,0,1,0,0,0,3.85216872360328,0,1
39,30,1,2,2,0,1,3,0,0,0,1,0,0,0,3.872905595320056,1,1
40,33,0,2,0,7,1,2,0,0,0,0,0,0,0,4.12728313431329,0,1
72,65,0,2,1,22,1,2,0,0,0,0,0,0,0,4.548668583154288,0,1
43,36,0,2,2,5,1,2,0,0,0,0,0,0,0,4.194385682587764,0,1
115,39,60,2,5,20,2,5,1,0,0,1,0,0,0,4.301696373308395,0,1
39,30,1,1,0,0,1,3,0,0,0,1,0,0,0,3.869576746316394,0,1
27,18,1,1,0,0,1,3,0,0,0,1,0,0,0,3.350209029099897,0,1
33,18,7,2,0,0,1,3,0,0,0,1,0,0,0,3.350209029099897,0,1
35,28,0,2,1,5,1,2,0,0,0,0,0,0,0,4.035582047970576,0,1
30,21,1,2,1,5,1,3,0,0,0,1,0,0,0,3.916126946588284,1,1
32,25,0,2,0,9,1,2,0,0,0,0,0,0,0,3.813660689688186,0,1
40,33,0,2,0,9,1,2,0,0,0,0,0,0,0,3.8848588918890474,0,1
43,36,0,2,1,7,1,2,0,0,0,0,0,0,0,4.228972140861001,0,1
40,33,0,2,1,5,1,2,0,0,0,0,0,0,0,4.210764573772789,0,1
33,25,0,2,1,10,1,2,0,0,0,1,0,0,0,4.023465189601647,0,1
32,23,1,1,1,0,1,3,0,0,0,1,0,0,0,3.7081320646586016,0,1
41,23,10,2,1,0,1,3,0,0,0,1,0,0,0,3.7081320646586016,0,1
38,31,0,2,1,2,1,2,0,0,0,0,0,0,0,3.925992988421481,0,1
25,13,4,1,1,0,1,3,0,0,0,1,0,0,0,3.0269868333592873,0,1
74,67,0,2,1,23,1,2,0,0,0,0,0,0,0,4.511537281227606,0,1
31,23,0,2,1,8,1,2,0,0,0,1,0,0,0,3.8492239123906247,0,1
40,33,0,2,1,10,1,2,0,0,0,0,0,0,0,4.184862968552385,0,1
36,28,0,2,1,5,1,2,0,0,0,1,0,0,0,3.9641534765420037,0,1
37,29,0,2,1,6,1,2,0,0,0,1,0,0,0,3.9748899442849233,0,1
50,43,0,2,2,6,1,2,0,0,0,0,0,0,0,4.200007639511387,0,1
43,36,0,2,2,5,1,2,0,0,0,0,0,0,0,4.194385682587764,0,1
39,30,1,1,1,0,1,3,0,0,0,1,0,0,0,3.777747162910945,0,1
46,30,8,1,1,0,1,3,0,0,0,1,0,0,0,3.777747162910945,0,1
38,22,8,2,1,0,1,4,0,0,0,1,0,0,0,3.481714572986073,1,1
35,26,1,3,0,6,1,3,0,0,0,1,0,0,0,3.902174814211728,1,1
37,22,7,2,1,0,1,3,0,0,0,1,0,0,0,3.481714572986073,1,1
34,25,1,1,1,0,1,3,0,0,0,1,0,0,0,3.573660689688186,0,1
43,25,10,2,1,0,1,3,0,0,0,1,0,0,0,3.573660689688186,0,1
144,11,3,1,0,73,3,3,2,0,0,1,0,0,0,3.095795255000934,0,1
25,11,6,1,0,0,1,3,0,0,0,1,0,0,0,3.2776134368191157,0,1
37,30,0,2,0,5,1,2,0,0,0,0,0,0,0,4.21506101220307,0,1
32,25,0,2,0,3,1,2,0,0,0,0,0,0,0,3.893660689688186,0,1
27,20,0,2,1,5,1,2,0,0,0,0,0,0,0,3.784183719779189,0,1
38,31,0,2,1,8,1,2,0,0,0,0,0,0,0,4.039211536948156,0,1
47,31,8,1,2,0,1,3,0,0,0,1,0,0,0,3.9535656649464275,0,1
47,31,8,1,2,0,1,3,0,0,0,1,0,0,0,3.9535656649464275,0,1
47,31,8,1,2,0,1,3,0,0,0,1,0,0,0,3.9535656649464275,0,1
45,31,6,1,2,0,1,3,0,0,0,1,0,1,0,3.9535656649464275,0,1
44,31,5,1,2,0,1,3,0,0,0,1,0,0,0,3.9535656649464275,0,1
35,11,16,1,0,8,1,4,0,0,0,1,0,0,1,2.913977073182752,0,1
46,37,1,2,3,4,1,3,0,0,0,1,0,1,0,4.15487093296263,0,1
26,19,0,2,1,4,1,2,0,0,0,0,0,0,0,3.787143960698139,0,1
31,24,0,2,0,0,1,2,0,0,0,0,0,1,0,3.6053885422075336,1,1
33,24,1,2,0,0,1,3,0,0,0,1,0,1,0,3.6053885422075336,1,1
36,27,1,2,0,5,1,3,0,0,0,1,0,0,0,3.7323082253324755,0,1
37,28,1,2,0,5,1,3,0,0,0,1,0,0,0,3.7498677622562897,0,1
45,37,0,2,0,7,1,2,0,0,0,1,0,0,0,4.216078027732641,0,1
53,15,30,1,2,0,1,4,0,0,0,1,0,0,1,3.773557262275186,0,1
23,14,1,1,1,0,1,3,0,0,0,1,0,0,0,3.521640636343318,0,1
37,14,15,2,1,0,1,4,0,0,0,1,0,0,0,3.521640636343318,0,1
38,14,16,2,1,0,1,4,0,0,0,1,0,0,0,3.521640636343318,0,1
35,16,11,1,0,0,1,3,0,0,0,1,0,0,0,3.875,0,1
32,23,1,1,2,0,1,3,0,0,0,1,0,0,0,3.9690016298759927,0,1
35,23,4,1,2,0,1,3,0,0,0,1,0,0,0,3.9690016298759927,0,1
37,23,6,1,2,0,1,3,0,0,0,1,0,1,0,3.9690016298759927,0,1
36,23,5,1,2,0,1,3,0,0,0,1,0,0,0,3.9690016298759927,0,1
36,23,5,1,2,0,1,3,0,0,0,1,0,0,0,3.9690016298759927,0,1
35,23,4,1,2,0,1,3,0,0,0,1,0,0,0,3.9690016298759927,0,1
31,22,1,2,1,0,1,3,0,0,0,1,0,0,0,3.447401504705915,0,1
29,22,0,2,1,0,1,2,0,0,0,0,0,0,0,3.447401504705915,0,1
41,19,14,2,2,0,1,4,0,0,0,1,0,0,0,3.2608281712244556,1,1
41,21,12,2,2,0,1,4,0,0,0,1,0,0,0,3.6897037321995474,1,1
42,22,12,2,2,0,1,4,0,0,0,1,0,0,0,3.481714572986073,1,1
41,19,14,2,2,0,1,4,0,0,0,1,0,0,0,3.2608281712244556,1,1
46,21,17,2,2,0,1,4,0,0,0,1,0,0,0,3.7849418274376427,1,1
37,16,13,2,1,0,1,4,0,0,0,1,0,0,0,3.125,1,1
39,19,12,2,2,0,1,4,0,0,0,1,0,0,0,3.2608281712244556,1,1
43,21,14,2,2,0,1,4,0,0,0,1,0,0,0,3.6897037321995474,1,1
40,20,12,2,1,0,1,4,0,0,0,1,0,0,0,3.1037016960573487,1,1
43,22,13,2,3,0,1,4,0,0,0,1,0,0,0,3.481714572986073,1,1
36,21,7,2,0,0,1,4,0,0,0,1,0,0,0,3.594465636961452,1,1
37,22,7,2,2,0,1,4,0,0,0,1,0,0,0,3.481714572986073,1,1
40,22,10,2,2,0,1,4,0,0,0,1,0,0,0,3.481714572986073,1,1
43,22,13,2,2,0,1,4,0,0,0,1,0,0,0,3.481714572986073,1,1
35,21,6,2,1,0,1,4,0,0,0,1,0,0,0,3.6897037321995474,1,1
40,22,10,2,2,0,1,4,0,0,0,1,0,0,0,3.481714572986073,1,1
36,16,12,2,1,0,1,4,0,0,0,1,0,0,0,3.1556390622295662,1,1
37,17,12,2,2,0,1,4,0,0,0,1,0,0,0,3.3371753411230767,1,1
41,21,12,2,1,0,1,4,0,0,0,1,0,0,0,3.594465636961452,1,1
30,21,1,1,2,0,1,3,0,0,0,1,0,0,0,3.558518613048906,0,1
77,40,6,2,3,18,2,4,1,0,0,1,0,0,0,4.3464393446710154,0,1
30,21,1,1,1,0,1,3,0,0,0,1,0,0,0,3.363286923996055,0,1
34,25,1,2,1,0,1,3,0,0,0,1,0,0,0,3.5092750707107134,0,1
41,21,12,2,1,0,1,3,0,0,0,1,0,0,0,3.363286923996055,0,1
58,21,29,2,2,0,1,3,0,0,0,1,0,0,0,3.363286923996055,0,1
46,21,17,2,2,0,1,3,0,0,0,1,0,0,0,3.363286923996055,0,1
33,17,8,1,0,0,1,4,0,0,0,1,0,0,0,3.4992275471326924,0,1
32,16,8,1,0,0,1,4,0,0,0,1,0,0,0,3.452819531114783,0,1
35,28,0,2,0,0,1,2,0,0,0,0,0,0,0,3.597558387024489,0,1
37,13,16,1,0,0,1,5,0,0,0,1,0,0,0,3.3927474104487847,0,1
36,13,15,1,0,0,1,4,0,0,0,1,0,0,0,3.3927474104487847,0,1
34,10,16,1,0,0,1,5,0,0,0,1,0,0,0,3.1219280948873624,0,1
41,19,14,2,0,0,1,5,0,0,0,1,0,0,0,3.431623565847431,0,1
40,18,14,2,0,0,1,5,0,0,0,1,0,0,0,3.8365916681089787,0,1
42,20,14,2,0,0,1,5,0,0,0,1,0,0,0,3.784183719779189,0,1
39,17,14,2,0,0,1,5,0,0,0,1,0,0,0,3.1751231351134606,0,1
40,18,14,2,0,0,1,5,0,0,0,1,0,0,0,3.5724312513221195,0,1
40,18,14,2,0,0,1,5,0,0,0,1,0,0,0,3.350209029099897,0,1
28,20,0,2,1,5,1,2,0,0,0,1,0,0,0,3.784183719779189,0,1
51,43,0,2,4,4,1,2,0,0,0,1,0,0,0,4.129184812590067,0,1
52,43,1,2,4,4,1,3,0,0,0,1,0,0,0,4.129184812590067,0,1
33,25,0,2,0,9,1,2,0,0,0,1,0,0,0,4.003856189774725,0,1
29,21,0,2,1,6,1,2,0,0,0,1,0,0,0,3.6537567082870015,0,1
46,17,8,1,0,4,2,3,1,0,0,1,0,0,0,3.572469458770135,0,1
35,26,1,1,1,3,2,3,0,0,0,1,1,0,0,3.657385276650179,0,1
29,22,0,1,1,0,1,2,0,0,0,0,0,0,0,3.3176400059662177,0,1
34,27,0,2,1,0,1,2,0,0,0,0,0,0,0,3.8804563734806234,1,1
36,27,1,2,1,0,1,3,0,0,0,1,0,0,0,3.8804563734806234,1,1
60,51,1,2,1,4,1,3,0,0,0,1,0,0,0,3.5785643152230544,1,1
38,29,1,2,1,0,1,3,0,0,0,1,0,1,0,3.7193758224153695,1,1
34,25,1,2,0,0,1,3,0,0,0,1,0,0,0,3.8438561897747245,1,1
33,24,1,2,1,0,1,3,0,0,0,1,0,0,0,3.8868421881310113,1,1
33,24,1,2,2,0,1,3,0,0,0,1,0,0,0,3.684560814286289,1,1
41,32,1,2,0,0,1,3,0,0,0,1,0,0,0,3.563307235905091,1,1
50,41,1,2,1,1,1,3,0,0,0,1,0,1,0,4.052044994000268,0,1
39,30,1,2,1,0,1,3,0,0,0,1,0,0,0,3.7348486136508465,1,1
40,31,1,2,0,0,1,3,0,0,0,1,0,0,0,3.861476859389223,1,1
48,39,1,2,0,0,1,3,0,0,0,1,0,0,0,3.8308110405750546,1,1
29,20,1,2,0,0,1,3,0,0,0,1,0,0,0,3.7219280948873625,1,1
40,31,1,2,0,3,1,3,0,0,0,1,0,0,0,4.026619294188054,1,1
43,34,1,2,2,2,1,3,0,0,0,1,0,0,0,4.256149238118268,1,1
43,34,1,2,2,0,1,3,0,0,0,1,0,0,0,3.799979385049829,0,1
37,28,1,2,0,0,1,3,0,0,0,1,0,0,0,3.9677201004744993,1,1
40,31,1,2,2,0,1,3,0,0,0,1,0,0,0,3.5862488279169815,1,1
37,28,1,2,1,2,1,3,0,0,0,1,0,0,0,3.8248629576173565,1,1
34,25,1,2,1,0,1,3,0,0,0,1,0,1,0,3.6692750707107136,1,1
42,33,1,2,0,0,1,3,0,0,0,1,0,0,0,3.7407713918234875,1,1
28,19,1,2,0,0,1,3,0,0,0,1,0,0,0,3.826874881864638,1,1
40,31,1,2,0,0,1,3,0,0,0,1,0,0,0,3.9621031651557956,1,1
38,29,1,2,1,0,1,3,0,0,0,1,0,1,0,3.935398667466763,1,1
32,23,1,2,0,1,1,3,0,0,0,1,0,1,0,3.762267390651494,1,1
37,28,1,2,0,0,1,3,0,0,0,1,0,0,0,3.767375797816042,1,1
38,29,1,2,0,0,1,3,0,0,0,1,0,0,0,3.9523029776623857,1,1
49,40,1,2,0,0,1,3,0,0,0,1,0,1,0,3.9373261452560087,1,1
47,38,1,2,0,0,1,3,0,0,0,1,0,0,0,3.850048158739276,1,1
33,24,1,2,0,0,1,3,0,0,0,1,0,1,0,3.918295834054489,1,1
41,32,1,2,2,5,1,3,0,0,0,1,0,0,0,4.077819531114783,1,1
43,34,1,2,0,0,1,3,0,0,0,1,0,0,0,3.782623783115037,1,1
36,27,1,2,0,0,1,3,0,0,0,1,0,0,0,3.81008102052173,1,1
29,20,1,2,0,0,1,3,0,0,0,1,0,0,0,3.584183719779189,1,1
40,31,1,2,0,2,1,3,0,0,0,1,0,0,0,3.91017927888364,1,1
39,30,1,2,0,2,1,3,0,0,0,1,0,0,0,3.961406329721843,1,1
37,28,1,2,1,0,1,3,0,0,0,1,0,0,0,3.9232517969803373,1,1
25,18,0,2,0,0,1,2,0,0,0,0,0,1,0,3.4613201402110083,0,1
27,18,1,2,0,0,1,3,0,0,0,1,0,1,0,3.4613201402110083,0,1
40,27,6,2,3,0,1,3,0,0,0,0,0,0,0,3.8659986132745794,1,1
42,27,7,2,3,0,1,4,0,0,0,1,0,0,0,3.8659986132745794,1,1
32,23,1,2,1,0,1,3,0,0,0,1,0,0,0,3.6211755429194707,1,1
38,29,1,2,1,0,1,3,0,0,0,1,0,0,0,3.8278326164749092,1,1
35,26,1,2,0,0,1,3,0,0,0,1,0,0,0,3.7483286603655745,0,1
47,38,1,2,2,5,1,3,0,0,0,1,0,0,0,4.251235329734975,1,1
26,17,1,2,1,2,1,3,0,0,0,1,0,0,0,3.7345216647797512,1,1
40,31,1,2,1,0,1,3,0,0,0,1,0,1,0,4.050970503935262,1,1
24,15,1,2,0,0,1,3,0,0,0,1,0,0,0,3.056564762130954,0,1
49,40,1,2,4,6,1,3,0,0,0,1,0,0,0,4.153055907333276,0,1
34,15,11,3,0,1,1,3,0,0,0,1,0,0,0,3.056564762130954,0,1
34,25,1,2,0,0,1,3,0,0,0,1,0,0,0,3.3190795706241745,0,1
39,30,1,2,1,1,1,3,0,0,0,1,0,0,0,3.894739663055176,0,1
49,30,11,3,1,1,1,3,0,0,0,1,0,0,0,3.894739663055176,0,1
28,19,1,1,1,0,1,3,0,0,0,1,0,0,0,3.6163485660751644,0,1
36,23,5,2,1,0,1,4,0,0,0,1,0,0,0,3.7081320646586016,0,1
32,23,1,2,1,0,1,3,0,0,0,1,0,0,0,3.7081320646586016,0,1
51,23,20,2,2,0,1,4,0,0,0,1,0,0,0,3.7081320646586016,0,1
41,23,10,2,1,0,1,4,0,0,0,1,0,1,0,3.7081320646586016,0,1
32,25,0,2,0,0,1,2,0,0,0,0,0,0,0,3.733660689688186,1,1
34,25,1,2,0,0,1,3,0,0,0,1,0,0,0,3.733660689688186,1,1
35,27,0,2,1,5,1,2,0,0,0,1,0,0,0,3.81008102052173,0,1
35,27,0,2,1,4,1,2,0,0,0,1,0,0,0,3.9545304475546974,0,1
48,39,1,2,4,4,1,3,0,0,0,1,0,0,0,4.233618885307021,1,1
53,31,14,3,1,1,1,3,0,0,0,1,0,0,0,3.8213119401041737,0,1
44,37,0,2,1,6,1,2,0,0,0,0,0,0,0,4.080414513985239,0,1
30,21,1,1,1,0,1,3,0,0,0,1,0,0,0,3.7849418274376427,0,1
64,39,17,5,4,7,1,3,0,0,0,1,0,0,0,3.8627370020580423,1,1
101,19,4,2,0,44,2,4,1,0,0,1,0,0,0,3.6818808028034025,0,1
38,19,11,2,0,0,1,3,0,0,0,1,0,0,0,3.326360407952694,0,1
55,46,1,2,2,8,1,3,0,0,0,1,0,0,0,4.311074184082723,1,1
26,19,0,2,0,1,1,2,0,0,0,0,0,0,0,3.826874881864638,1,1
28,19,1,2,0,1,1,3,0,0,0,1,0,0,0,3.826874881864638,1,1
74,39,27,2,5,0,1,5,0,0,0,1,0,1,0,3.884653744936846,1,1
60,27,26,5,4,3,1,4,0,0,0,0,0,0,0,3.930270372293453,1,1
57,16,34,2,3,0,1,9,0,0,0,0,0,0,0,3.202819531114783,0,1
56,16,33,2,3,0,1,8,0,0,0,0,0,0,0,3.202819531114783,0,1
25,10,7,1,0,3,1,3,0,0,0,1,0,0,0,3.1219280948873624,1,1
53,29,16,3,0,1,1,4,0,0,0,1,0,1,0,3.784897702756408,1,1
23,4,11,1,0,4,1,3,0,0,0,1,0,0,0,2.0,1,1
40,21,12,3,0,0,1,4,0,0,0,0,0,0,0,3.880179922675738,1,1
23,4,11,1,0,2,1,3,0,0,0,1,0,0,0,2.0,1,1
70,21,41,3,0,11,1,7,0,0,0,1,0,0,0,3.594465636961452,0,1
23,4,11,1,0,1,1,3,0,0,0,1,0,0,0,2.0,1,1
74,15,51,2,0,13,7,9,0,0,0,1,0,1,0,3.506890595608519,0,1
95,74,13,4,0,11,1,3,0,0,0,1,0,0,0,4.69541147350317,0,1
95,74,13,4,0,8,1,3,0,0,0,1,0,0,0,4.646632548172943,0,1
95,74,13,4,0,12,1,3,0,0,0,1,0,0,0,4.624880649869742,0,1
95,74,13,4,0,11,1,3,0,0,0,1,0,0,0,4.6173785341678,0,1
22,7,7,1,0,0,1,3,0,0,0,1,0,0,0,2.8073549220576037,0,1
21,6,7,1,1,0,1,3,0,0,0,1,0,0,0,2.584962500721156,0,1
21,6,7,1,1,2,1,3,0,0,0,1,0,0,0,2.584962500721156,0,1
23,8,7,2,0,0,1,3,0,0,0,1,0,0,0,2.5,0,1
23,8,7,2,0,2,1,3,0,0,0,1,0,0,0,2.5,0,1
79,15,56,2,0,10,1,5,0,0,0,1,0,0,0,2.9735572622751856,1,1
84,15,61,2,0,10,1,6,0,0,0,1,0,0,0,2.9735572622751856,1,1
84,15,61,2,1,10,1,6,0,0,0,1,0,0,0,2.9735572622751856,1,1
84,15,61,2,0,9,1,6,0,0,0,1,0,0,0,2.9735572622751856,1,1
84,15,61,2,1,7,1,6,0,0,0,1,0,0,0,2.9735572622751856,1,1
84,15,61,2,1,8,1,6,0,0,0,1,0,0,0,2.9735572622751856,1,1
31,13,10,1,0,0,1,4,0,0,0,1,0,0,0,3.334679141051595,0,1
26,11,7,1,1,1,1,3,0,0,0,1,0,0,0,3.2776134368191157,0,1
46,7,2,3,1,1,3,6,1,0,0,1,0,0,0,2.2359263506290326,0,1
66,51,7,2,0,0,1,3,0,0,0,1,0,1,0,4.007839989234611,0,1
22,7,7,1,0,1,1,3,0,0,0,1,0,0,0,2.8073549220576037,0,1
22,7,7,1,0,1,1,3,0,0,0,1,0,0,0,2.8073549220576037,0,1
22,7,7,1,0,0,1,3,0,0,0,1,0,0,0,2.8073549220576037,0,1
22,7,7,1,0,0,1,3,0,0,0,1,0,0,0,2.8073549220576037,0,1
22,7,7,1,0,0,1,3,0,0,0,1,0,0,0,2.8073549220576037,0,1
22,7,7,1,0,1,1,3,0,0,0,1,0,0,0,2.8073549220576037,0,1
22,7,7,1,0,0,1,3,0,0,0,1,0,0,0,2.8073549220576037,0,1
22,7,7,1,0,1,1,3,0,0,0,1,0,0,0,2.8073549220576037,0,1
22,7,7,1,0,0,1,3,0,0,0,1,0,0,0,2.8073549220576037,0,1
22,7,7,1,0,0,1,3,0,0,0,1,0,0,0,2.8073549220576037,0,1
22,7,7,1,0,0,1,3,0,0,0,1,0,0,0,2.8073549220576037,0,1
22,7,7,1,0,0,1,3,0,0,0,1,0,0,0,2.8073549220576037,0,1
22,7,7,1,0,1,1,3,0,0,0,1,0,0,0,2.8073549220576037,0,1
22,7,7,1,0,1,1,3,0,0,0,1,0,0,0,2.8073549220576037,0,1
28,7,13,1,0,0,1,3,0,0,0,1,0,0,0,2.8073549220576037,0,1
22,7,7,1,0,0,1,3,0,0,0,1,0,0,0,2.8073549220576037,0,1
22,7,7,1,0,0,1,3,0,0,0,1,0,0,0,2.8073549220576037,0,1
22,7,7,1,0,0,1,3,0,0,0,1,0,0,0,2.8073549220576037,0,1
22,7,7,1,0,2,1,3,0,0,0,1,0,0,0,2.8073549220576037,0,1
22,7,7,1,0,0,1,3,0,0,0,1,0,0,0,2.8073549220576037,0,1
22,7,7,1,0,0,1,3,0,0,0,1,0,0,0,2.8073549220576037,0,1
22,7,7,1,0,0,1,3,0,0,0,1,0,0,0,2.8073549220576037,0,1
22,7,7,1,0,0,1,3,0,0,0,1,0,0,0,2.8073549220576037,0,1
22,7,7,1,0,1,1,3,0,0,0,1,0,0,0,2.8073549220576037,0,1
22,7,7,1,0,0,1,3,0,0,0,1,0,0,0,2.8073549220576037,0,1
22,7,7,1,0,0,1,3,0,0,0,1,0,0,0,2.8073549220576037,0,1
22,7,7,1,0,0,1,3,0,0,0,1,0,0,0,2.8073549220576037,0,1
22,7,7,1,0,1,1,3,0,0,0,1,0,0,0,2.8073549220576037,0,1
22,7,7,1,0,1,1,3,0,0,0,1,0,0,0,2.8073549220576037,0,1
22,7,7,1,0,0,1,3,0,0,0,1,0,0,0,2.8073549220576037,0,1
22,7,7,1,0,1,1,3,0,0,0,1,0,0,0,2.8073549220576037,0,1
22,7,7,1,0,1,1,3,0,0,0,1,0,0,0,2.8073549220576037,0,1
22,7,7,1,0,1,1,3,0,0,0,1,0,0,0,2.8073549220576037,0,1
22,7,7,1,0,1,1,3,0,0,0,1,0,0,0,2.8073549220576037,0,1
22,7,7,1,0,0,1,3,0,0,0,1,0,0,0,2.8073549220576037,0,1
22,7,7,1,0,1,1,3,0,0,0,1,0,0,0,2.8073549220576037,0,1
22,7,7,1,0,1,1,3,0,0,0,1,0,0,0,2.8073549220576037,0,1
22,7,7,1,0,0,1,3,0,0,0,1,0,0,0,2.8073549220576037,0,1
22,7,7,1,0,0,1,3,0,0,0,1,0,0,0,2.8073549220576037,0,1
21,6,7,1,1,0,1,3,0,0,0,1,0,0,0,2.584962500721156,0,1
21,6,7,1,1,0,1,3,0,0,0,1,0,0,0,2.584962500721156,0,1
21,6,7,1,1,0,1,3,0,0,0,1,0,0,0,2.584962500721156,0,1
21,6,7,1,1,1,1,3,0,0,0,1,0,0,0,2.584962500721156,0,1
21,6,7,1,1,1,1,3,0,0,0,1,0,0,0,2.584962500721156,0,1
21,6,7,1,1,1,1,3,0,0,0,1,0,0,0,2.584962500721156,0,1
21,6,7,1,1,0,1,3,0,0,0,1,0,0,0,2.584962500721156,0,1
21,6,7,1,1,0,1,3,0,0,0,1,0,0,0,2.584962500721156,0,1
21,6,7,1,1,1,1,3,0,0,0,1,0,0,0,2.584962500721156,0,1
21,6,7,1,1,1,1,3,0,0,0,1,0,0,0,2.584962500721156,0,1
21,6,7,1,1,0,1,3,0,0,0,1,0,0,0,2.584962500721156,0,1
21,6,7,1,1,0,1,3,0,0,0,1,0,0,0,2.584962500721156,0,1
27,6,13,1,1,0,1,3,0,0,0,1,0,0,0,2.584962500721156,0,1
21,6,7,1,1,0,1,3,0,0,0,1,0,0,0,2.584962500721156,0,1
21,6,7,1,1,0,1,3,0,0,0,1,0,0,0,2.584962500721156,0,1
21,6,7,1,1,0,1,3,0,0,0,1,0,0,0,2.584962500721156,0,1
21,6,7,1,1,0,1,3,0,0,0,1,0,0,0,2.584962500721156,0,1
21,6,7,1,1,0,1,3,0,0,0,1,0,0,0,2.584962500721156,0,1
21,6,7,1,1,0,1,3,0,0,0,1,0,0,0,2.584962500721156,0,1
21,6,7,1,1,0,1,3,0,0,0,1,0,0,0,2.584962500721156,0,1
21,6,7,1,1,0,1,3,0,0,0,1,0,0,0,2.584962500721156,0,1
21,6,7,1,1,1,1,3,0,0,0,1,0,0,0,2.584962500721156,0,1
21,6,7,1,1,1,1,3,0,0,0,1,0,0,0,2.584962500721156,0,1
21,6,7,1,1,1,1,3,0,0,0,1,0,0,0,2.584962500721156,0,1
21,6,7,1,1,1,1,3,0,0,0,1,0,0,0,2.584962500721156,0,1
21,6,7,1,1,1,1,3,0,0,0,1,0,0,0,2.584962500721156,0,1
21,6,7,1,1,0,1,3,0,0,0,1,0,0,0,2.584962500721156,0,1
21,6,7,1,1,1,1,3,0,0,0,1,0,0,0,2.584962500721156,0,1
21,6,7,1,1,1,1,3,0,0,0,1,0,0,0,2.584962500721156,0,1
21,6,7,1,1,0,1,3,0,0,0,1,0,0,0,2.584962500721156,0,1
23,8,7,2,0,1,1,3,0,0,0,1,0,0,0,2.5,0,1
21,6,7,1,1,0,1,3,0,0,0,1,0,0,0,2.584962500721156,0,1
21,6,7,1,1,1,1,3,0,0,0,1,0,0,0,2.584962500721156,0,1
21,6,7,1,1,1,1,3,0,0,0,1,0,0,0,2.584962500721156,0,1
23,8,7,2,0,0,1,3,0,0,0,1,0,0,0,2.5,0,1
23,8,7,2,0,0,1,3,0,0,0,1,0,0,0,2.5,0,1
23,8,7,2,0,0,1,3,0,0,0,1,0,0,0,2.5,0,1
23,8,7,2,0,1,1,3,0,0,0,1,0,0,0,2.5,0,1
23,8,7,2,0,1,1,3,0,0,0,1,0,0,0,2.5,0,1
23,8,7,2,0,0,1,3,0,0,0,1,0,0,0,2.5,0,1
23,8,7,2,0,0,1,3,0,0,0,1,0,0,0,2.5,0,1
23,8,7,2,0,1,1,3,0,0,0,1,0,0,0,2.5,0,1
23,8,7,2,0,0,1,3,0,0,0,1,0,0,0,2.5,0,1
23,8,7,2,0,0,1,3,0,0,0,1,0,0,0,2.5,0,1
23,8,7,2,0,0,1,3,0,0,0,1,0,0,0,2.5,0,1
23,8,7,2,0,0,1,3,0,0,0,1,0,0,0,2.5,0,1
23,8,7,2,0,0,1,3,0,0,0,1,0,0,0,2.5,0,1
23,8,7,2,0,0,1,3,0,0,0,1,0,0,0,2.5,0,1
29,8,13,2,0,0,1,3,0,0,0,1,0,0,0,2.5,0,1
23,8,7,2,0,0,1,3,0,0,0,1,0,0,0,2.5,0,1
23,8,7,2,0,1,1,3,0,0,0,1,0,0,0,2.5,0,1
23,8,7,2,0,0,1,3,0,0,0,1,0,0,0,2.5,0,1
23,8,7,2,0,0,1,3,0,0,0,1,0,0,0,2.5,0,1
23,8,7,2,0,0,1,3,0,0,0,1,0,0,0,2.5,0,1
23,8,7,2,0,0,1,3,0,0,0,1,0,0,0,2.5,0,1
23,8,7,2,0,1,1,3,0,0,0,1,0,0,0,2.5,0,1
23,8,7,2,0,1,1,3,0,0,0,1,0,0,0,2.5,0,1
23,8,7,2,0,1,1,3,0,0,0,1,0,0,0,2.5,0,1
23,8,7,2,0,1,1,3,0,0,0,1,0,0,0,2.5,0,1
23,8,7,2,0,1,1,3,0,0,0,1,0,0,0,2.5,0,1
23,8,7,2,0,1,1,3,0,0,0,1,0,0,0,2.5,0,1
23,8,7,2,0,0,1,3,0,0,0,1,0,0,0,2.5,0,1
23,8,7,2,0,1,1,3,0,0,0,1,0,0,0,2.5,0,1
23,8,7,2,0,0,1,3,0,0,0,1,0,0,0,2.5,0,1
23,8,7,2,0,0,1,3,0,0,0,1,0,0,0,2.5,0,1
38,29,1,2,1,6,1,3,0,0,0,1,0,0,0,4.21126073643228,0,1
40,24,8,2,1,6,1,3,0,0,0,1,0,0,0,3.970175521464345,0,1
40,31,1,2,2,6,1,3,0,0,0,1,0,0,0,4.091135423220312,0,1
37,28,1,2,0,1,1,3,0,0,0,1,0,0,0,3.838804369244613,1,1
45,36,1,2,2,6,1,3,0,0,0,1,0,0,0,4.065079515030719,0,1
44,35,1,2,2,6,1,3,0,0,0,1,0,0,0,4.207435516759526,0,1
40,24,8,2,1,1,1,3,0,0,0,1,0,0,0,3.736440501696144,0,1
37,22,7,2,0,2,1,3,0,0,0,1,0,0,0,3.936260027531527,1,1
41,32,1,2,2,6,1,3,0,0,0,1,0,0,0,4.163909765557392,0,1
36,28,0,2,2,6,1,2,0,0,0,1,0,0,0,3.9677201004744993,0,1
42,33,1,2,2,6,1,3,0,0,0,1,0,0,0,4.392582755590971,0,1
53,44,1,2,5,0,1,3,0,0,0,1,0,0,0,3.8713792781616787,0,1
41,32,1,2,2,6,1,3,0,0,0,1,0,0,0,4.265319531114783,0,1
42,33,1,2,2,6,1,3,0,0,0,1,0,0,0,4.0895524525606675,0,1
39,23,8,2,1,0,1,3,0,0,0,1,0,0,0,3.7081320646586016,0,1
31,23,0,2,0,0,1,2,0,0,0,1,0,0,0,3.708132064658601,1,1
28,19,1,2,0,0,1,3,0,0,0,1,0,0,0,3.300559092390954,1,1
37,28,1,2,2,6,1,3,0,0,0,1,0,0,0,4.039148671903071,0,1
47,38,1,2,2,6,1,3,0,0,0,1,0,0,0,4.113206053476119,0,1
42,33,1,2,2,6,1,3,0,0,0,1,0,0,0,4.392582755590971,0,1
30,21,1,2,0,0,1,3,0,0,0,1,0,0,0,3.8208888513501886,1,1
54,45,1,2,5,2,1,3,0,0,0,1,0,0,0,4.127762474435138,0,1
42,33,1,2,2,6,1,3,0,0,0,1,0,0,0,4.47606419505047,0,1
36,27,1,2,0,0,1,3,0,0,0,1,0,0,0,3.287863780888031,1,1
41,25,8,2,1,2,1,3,0,0,0,1,0,0,0,4.053660689688186,0,1
45,36,1,2,2,6,1,3,0,0,0,1,0,0,0,4.231746181697386,0,1
42,26,8,2,1,5,1,3,0,0,0,1,0,0,0,4.180832987205441,0,1
38,22,8,2,0,3,1,3,0,0,0,1,0,0,0,3.8796640049025943,1,1
41,32,1,2,2,6,1,3,0,0,0,1,0,0,0,3.8789280318460246,0,1
39,30,1,2,2,6,1,3,0,0,0,1,0,0,0,4.148394345536404,0,1
58,18,21,2,1,0,2,4,1,0,0,1,0,0,0,3.266332639970623,0,1
26,18,1,1,0,0,1,3,0,0,0,0,0,0,0,3.266332639970623,0,1
27,19,0,2,1,4,1,2,0,0,0,1,0,0,0,3.787143960698139,0,1
38,31,0,2,0,9,1,2,0,0,0,0,0,0,0,4.180002761999778,0,1
44,36,0,2,1,7,1,2,0,0,0,1,0,0,0,4.228972140861001,0,1
32,25,0,2,0,9,1,2,0,0,0,0,0,0,0,3.973660689688186,0,1
43,36,0,2,2,5,1,2,0,0,0,0,0,0,0,4.249941238143319,0,1
40,33,0,2,0,9,1,2,0,0,0,0,0,0,0,4.0060710131011685,0,1
45,38,0,2,2,6,1,2,0,0,0,0,0,0,0,4.221097250057957,0,1
47,39,1,2,2,8,1,3,0,0,0,0,0,0,0,4.262984193710269,0,1
45,37,1,2,2,6,1,3,0,0,0,0,0,0,0,4.206225920256957,0,1
50,42,1,2,2,12,1,3,0,0,0,0,0,0,0,4.442929256566208,0,1
46,39,0,2,2,8,1,2,0,0,0,0,0,0,0,4.262984193710269,0,1
49,42,0,2,2,12,1,2,0,0,0,0,0,0,0,4.442929256566208,0,1
41,34,0,2,0,3,1,2,0,0,0,0,0,0,0,4.359377914716119,0,1
35,16,11,1,0,2,1,3,0,0,0,1,0,0,0,3.875,0,1
32,23,1,2,0,0,1,3,0,0,0,1,0,0,0,3.729446194905256,0,1
31,22,1,2,0,0,1,3,0,0,0,1,0,0,0,3.4251185503571397,0,1
28,19,1,2,0,0,1,3,0,0,0,1,0,0,0,3.471354487013929,0,1
43,19,16,2,0,0,1,5,0,0,0,1,0,0,0,3.6818808028034025,0,1
39,32,0,2,0,5,1,2,0,0,0,0,0,0,0,3.875,0,1
54,47,0,2,2,15,1,2,0,0,0,0,0,0,0,4.335775819440525,0,1
41,34,0,2,1,11,1,2,0,0,0,0,0,0,0,4.253212018409155,0,1
33,26,0,2,1,11,1,2,0,0,0,0,0,0,0,4.103909910282364,0,1
56,23,11,4,1,0,3,3,1,0,1,1,0,0,0,3.8492239123906247,0,1
27,20,0,2,1,5,1,2,0,0,0,0,0,0,0,3.8841837197791893,0,1
36,28,0,2,1,6,1,2,0,0,0,1,0,0,0,3.8248629576173565,0,1
33,26,0,2,1,11,1,2,0,0,0,0,0,0,0,4.132944044980959,0,1
42,34,0,2,1,11,1,2,0,0,0,1,0,0,0,4.275414592002198,0,1
28,12,8,1,1,0,1,3,0,0,0,1,0,0,0,3.084962500721156,0,1
44,37,0,2,2,6,1,2,0,0,0,0,0,0,0,4.206225920256957,0,1
41,34,0,2,0,9,1,2,0,0,0,0,0,0,0,4.135564959585625,0,1
42,35,0,2,0,3,1,2,0,0,0,0,0,0,0,4.093149802473811,0,1
122,48,32,4,2,16,3,4,1,0,1,1,0,0,0,4.113521032323433,0,1
105,48,15,5,1,8,3,4,1,0,1,1,0,0,0,4.113521032323433,0,1
233,25,16,2,0,32,3,4,2,0,0,1,0,0,0,3.6390795706241748,0,1
235,25,16,2,0,33,4,4,2,0,0,1,0,0,0,3.6390795706241748,0,1
35,17,10,1,0,2,1,3,0,0,0,1,0,0,0,3.219528282299547,0,1
23,14,1,1,1,0,1,3,0,0,0,1,0,0,0,3.3787834934861753,0,1
34,14,12,2,1,0,1,3,0,0,0,1,0,0,0,3.3787834934861753,0,1
62,18,22,2,0,15,2,5,0,0,0,1,0,1,0,3.2810361125534233,0,1
42,11,23,1,0,14,1,5,0,0,0,1,0,0,1,2.913977073182752,0,1
36,15,13,1,0,0,1,5,0,0,0,1,0,0,0,3.3735572622751855,0,1
774,20,7,4,28,178,15,3,5,0,0,1,0,0,0,3.784183719779189,1,1
25,17,0,1,0,0,1,2,0,0,0,1,0,0,0,3.146286370662104,0,1
39,26,6,2,0,0,1,3,0,0,0,0,0,0,0,3.6902603909683847,0,1
28,20,1,2,0,2,1,3,0,0,0,0,0,0,0,3.684183719779189,0,1
37,29,1,2,1,2,1,3,0,0,0,0,0,0,0,3.9523029776623857,0,1
26,17,1,1,0,0,1,3,0,0,0,1,0,0,1,3.6901165175936645,0,1
24,17,0,1,0,0,1,2,0,0,0,0,0,0,1,3.6901165175936645,0,1
43,18,17,1,1,0,1,6,0,0,0,1,0,0,0,3.5032583347756456,0,1
28,17,3,1,0,0,1,3,0,0,0,1,0,0,0,3.616874605956222,0,1
88,23,49,4,0,25,4,4,0,0,1,1,0,0,0,3.6211755429194707,0,1
32,20,4,1,0,0,1,4,0,0,0,1,0,0,0,3.521928094887363,0,1
31,20,4,1,0,0,1,4,0,0,0,0,0,0,0,3.8219280948873626,0,1
22,13,1,2,0,0,1,3,0,0,0,1,0,0,0,3.238901256602631,0,1
20,11,1,1,0,0,1,3,0,0,0,1,0,0,1,3.4594316186372973,0,1
24,15,1,2,0,0,1,3,0,0,0,1,0,0,1,3.456564762130954,0,1
21,12,1,1,0,0,1,3,0,0,0,1,0,0,0,3.0220552088742005,0,1
25,16,1,2,0,0,1,3,0,0,0,1,0,0,0,3.1556390622295662,0,1
20,11,1,1,0,0,1,3,0,0,0,1,0,0,0,3.095795255000934,0,1
24,15,1,2,0,0,1,3,0,0,0,1,0,0,0,3.1898980954642875,0,1
19,10,1,1,0,0,1,3,0,0,0,1,0,0,0,3.1219280948873624,0,1
23,14,1,2,0,0,1,3,0,0,0,1,0,0,0,3.1820058147602133,0,1
37,27,1,1,0,1,2,3,0,0,0,1,0,0,0,3.9121138909722286,0,1
32,23,1,1,2,0,1,3,0,0,0,1,0,0,0,3.8820451081368623,0,1
36,27,1,2,2,0,1,3,0,0,0,1,0,0,0,3.9582291686698783,0,1
53,45,0,2,1,7,1,2,0,0,0,1,0,0,0,4.0810987973215855,0,1
33,24,1,1,1,0,1,3,0,0,0,1,0,0,0,3.5220552088742005,0,1
38,24,6,1,1,0,1,3,0,0,0,1,0,1,0,3.5220552088742005,0,1
40,24,8,1,1,0,1,3,0,0,0,1,0,0,0,3.5220552088742005,0,1
40,24,8,1,1,0,1,3,0,0,0,1,0,0,0,3.5220552088742005,0,1
40,24,8,1,1,0,1,3,0,0,0,1,0,0,0,3.5220552088742005,0,1
37,24,5,1,1,0,1,3,0,0,0,1,0,0,0,3.5220552088742005,0,1
35,28,0,2,0,8,1,2,0,0,0,0,0,0,0,4.021640636343318,0,1
41,21,12,2,2,0,1,4,0,0,0,1,0,0,0,3.558518613048906,1,1
44,23,13,2,3,0,1,4,0,0,0,1,0,0,0,3.6753108689123635,1,1
43,22,13,2,3,0,1,4,0,0,0,1,0,0,0,3.788754913993503,1,1
46,24,14,2,3,0,1,4,0,0,0,1,0,0,0,3.6368421881310113,1,1
37,18,11,2,1,0,1,4,0,0,0,1,0,0,0,3.4613201402110083,1,1
41,32,1,3,2,2,1,3,0,0,0,1,0,0,0,3.9056390622295662,1,1
33,24,1,1,0,0,1,3,0,0,0,1,0,0,0,3.625814583693911,0,1
38,24,6,1,0,0,1,3,0,0,0,1,0,0,0,3.625814583693911,0,1
138,27,103,2,14,23,7,5,0,0,0,1,0,0,0,3.81008102052173,0,1
30,21,1,2,1,0,1,3,0,0,0,1,0,1,0,3.6304126608739984,0,1
80,29,43,2,4,11,1,5,0,0,0,1,0,0,0,4.017824858003424,0,1
34,18,8,1,0,0,1,4,0,0,0,1,0,0,0,3.6835423624332306,0,1
28,12,8,1,0,0,1,4,0,0,0,1,0,0,0,3.4182958340544896,0,1
31,15,8,1,0,0,1,4,0,0,0,1,0,0,0,3.506890595608519,0,1
29,13,8,1,0,0,1,4,0,0,0,1,0,0,0,3.180832987205441,0,1
45,36,1,2,5,1,1,3,0,0,0,1,0,0,0,4.027719015921097,0,1
41,32,1,1,5,1,1,3,0,0,0,1,0,0,0,3.9261085007312415,0,1
47,32,7,1,5,1,1,3,0,0,0,1,0,0,0,3.9261085007312415,0,1
48,26,14,3,2,2,1,3,0,0,0,1,0,0,0,3.6612262562697895,0,1
38,31,0,2,1,11,1,2,0,0,0,0,0,0,0,4.324848729602135,0,1
46,39,0,2,1,11,1,2,0,0,0,0,0,0,0,4.436186437355485,0,1
42,16,18,1,2,0,1,4,0,0,0,1,0,0,0,3.452819531114783,0,1
26,17,1,1,1,0,1,3,0,0,0,1,0,0,0,3.616874605956222,0,1
35,17,10,2,1,0,1,3,0,0,0,1,0,0,0,3.616874605956222,0,1
64,16,9,2,0,13,4,3,3,0,0,1,0,0,0,3.327819531114783,0,1
45,30,7,2,1,0,1,3,0,0,0,1,0,0,0,3.961406329721843,0,1
27,18,1,1,1,0,1,3,0,0,0,1,0,0,0,3.7254805569978675,0,1
37,18,11,2,1,0,1,3,0,0,0,1,0,0,0,3.4613201402110083,0,1
24,8,8,1,0,3,1,4,0,0,0,1,0,0,0,3.0,0,1
60,42,10,4,8,1,1,3,0,0,0,1,0,0,0,4.052682601195655,0,1
83,42,26,5,8,4,2,5,1,0,0,1,0,0,0,4.052682601195655,0,1
77,42,27,5,8,4,1,5,0,0,0,1,0,1,0,4.052682601195655,0,1
113,24,81,1,0,31,4,6,0,0,0,1,0,0,0,3.5943609377704333,0,1
33,24,1,1,0,0,1,3,0,0,0,1,0,0,0,3.5943609377704333,0,1
112,24,80,1,0,31,4,5,0,0,0,1,0,0,0,3.5943609377704333,0,1
35,16,11,1,0,6,1,3,0,0,0,1,0,0,0,3.452819531114783,0,1
77,26,16,3,0,1,3,3,2,0,0,1,0,0,0,3.5364142371222305,0,1
42,22,12,2,2,0,1,4,0,0,0,1,0,0,0,3.788754913993503,1,1
38,21,9,2,0,0,1,4,0,0,0,1,0,0,0,3.594465636961452,1,1
41,19,14,2,1,0,1,4,0,0,0,1,0,0,0,3.5766176449086657,1,1
35,19,8,2,2,0,1,4,0,0,0,1,0,0,0,3.6818808028034025,1,1
37,21,8,2,0,0,1,4,0,0,0,1,0,0,0,3.594465636961452,1,1
19,12,0,1,0,0,1,2,0,0,0,0,0,0,0,3.0220552088742005,0,1
21,12,1,1,0,0,1,3,0,0,0,1,0,0,0,3.0220552088742005,0,1
23,13,2,1,2,0,1,3,0,0,0,1,0,0,0,3.0269868333592873,0,1
22,13,1,1,2,0,1,3,0,0,0,1,0,0,0,3.0269868333592873,0,1
35,22,1,2,0,1,2,3,1,0,0,1,0,0,0,3.788754913993503,0,1
33,24,1,2,2,0,1,3,0,0,0,1,0,0,0,3.6368421881310113,1,1
60,49,3,2,5,15,1,3,0,0,0,1,0,0,0,4.416157681804993,1,1
26,17,1,2,0,6,1,3,0,0,0,1,0,0,1,3.616874605956222,0,1
31,22,1,2,1,1,1,3,0,0,0,1,0,0,0,3.970573095811685,0,1
30,21,1,2,0,0,1,3,0,0,0,1,0,0,0,3.594465636961452,1,1
34,25,1,2,0,0,1,3,0,0,0,1,0,1,0,3.7834651896016473,1,1
33,24,1,2,0,0,1,3,0,0,0,1,0,0,0,3.6053885422075336,1,1
30,21,1,2,0,0,1,3,0,0,0,1,0,1,0,3.916126946588284,0,1
31,24,0,2,0,8,1,2,0,0,0,0,0,0,0,4.001629167387822,0,1
36,27,1,2,0,0,1,3,0,0,0,1,0,1,0,3.9121138909722286,0,1
27,18,1,1,0,0,1,3,0,0,0,1,0,1,0,3.7254805569978675,0,1
40,31,1,2,2,4,1,3,0,0,0,1,0,0,0,3.9621031651557956,1,1
33,24,1,2,0,0,1,3,0,0,0,1,0,0,0,3.7516291673878226,1,1
29,16,1,2,0,3,2,3,1,0,0,1,0,1,0,3.625,0,1
39,32,0,2,0,8,1,2,0,0,0,0,0,0,0,4.015319531114783,0,1
39,32,0,2,0,10,1,2,0,0,0,0,0,0,0,4.0121987351738495,0,1
31,24,0,2,0,10,1,2,0,0,0,0,0,0,0,3.8035088547976783,0,1
41,33,0,2,0,9,1,2,0,0,0,1,0,0,0,3.8471282101364253,0,1
32,25,0,2,0,9,1,2,0,0,0,0,0,0,0,3.763856189774725,0,1
40,31,1,2,0,0,1,3,0,0,0,1,0,0,0,3.84888461662912,0,1
29,21,0,2,1,6,1,2,0,0,0,1,0,0,0,3.880179922675738,0,1
44,36,0,2,1,7,1,2,0,0,0,1,0,0,0,4.173416585305445,0,1
37,29,0,2,1,6,1,2,0,0,0,1,0,0,0,4.112820978767682,0,1
37,29,0,2,1,6,1,2,0,0,0,1,0,0,0,3.9748899442849233,0,1
30,13,10,2,0,0,1,3,0,0,0,0,0,0,0,3.0269868333592873,0,1
54,9,37,2,3,0,1,5,0,0,0,1,0,0,0,2.6416041678685938,0,1
37,13,16,1,0,0,1,5,0,0,0,1,0,0,0,3.238901256602631,0,1
82,26,9,3,0,28,2,3,1,0,0,1,0,0,0,3.6423714487439023,0,1
108,45,8,3,4,8,3,3,2,0,0,1,0,0,0,4.311421641246036,1,1
112,45,8,3,5,8,3,3,2,0,0,1,0,0,0,4.311421641246036,1,1
63,45,10,3,4,4,1,3,0,0,0,1,0,0,0,4.311421641246036,1,1
108,45,8,3,4,8,3,3,2,0,0,1,0,0,0,4.311421641246036,1,1
112,45,8,3,5,6,3,3,2,0,0,1,0,0,0,4.311421641246036,1,1
26,17,1,2,0,4,1,3,0,0,0,1,0,0,0,3.616874605956222,1,1
34,25,1,2,0,4,1,3,0,0,0,1,0,0,0,3.973660689688186,1,1
37,28,1,2,2,0,1,3,0,0,0,1,0,0,0,3.9232517969803373,1,1
45,36,1,2,2,0,1,3,0,0,0,1,0,0,0,4.138830127032208,1,1
26,17,1,2,0,0,1,3,0,0,0,1,0,0,0,3.2195282822995472,1,1
34,25,1,2,0,0,1,3,0,0,0,1,0,0,0,3.623465189601647,1,1
33,24,1,2,0,0,1,3,0,0,0,1,0,0,0,3.5697738350294776,1,1
41,32,1,2,0,0,1,3,0,0,0,1,0,0,0,3.715018266288633,1,1
23,14,1,2,0,0,1,3,0,0,0,1,0,0,0,3.3787834934861753,1,1
31,22,1,2,0,0,1,3,0,0,0,1,0,0,0,3.8796640049025943,1,1
34,25,1,2,1,10,1,3,0,0,0,1,0,0,0,3.4790795706241746,1,1
42,33,1,2,1,10,1,3,0,0,0,1,0,0,0,4.003044786734202,1,1
35,26,1,2,0,0,1,3,0,0,0,1,0,0,0,3.902174814211728,1,1
43,34,1,2,0,0,1,3,0,0,0,1,0,0,0,3.984234164652488,1,1
28,19,1,2,1,0,1,3,0,0,0,1,0,0,0,3.826874881864638,1,1
36,27,1,2,1,0,1,3,0,0,0,1,0,0,0,3.884155094595804,1,1
31,22,1,2,0,5,1,3,0,0,0,1,0,0,0,3.788754913993503,1,1
39,30,1,2,0,5,1,3,0,0,0,1,0,0,0,3.872905595320056,1,1
20,11,1,2,0,0,1,3,0,0,0,1,0,0,0,3.095795255000934,1,1
28,19,1,2,0,0,1,3,0,0,0,1,0,0,0,3.826874881864638,1,1
33,24,1,2,0,0,1,3,0,0,0,1,0,0,0,3.5535088547976783,1,1
41,32,1,2,0,0,1,3,0,0,0,1,0,0,0,3.855337797403416,1,1
52,20,24,1,1,4,1,6,0,0,0,1,0,0,0,3.4464393446710155,0,1
23,14,1,1,0,0,1,3,0,0,0,1,0,0,0,3.3248629576173565,0,1
63,29,26,2,0,1,2,4,0,0,0,1,0,0,0,3.3711045993081323,0,1
52,28,16,2,0,4,1,3,0,0,0,1,0,0,0,3.526129815595918,0,1
22,7,7,1,0,0,1,3,0,0,0,1,0,0,0,2.8073549220576037,0,1
31,16,7,2,0,0,1,3,0,0,0,1,0,0,0,3.327819531114783,0,1
30,15,7,2,0,0,1,3,0,0,0,1,0,0,0,3.323231428797621,0,1
32,17,7,2,0,0,1,3,0,0,0,1,0,0,0,3.1751231351134606,0,1
32,17,7,2,0,0,1,3,0,0,0,1,0,0,0,3.29277019393699,0,1
32,17,7,2,0,0,1,3,0,0,0,1,0,0,0,3.0286393118385746,0,1
30,15,7,2,0,0,1,3,0,0,0,1,0,0,0,3.323231428797621,0,1
44,37,0,2,0,7,1,2,0,0,0,0,0,0,0,4.270132081786694,0,1
37,29,0,2,0,3,1,2,0,0,0,1,0,0,0,3.814371943179627,0,1
39,31,0,2,0,9,1,2,0,0,0,1,0,0,0,3.9990466176631068,0,1
44,37,0,2,1,8,1,2,0,0,0,0,0,0,0,4.18582355533362,0,1
34,25,1,2,0,0,1,3,0,0,0,1,0,0,0,4.053660689688186,1,1
36,28,0,2,1,7,1,2,0,0,0,1,0,0,0,4.066108939837481,0,1
95,38,50,2,8,9,1,4,0,0,0,0,0,0,0,4.221097250057957,0,1
65,58,0,2,2,26,1,2,0,0,0,0,0,0,0,4.36754182316422,0,1
59,52,0,2,2,20,1,2,0,0,0,0,0,0,0,4.2526664005421635,0,1
47,39,1,2,2,9,1,3,0,0,0,0,0,0,0,4.192346052629154,0,1
35,28,0,2,1,7,1,2,0,0,0,0,0,0,0,3.9677201004744993,0,1
41,34,0,2,0,8,1,2,0,0,0,0,0,0,0,4.138502179294739,0,1
40,31,1,2,1,2,1,3,0,0,0,1,0,0,0,4.018081793978686,0,1
30,21,1,1,1,0,1,3,0,0,0,1,0,0,0,3.594465636961452,0,1
79,70,1,3,6,26,1,3,0,0,0,1,0,0,0,4.590846095920524,0,1
43,36,0,2,1,7,1,2,0,0,0,0,0,0,0,4.096891932467571,0,1
40,33,0,2,0,7,1,2,0,0,0,0,0,0,0,4.18788919491935,0,1
48,41,0,2,2,9,1,2,0,0,0,0,0,0,0,4.308294687333843,0,1
43,36,0,2,1,7,1,2,0,0,0,0,0,0,0,4.096891932467571,0,1
46,39,0,2,2,9,1,2,0,0,0,0,0,0,0,4.192346052629154,0,1
39,32,0,2,1,8,1,2,0,0,0,0,0,0,0,4.1761085007312415,0,1
37,19,10,2,0,0,1,3,0,0,0,1,0,0,0,3.4058222502856905,0,1
38,20,10,2,0,0,1,3,0,0,0,1,0,0,0,3.3841837197791893,0,1
38,20,10,2,0,0,1,3,0,0,0,1,0,0,0,3.3841837197791893,0,1
41,23,10,2,0,0,1,3,0,0,0,1,0,0,0,3.795088586397732,0,1
41,23,10,2,0,0,1,3,0,0,0,1,0,0,0,3.8279097821439696,0,1
38,20,10,2,0,0,1,3,0,0,0,1,0,0,0,3.4464393446710155,0,1
41,23,10,2,0,0,1,3,0,0,0,1,0,0,0,3.9148663038831,0,1
38,20,10,2,0,0,1,3,0,0,0,1,0,0,0,3.521928094887363,0,1
41,23,10,2,0,0,1,3,0,0,0,1,0,0,0,3.9148663038831,0,1
41,23,10,2,0,0,1,3,0,0,0,1,0,0,0,3.9148663038831,0,1
40,20,12,2,0,0,1,5,0,0,0,1,0,0,0,3.246439344671016,0,1
41,23,10,2,0,0,1,3,0,0,0,1,0,0,0,3.9148663038831,0,1
31,17,6,2,0,0,1,4,0,0,0,1,0,0,0,3.146286370662104,0,1
38,20,10,2,0,0,1,3,0,0,0,1,0,0,0,3.5464393446710156,0,1
41,23,10,2,0,0,1,3,0,0,0,1,0,0,0,3.8279097821439696,0,1
41,23,10,2,0,0,1,3,0,0,0,1,0,0,0,3.8279097821439696,0,1
38,20,10,2,0,0,1,3,0,0,0,1,0,0,0,3.5464393446710156,0,1
38,20,10,2,0,0,1,3,0,0,0,1,0,0,0,3.521928094887363,0,1
38,20,10,2,0,0,1,3,0,0,0,1,0,0,0,3.3841837197791893,0,1
41,23,10,2,0,0,1,3,0,0,0,1,0,0,0,3.795088586397732,0,1
41,23,10,2,0,0,1,3,0,0,0,1,0,0,0,3.9148663038831,0,1
38,20,10,2,0,0,1,3,0,0,0,1,0,0,0,3.3841837197791893,0,1
38,20,10,2,0,0,1,3,0,0,0,1,0,0,0,3.5464393446710156,0,1
38,20,10,2,0,0,1,3,0,0,0,1,0,0,0,3.408694969562842,0,1
41,23,10,2,0,0,1,3,0,0,0,1,0,0,0,3.8279097821439696,0,1
38,20,10,2,0,0,1,3,0,0,0,1,0,0,0,3.4464393446710155,0,1
41,23,10,2,0,0,1,3,0,0,0,1,0,0,0,3.9690016298759927,0,1
38,20,10,2,0,0,1,3,0,0,0,1,0,0,0,3.5464393446710156,0,1
38,20,10,2,0,0,1,3,0,0,0,1,0,0,0,3.5464393446710156,0,1
41,23,10,2,0,0,1,3,0,0,0,1,0,0,0,3.8279097821439696,0,1
38,20,10,2,0,0,1,3,0,0,0,1,0,0,0,3.5464393446710156,0,1
38,20,10,2,0,0,1,3,0,0,0,1,0,0,0,3.5464393446710156,0,1
41,23,10,2,0,0,1,3,0,0,0,1,0,0,0,3.8279097821439696,0,1
41,23,10,2,0,0,1,3,0,0,0,1,0,0,0,3.8820451081368623,0,1
38,20,10,2,0,0,1,3,0,0,0,1,0,0,0,3.5464393446710156,0,1
38,20,10,2,0,0,1,3,0,0,0,1,0,0,0,3.5464393446710156,0,1
41,23,10,2,0,0,1,3,0,0,0,1,0,0,0,3.8820451081368623,0,1
41,23,10,2,0,0,1,3,0,0,0,1,0,0,0,3.8820451081368623,0,1
38,20,10,2,0,0,1,3,0,0,0,1,0,0,0,3.5464393446710156,0,1
38,20,10,2,0,0,1,3,0,0,0,1,0,0,0,3.408694969562842,0,1
38,20,10,2,0,0,1,3,0,0,0,1,0,0,0,3.5464393446710156,0,1
38,20,10,2,0,0,1,3,0,0,0,1,0,0,0,3.408694969562842,0,1
38,20,10,2,0,0,1,3,0,0,0,1,0,0,0,3.5464393446710156,0,1
38,20,10,2,0,0,1,3,0,0,0,1,0,0,0,3.5464393446710156,0,1
41,23,10,2,0,0,1,3,0,0,0,1,0,0,0,3.9690016298759927,0,1
41,23,10,2,0,0,1,3,0,0,0,1,0,0,0,3.8820451081368623,0,1
41,23,10,2,0,0,1,3,0,0,0,1,0,0,0,3.8492239123906247,0,1
41,23,10,2,0,0,1,3,0,0,0,1,0,0,0,3.9690016298759927,0,1
41,23,10,2,0,0,1,3,0,0,0,1,0,0,0,3.9690016298759927,0,1
41,23,10,2,0,0,1,3,0,0,0,1,0,0,0,3.9690016298759927,0,1
38,20,10,2,0,0,1,3,0,0,0,1,0,0,0,3.684183719779189,0,1
38,20,10,2,0,0,1,3,0,0,0,1,0,0,0,3.521928094887363,0,1
41,23,10,2,0,0,1,3,0,0,0,1,0,0,0,3.8492239123906247,0,1
38,20,10,2,0,0,1,3,0,0,0,1,0,0,0,3.684183719779189,0,1
41,23,10,2,0,0,1,3,0,0,0,1,0,0,0,3.9148663038831,0,1
38,20,10,2,0,0,1,3,0,0,0,1,0,0,0,3.684183719779189,0,1
41,23,10,2,0,0,1,3,0,0,0,1,0,0,0,3.9690016298759927,0,1
41,23,10,2,0,0,1,3,0,0,0,1,0,0,0,3.8820451081368623,0,1
41,23,10,2,0,0,1,3,0,0,0,1,0,0,0,3.9690016298759927,0,1
38,20,10,2,0,0,1,3,0,0,0,1,0,0,0,3.684183719779189,0,1
41,23,10,2,0,0,1,3,0,0,0,1,0,0,0,4.0559581516151235,0,1
41,23,10,2,0,0,1,3,0,0,0,1,0,0,0,3.9690016298759927,0,1
41,23,10,2,0,0,1,3,0,0,0,1,0,0,0,3.9690016298759927,0,1
38,20,10,2,0,0,1,3,0,0,0,1,0,0,0,3.5464393446710156,0,1
38,20,10,2,0,0,1,3,0,0,0,1,0,0,0,3.684183719779189,0,1
38,20,10,2,0,0,1,3,0,0,0,1,0,0,0,3.684183719779189,0,1
41,23,10,2,0,0,1,3,0,0,0,1,0,0,0,3.8820451081368623,0,1
41,23,10,2,0,0,1,3,0,0,0,1,0,0,0,3.9690016298759927,0,1
45,37,1,2,2,6,1,3,0,0,0,0,0,0,0,4.206225920256957,0,1
48,35,1,2,0,1,2,3,1,0,0,1,0,0,0,3.4716826617734373,0,1
80,71,1,3,6,26,1,3,0,0,0,1,0,0,0,4.455327929028652,0,1
42,33,1,2,1,4,1,3,0,0,0,1,0,0,0,4.104407755459851,0,1
42,33,1,2,0,0,1,3,0,0,0,1,0,0,0,3.858957286668643,0,1
79,70,1,3,6,26,1,3,0,0,0,1,0,0,0,4.584211903824665,0,1
27,19,0,1,0,0,1,2,0,0,0,1,0,0,0,3.5110854081804272,0,1
46,23,1,2,0,12,2,3,1,0,0,1,0,0,0,3.8492239123906247,1,1
56,28,11,3,0,8,2,4,1,0,0,1,0,0,0,3.6514789228933084,0,1
38,23,7,1,1,0,1,3,0,0,0,1,0,1,0,3.795088586397732,0,1
99,33,58,3,1,30,1,3,0,0,0,1,0,0,0,3.98319563424773,0,1
52,30,14,3,2,0,1,4,0,0,0,1,0,0,0,3.8062389286533898,0,1
84,41,1,2,0,18,2,3,1,0,0,1,0,0,0,4.324270834457101,0,1
48,41,0,2,0,9,1,2,0,0,0,0,0,0,0,4.324270834457101,0,1
60,27,1,2,1,11,2,3,1,0,0,1,0,0,0,3.884155094595804,0,1
65,16,7,2,0,15,3,4,2,0,0,1,0,0,0,3.5,0,1
43,36,0,2,1,7,1,2,0,0,0,0,0,0,0,4.173416585305445,0,1
34,26,0,2,1,11,1,2,0,0,0,1,0,0,0,3.979097891134805,0,1
24,16,0,1,0,0,1,2,0,0,0,1,0,0,0,3.327819531114783,0,1
35,17,10,2,0,0,1,4,0,0,0,1,0,0,0,3.4104172527605194,0,1
35,27,0,1,0,0,1,2,0,0,0,1,0,0,0,3.6339740759971573,0,1
113,49,18,4,1,38,2,3,1,0,0,1,0,0,0,3.828469284210505,0,1
97,27,23,3,2,29,2,3,1,0,0,1,0,0,0,3.81008102052173,0,1
58,49,1,2,0,12,1,3,0,0,0,1,0,0,0,3.828469284210505,0,1
35,27,0,1,0,0,1,2,0,0,0,1,0,0,0,3.5562012808079024,0,1
79,22,11,3,0,25,2,3,1,0,0,1,0,0,0,3.6069367321753214,0,1
30,22,0,1,0,0,1,2,0,0,0,1,0,0,0,3.6069367321753214,0,1
41,32,1,2,0,0,1,3,0,0,0,1,0,1,0,3.6945488277869583,1,1
34,25,1,1,0,0,1,3,0,0,0,1,0,0,0,3.3990795706241745,0,1
33,25,0,2,0,0,1,2,0,0,0,1,0,0,0,3.6732696895151085,0,1
28,20,0,1,0,0,1,2,0,0,0,1,0,0,0,3.5464393446710156,0,1
25,17,0,1,0,0,1,2,0,0,0,1,0,0,0,3.6901165175936645,0,1
28,20,0,1,0,0,1,2,0,0,0,1,0,0,0,3.521928094887363,0,1
32,23,1,2,1,0,1,3,0,0,0,1,0,0,0,3.642489673166126,0,1
80,71,1,3,6,23,1,3,0,0,0,1,0,0,0,4.617801260765129,0,1
24,16,0,1,0,0,1,2,0,0,0,1,0,0,0,3.5,0,1
34,26,0,2,0,0,1,2,0,0,0,1,0,0,0,3.8441065448145384,0,1
66,15,43,3,2,0,1,5,0,0,0,1,0,0,0,3.773557262275186,0,1
36,28,0,2,0,0,1,2,0,0,0,1,0,0,0,3.807354922057604,0,1
29,21,0,2,1,6,1,2,0,0,0,1,0,0,0,3.9754180179138334,0,1
34,25,1,2,2,0,1,3,0,0,0,1,0,0,0,3.733660689688186,1,1
29,20,1,2,0,0,1,3,0,0,0,1,0,0,0,3.5464393446710156,1,1
33,24,1,2,1,0,1,3,0,0,0,1,0,0,0,3.6368421881310113,1,1
40,31,1,2,3,0,1,3,0,0,0,1,0,0,0,3.784368487596862,1,1
28,19,1,2,1,0,1,3,0,0,0,1,0,0,0,3.5766176449086657,1,1
34,25,1,3,0,6,1,3,0,0,0,1,0,0,0,4.103465189601647,1,1
35,23,4,2,0,0,1,4,0,0,0,1,0,0,0,3.5342190211803404,1,1
30,23,0,2,0,0,1,2,0,0,0,0,0,0,0,3.5342190211803404,1,1
30,21,1,2,2,0,1,3,0,0,0,1,0,0,0,3.594465636961452,0,1
50,21,21,3,0,4,1,4,0,0,0,1,0,0,0,3.2368573034220742,0,1
32,14,10,1,0,0,1,4,0,0,0,1,0,0,0,3.0391486719030705,0,1
35,26,1,2,1,1,1,3,0,0,0,1,0,1,0,3.8441065448145384,0,1
41,15,18,1,0,0,1,5,0,0,0,1,0,0,0,3.3735572622751855,0,1
53,44,1,2,3,1,1,3,0,0,0,1,0,0,0,3.992856050160461,1,1
24,15,1,2,0,7,1,3,0,0,0,1,0,0,0,3.773557262275186,0,1
23,4,11,1,0,1,1,3,0,0,0,1,0,0,0,2.0,1,1
28,15,5,2,0,7,1,4,0,0,0,1,0,0,0,3.506890595608519,0,1
23,9,6,1,0,0,1,3,0,0,0,1,0,1,0,3.169925001442312,0,1
22,7,7,1,0,0,1,3,0,0,0,1,0,0,0,2.8073549220576037,0,1
38,26,4,2,3,11,1,3,0,0,0,1,0,0,0,3.8441065448145384,0,1
27,6,13,1,0,1,1,3,0,0,0,1,0,0,0,2.584962500721156,0,1
47,38,1,5,0,1,1,3,0,0,0,1,0,0,0,3.860320777833044,1,1
22,7,7,1,0,2,1,3,0,0,0,1,0,0,0,2.8073549220576037,0,1
22,7,7,1,0,0,1,3,0,0,0,1,0,0,0,2.8073549220576037,0,1
21,6,7,1,1,0,1,3,0,0,0,1,0,0,0,2.584962500721156,0,1
23,8,7,2,0,0,1,3,0,0,0,1,0,0,0,2.5,0,1
33,24,1,2,0,0,1,3,0,0,0,1,0,0,0,3.8553885422075336,0,1
43,34,1,3,0,6,1,3,0,0,0,1,0,0,0,4.314972767530033,0,1
41,33,1,2,0,0,1,3,0,0,0,0,0,0,0,3.9912157102019847,1,1
42,33,1,2,0,0,1,3,0,0,0,1,0,0,0,3.9912157102019847,1,1
32,24,1,2,0,0,1,3,0,0,0,0,0,0,0,3.653107168362811,1,1
33,24,1,2,0,0,1,3,0,0,0,1,0,0,0,3.653107168362811,1,1
46,19,19,2,0,3,1,4,0,0,0,1,0,0,0,3.431623565847431,0,1
95,74,13,4,0,15,1,3,0,0,0,1,0,0,0,4.734338291357714,0,1
84,15,61,2,0,6,1,6,0,0,0,1,0,0,0,2.9735572622751856,1,1
84,15,61,2,1,6,1,6,0,0,0,1,0,0,0,2.9735572622751856,1,1
84,15,61,2,0,5,1,6,0,0,0,1,0,0,0,2.9735572622751856,1,1
84,15,61,2,0,7,1,6,0,0,0,1,0,0,0,2.9735572622751856,1,1
22,7,7,1,0,0,1,3,0,0,0,1,0,0,0,2.8073549220576037,0,1
22,7,7,1,0,1,1,3,0,0,0,1,0,0,0,2.8073549220576037,0,1
22,7,7,1,0,0,1,3,0,0,0,1,0,0,0,2.8073549220576037,0,1
22,7,7,1,0,1,1,3,0,0,0,1,0,0,0,2.8073549220576037,0,1
22,7,7,1,0,0,1,3,0,0,0,1,0,0,0,2.8073549220576037,0,1
22,7,7,1,0,0,1,3,0,0,0,1,0,0,0,2.8073549220576037,0,1
22,7,7,1,0,0,1,3,0,0,0,1,0,0,0,2.8073549220576037,0,1
22,7,7,1,0,0,1,3,0,0,0,1,0,0,0,2.8073549220576037,0,1
22,7,7,1,0,1,1,3,0,0,0,1,0,0,0,2.8073549220576037,0,1
22,7,7,1,0,1,1,3,0,0,0,1,0,0,0,2.8073549220576037,0,1
22,7,7,1,0,1,1,3,0,0,0,1,0,0,0,2.8073549220576037,0,1
80,7,65,1,0,7,1,4,0,0,0,1,0,0,0,2.521640636343318,0,1
22,7,7,1,0,0,1,3,0,0,0,1,0,0,0,2.8073549220576037,0,1
22,7,7,1,0,1,1,3,0,0,0,1,0,0,0,2.8073549220576037,0,1
22,7,7,1,0,1,1,3,0,0,0,1,0,0,0,2.8073549220576037,0,1
22,7,7,1,0,1,1,3,0,0,0,1,0,0,0,2.8073549220576037,0,1
22,7,7,1,0,0,1,3,0,0,0,1,0,0,0,2.8073549220576037,0,1
22,7,7,1,0,1,1,3,0,0,0,1,0,0,0,2.8073549220576037,0,1
43,36,0,2,1,7,1,2,0,0,0,0,0,0,0,4.117861029749889,0,1
22,7,7,1,0,0,1,3,0,0,0,1,0,0,0,2.8073549220576037,0,1
22,7,7,1,0,0,1,3,0,0,0,1,0,0,0,2.8073549220576037,0,1
22,7,7,1,0,0,1,3,0,0,0,1,0,0,0,2.8073549220576037,0,1
22,7,7,1,0,0,1,3,0,0,0,1,0,0,0,2.8073549220576037,0,1
22,7,7,1,0,0,1,3,0,0,0,1,0,0,0,2.8073549220576037,0,1
22,7,7,1,0,0,1,3,0,0,0,1,0,0,0,2.8073549220576037,0,1
22,7,7,1,0,1,1,3,0,0,0,1,0,0,0,2.8073549220576037,0,1
22,7,7,1,0,0,1,3,0,0,0,1,0,0,0,2.8073549220576037,0,1
22,7,7,1,0,1,1,3,0,0,0,1,0,0,0,2.8073549220576037,0,1
22,7,7,1,0,1,1,3,0,0,0,1,0,0,0,2.8073549220576037,0,1
22,7,7,1,0,2,1,3,0,0,0,1,0,0,0,2.8073549220576037,0,1
22,7,7,1,0,0,1,3,0,0,0,1,0,0,0,2.8073549220576037,0,1
22,7,7,1,0,0,1,3,0,0,0,1,0,0,0,2.8073549220576037,0,1
22,7,7,1,0,0,1,3,0,0,0,1,0,0,0,2.8073549220576037,0,1
22,7,7,1,0,1,1,3,0,0,0,1,0,0,0,2.8073549220576037,0,1
22,7,7,1,0,1,1,3,0,0,0,1,0,0,0,2.8073549220576037,0,1
22,7,7,1,0,0,1,3,0,0,0,1,0,0,0,2.8073549220576037,0,1
22,7,7,1,0,0,1,3,0,0,0,1,0,0,0,2.8073549220576037,0,1
22,7,7,1,0,0,1,3,0,0,0,1,0,0,0,2.8073549220576037,0,1
22,7,7,1,0,0,1,3,0,0,0,1,0,0,0,2.8073549220576037,0,1
22,7,7,1,0,0,1,3,0,0,0,1,0,0,0,2.8073549220576037,0,1
22,7,7,1,0,1,1,3,0,0,0,1,0,0,0,2.8073549220576037,0,1
22,7,7,1,0,0,1,3,0,0,0,1,0,0,0,2.8073549220576037,0,1
22,7,7,1,0,1,1,3,0,0,0,1,0,0,0,2.8073549220576037,0,1
22,7,7,1,0,1,1,3,0,0,0,1,0,0,0,2.8073549220576037,0,1
22,7,7,1,0,2,1,3,0,0,0,1,0,0,0,2.8073549220576037,0,1
22,7,7,1,0,0,1,3,0,0,0,1,0,0,0,2.8073549220576037,0,1
22,7,7,1,0,1,1,3,0,0,0,1,0,0,0,2.8073549220576037,0,1
22,7,7,1,0,1,1,3,0,0,0,1,0,0,0,2.8073549220576037,0,1
22,7,7,1,0,0,1,3,0,0,0,1,0,0,0,2.8073549220576037,0,1
38,7,23,1,2,4,1,3,0,0,0,1,0,0,0,2.8073549220576037,0,1
22,7,7,1,0,1,1,3,0,0,0,1,0,0,0,2.8073549220576037,0,1
22,7,7,1,0,0,1,3,0,0,0,1,0,0,0,2.8073549220576037,0,1
22,7,7,1,0,0,1,3,0,0,0,1,0,0,0,2.8073549220576037,0,1
22,7,7,1,0,0,1,3,0,0,0,1,0,0,0,2.8073549220576037,0,1
22,7,7,1,0,0,1,3,0,0,0,1,0,0,0,2.8073549220576037,0,1
22,7,7,1,0,2,1,3,0,0,0,1,0,0,0,2.8073549220576037,0,1
22,7,7,1,0,2,1,3,0,0,0,1,0,0,0,2.8073549220576037,0,1
22,7,7,1,0,1,1,3,0,0,0,1,0,0,0,2.8073549220576037,0,1
22,7,7,1,0,1,1,3,0,0,0,1,0,0,0,2.8073549220576037,0,1
22,7,7,1,0,0,1,3,0,0,0,1,0,0,0,2.8073549220576037,0,1
22,7,7,1,0,0,1,3,0,0,0,1,0,0,0,2.8073549220576037,0,1
22,7,7,1,0,0,1,3,0,0,0,1,0,0,0,2.8073549220576037,0,1
22,7,7,1,0,0,1,3,0,0,0,1,0,0,0,2.8073549220576037,0,1
22,7,7,1,0,0,1,3,0,0,0,1,0,0,0,2.8073549220576037,0,1
22,7,7,1,0,0,1,3,0,0,0,1,0,0,0,2.8073549220576037,0,1
21,6,7,1,1,0,1,3,0,0,0,1,0,0,0,2.584962500721156,0,1
21,6,7,1,1,0,1,3,0,0,0,1,0,0,0,2.584962500721156,0,1
21,6,7,1,1,0,1,3,0,0,0,1,0,0,0,2.584962500721156,0,1
22,7,7,1,0,1,1,3,0,0,0,1,0,0,0,2.8073549220576037,0,1
21,6,7,1,1,0,1,3,0,0,0,1,0,0,0,2.584962500721156,0,1
21,6,7,1,1,1,1,3,0,0,0,1,0,0,0,2.584962500721156,0,1
21,6,7,1,1,0,1,3,0,0,0,1,0,0,0,2.584962500721156,0,1
21,6,7,1,1,1,1,3,0,0,0,1,0,0,0,2.584962500721156,0,1
21,6,7,1,1,1,1,3,0,0,0,1,0,0,0,2.584962500721156,0,1
21,6,7,1,1,0,1,3,0,0,0,1,0,0,0,2.584962500721156,0,1
21,6,7,1,1,1,1,3,0,0,0,1,0,0,0,2.584962500721156,0,1
21,6,7,1,1,1,1,3,0,0,0,1,0,0,0,2.584962500721156,0,1
21,6,7,1,1,0,1,3,0,0,0,1,0,0,0,2.584962500721156,0,1
21,6,7,1,1,1,1,3,0,0,0,1,0,0,0,2.584962500721156,0,1
21,6,7,1,1,0,1,3,0,0,0,1,0,0,0,2.584962500721156,0,1
21,6,7,1,1,1,1,3,0,0,0,1,0,0,0,2.584962500721156,0,1
21,6,7,1,1,1,1,3,0,0,0,1,0,0,0,2.584962500721156,0,1
21,6,7,1,1,0,1,3,0,0,0,1,0,0,0,2.584962500721156,0,1
21,6,7,1,1,0,1,3,0,0,0,1,0,0,0,2.584962500721156,0,1
21,6,7,1,1,0,1,3,0,0,0,1,0,0,0,2.584962500721156,0,1
21,6,7,1,1,0,1,3,0,0,0,1,0,0,0,2.584962500721156,0,1
21,6,7,1,1,0,1,3,0,0,0,1,0,0,0,2.584962500721156,0,1
21,6,7,1,1,0,1,3,0,0,0,1,0,0,0,2.584962500721156,0,1
21,6,7,1,1,0,1,3,0,0,0,1,0,0,0,2.584962500721156,0,1
21,6,7,1,1,1,1,3,0,0,0,1,0,0,0,2.584962500721156,0,1
21,6,7,1,1,2,1,3,0,0,0,1,0,0,0,2.584962500721156,0,1
21,6,7,1,1,0,1,3,0,0,0,1,0,0,0,2.584962500721156,0,1
21,6,7,1,1,0,1,3,0,0,0,1,0,0,0,2.584962500721156,0,1
21,6,7,1,1,0,1,3,0,0,0,1,0,0,0,2.584962500721156,0,1
21,6,7,1,1,0,1,3,0,0,0,1,0,0,0,2.584962500721156,0,1
21,6,7,1,1,0,1,3,0,0,0,1,0,0,0,2.584962500721156,0,1
21,6,7,1,1,0,1,3,0,0,0,1,0,0,0,2.584962500721156,0,1
21,6,7,1,1,1,1,3,0,0,0,1,0,0,0,2.584962500721156,0,1
21,6,7,1,1,0,1,3,0,0,0,1,0,0,0,2.584962500721156,0,1
21,6,7,1,1,2,1,3,0,0,0,1,0,0,0,2.584962500721156,0,1
21,6,7,1,1,0,1,3,0,0,0,1,0,0,0,2.584962500721156,0,1
21,6,7,1,1,1,1,3,0,0,0,1,0,0,0,2.584962500721156,0,1
21,6,7,1,1,1,1,3,0,0,0,1,0,0,0,2.584962500721156,0,1
21,6,7,1,1,2,1,3,0,0,0,1,0,0,0,2.584962500721156,0,1
21,6,7,1,1,0,1,3,0,0,0,1,0,0,0,2.584962500721156,0,1
21,6,7,1,1,0,1,3,0,0,0,1,0,0,0,2.584962500721156,0,1
21,6,7,1,1,0,1,3,0,0,0,1,0,0,0,2.584962500721156,0,1
21,6,7,1,1,0,1,3,0,0,0,1,0,0,0,2.584962500721156,0,1
21,6,7,1,1,2,1,3,0,0,0,1,0,0,0,2.584962500721156,0,1
21,6,7,1,1,1,1,3,0,0,0,1,0,0,0,2.584962500721156,0,1
21,6,7,1,1,1,1,3,0,0,0,1,0,0,0,2.584962500721156,0,1
21,6,7,1,1,0,1,3,0,0,0,1,0,0,0,2.584962500721156,0,1
21,6,7,1,1,0,1,3,0,0,0,1,0,0,0,2.584962500721156,0,1
21,6,7,1,1,0,1,3,0,0,0,1,0,0,0,2.584962500721156,0,1
21,6,7,1,1,0,1,3,0,0,0,1,0,0,0,2.584962500721156,0,1
21,6,7,1,1,0,1,3,0,0,0,1,0,0,0,2.584962500721156,0,1
23,8,7,2,0,0,1,3,0,0,0,1,0,0,0,2.5,0,1
21,6,7,1,1,1,1,3,0,0,0,1,0,0,0,2.584962500721156,0,1
23,8,7,2,0,0,1,3,0,0,0,1,0,0,0,2.5,0,1
23,8,7,2,0,0,1,3,0,0,0,1,0,0,0,2.5,0,1
23,8,7,2,0,1,1,3,0,0,0,1,0,0,0,2.5,0,1
23,8,7,2,0,0,1,3,0,0,0,1,0,0,0,2.5,0,1
23,8,7,2,0,0,1,3,0,0,0,1,0,0,0,2.5,0,1
23,8,7,2,0,1,1,3,0,0,0,1,0,0,0,2.5,0,1
23,8,7,2,0,1,1,3,0,0,0,1,0,0,0,2.5,0,1
23,8,7,2,0,0,1,3,0,0,0,1,0,0,0,2.5,0,1
23,8,7,2,0,1,1,3,0,0,0,1,0,0,0,2.5,0,1
23,8,7,2,0,0,1,3,0,0,0,1,0,0,0,2.5,0,1
23,8,7,2,0,1,1,3,0,0,0,1,0,0,0,2.5,0,1
23,8,7,2,0,0,1,3,0,0,0,1,0,0,0,2.5,0,1
23,8,7,2,0,1,1,3,0,0,0,1,0,0,0,2.5,0,1
23,8,7,2,0,1,1,3,0,0,0,1,0,0,0,2.5,0,1
23,8,7,2,0,0,1,3,0,0,0,1,0,0,0,2.5,0,1
23,8,7,2,0,0,1,3,0,0,0,1,0,0,0,2.5,0,1
23,8,7,2,0,0,1,3,0,0,0,1,0,0,0,2.5,0,1
23,8,7,2,0,1,1,3,0,0,0,1,0,0,0,2.5,0,1
23,8,7,2,0,0,1,3,0,0,0,1,0,0,0,2.5,0,1
23,8,7,2,0,0,1,3,0,0,0,1,0,0,0,2.5,0,1
23,8,7,2,0,0,1,3,0,0,0,1,0,0,0,2.5,0,1
23,8,7,2,0,1,1,3,0,0,0,1,0,0,0,2.5,0,1
23,8,7,2,0,0,1,3,0,0,0,1,0,0,0,2.5,0,1
23,8,7,2,0,0,1,3,0,0,0,1,0,0,0,2.5,0,1
23,8,7,2,0,0,1,3,0,0,0,1,0,0,0,2.5,0,1
23,8,7,2,0,1,1,3,0,0,0,1,0,0,0,2.5,0,1
23,8,7,2,0,0,1,3,0,0,0,1,0,0,0,2.5,0,1
23,8,7,2,0,1,1,3,0,0,0,1,0,0,0,2.5,0,1
23,8,7,2,0,0,1,3,0,0,0,1,0,0,0,2.5,0,1
23,8,7,2,0,0,1,3,0,0,0,1,0,0,0,2.5,0,1
23,8,7,2,0,0,1,3,0,0,0,1,0,0,0,2.5,0,1
23,8,7,2,0,2,1,3,0,0,0,1,0,0,0,2.5,0,1
23,8,7,2,0,1,1,3,0,0,0,1,0,0,0,2.5,0,1
23,8,7,2,0,0,1,3,0,0,0,1,0,0,0,2.5,0,1
27,18,1,1,1,0,1,3,0,0,0,1,0,0,0,3.4613201402110083,0,1
23,8,7,2,0,0,1,3,0,0,0,1,0,0,0,2.5,0,1
34,18,8,1,1,0,1,3,0,0,0,1,0,0,0,3.4613201402110083,0,1
23,8,7,2,0,0,1,3,0,0,0,1,0,0,0,2.5,0,1
23,8,7,2,0,0,1,3,0,0,0,1,0,0,0,2.5,0,1
23,8,7,2,0,2,1,3,0,0,0,1,0,0,0,2.5,0,1
31,18,5,1,1,0,1,3,0,0,0,1,0,0,0,3.4613201402110083,0,1
23,8,7,2,0,2,1,3,0,0,0,1,0,0,0,2.5,0,1
23,8,7,2,0,1,1,3,0,0,0,1,0,0,0,2.5,0,1
34,18,8,1,1,0,1,3,0,0,0,1,0,0,0,3.4613201402110083,0,1
23,8,7,2,0,1,1,3,0,0,0,1,0,0,0,2.5,0,1
23,8,7,2,0,0,1,3,0,0,0,1,0,0,0,2.5,0,1
23,8,7,2,0,0,1,3,0,0,0,1,0,0,0,2.5,0,1
23,8,7,2,0,0,1,3,0,0,0,1,0,0,0,2.5,0,1
32,18,6,1,1,0,1,3,0,0,0,1,0,1,0,3.4613201402110083,0,1
23,8,7,2,0,0,1,3,0,0,0,1,0,0,0,2.5,0,1
23,8,7,2,0,0,1,3,0,0,0,1,0,0,0,2.5,0,1
23,8,7,2,0,1,1,3,0,0,0,1,0,0,0,2.5,0,1
43,35,0,2,0,0,1,2,0,0,0,1,0,1,0,3.8430101595548556,0,1
42,33,1,2,2,6,1,3,0,0,0,1,0,0,0,3.9801694078807643,0,1
36,29,0,2,1,6,1,2,0,0,0,0,0,0,0,4.043855461526302,0,1
36,29,0,2,1,6,1,2,0,0,0,0,0,0,0,4.043855461526302,0,1
45,29,8,2,1,3,1,3,0,0,0,1,0,0,0,4.021268494903765,0,1
33,26,0,2,1,11,1,2,0,0,0,0,0,0,0,4.026986833359287,0,1
42,33,1,2,2,6,1,3,0,0,0,1,0,0,0,3.9683403313485464,0,1
41,34,0,2,1,11,1,2,0,0,0,0,0,0,0,4.19438848899739,0,1
35,26,1,2,0,3,1,3,0,0,0,1,0,0,0,3.825251737288651,0,1
41,32,1,2,0,1,1,3,0,0,0,1,0,0,0,3.9056390622295662,1,1
37,28,1,2,2,6,1,3,0,0,0,1,0,0,0,3.9232517969803373,0,1
42,33,1,2,2,6,1,3,0,0,0,1,0,0,0,4.12728313431329,0,1
41,32,1,2,2,6,1,3,0,0,0,1,0,0,0,4.077819531114783,0,1
33,24,1,2,0,0,1,3,0,0,0,1,0,0,0,3.573934896284056,0,1
40,31,1,2,2,6,1,3,0,0,0,1,0,0,0,4.106949132758152,0,1
53,44,1,2,2,6,1,3,0,0,0,1,0,0,0,3.9756995160203816,0,1
42,33,1,2,2,6,1,3,0,0,0,1,0,0,0,4.0895524525606675,0,1
41,25,8,2,1,0,1,3,0,0,0,1,0,0,0,3.8332696895151086,0,1
42,24,10,2,2,4,1,3,0,0,0,1,0,1,0,3.970175521464345,0,1
39,21,10,2,2,1,1,3,0,0,0,1,0,0,0,3.403989446485262,1,1
48,32,8,2,1,0,1,3,0,0,0,1,0,0,0,3.8164280318460246,0,1
40,22,10,2,2,4,1,3,0,0,0,1,0,0,0,4.0614821867207755,1,1
37,28,1,2,0,0,1,3,0,0,0,1,0,0,0,3.315410725242699,0,1
37,28,1,2,2,6,1,3,0,0,0,1,0,0,0,3.9677201004744993,0,1
31,22,1,2,0,0,1,3,0,0,0,1,0,0,0,3.7544418457133455,0,1
36,28,0,2,2,6,1,2,0,0,0,1,0,0,0,4.2359263506290326,0,1
41,32,1,2,2,6,1,3,0,0,0,1,0,0,0,4.265319531114783,0,1
38,23,7,2,0,1,1,3,0,0,0,1,0,0,0,3.8820451081368623,0,1
40,24,8,2,1,3,1,3,0,0,0,1,0,0,0,3.918295834054489,0,1
41,32,1,2,2,6,1,3,0,0,0,1,0,0,0,3.952819531114783,0,1
45,36,1,2,2,6,1,3,0,0,0,1,0,0,0,4.141604167868594,0,1
42,24,10,2,2,1,1,3,0,0,0,1,0,0,0,3.8035088547976783,0,1
46,37,1,2,2,6,1,3,0,0,0,1,0,0,0,4.121219243831912,0,1
41,32,1,2,2,6,1,3,0,0,0,1,0,0,0,4.202819531114783,0,1
41,32,1,2,2,6,1,3,0,0,0,1,0,0,0,4.25,0,1
40,31,1,2,2,6,1,3,0,0,0,1,0,0,0,4.091135423220312,0,1
37,28,1,2,2,6,1,3,0,0,0,1,0,0,0,3.9677201004744993,0,1
42,33,1,2,2,6,1,3,0,0,0,1,0,0,0,3.861983513035609,0,1
44,35,1,2,2,6,1,3,0,0,0,1,0,0,0,4.240156860408859,0,1
39,30,1,2,0,7,1,3,0,0,0,1,0,0,0,4.081727678869736,1,1
47,38,1,2,2,6,1,3,0,0,0,1,0,0,0,4.366091329119192,0,1
32,23,1,2,0,0,1,3,0,0,0,1,0,0,0,3.708132064658601,1,1
43,36,0,2,1,7,1,2,0,0,0,0,0,0,0,4.173416585305445,0,1
48,30,10,2,2,1,1,3,0,0,0,1,0,0,0,3.9068905956085187,1,1
29,20,1,2,0,0,1,3,0,0,0,1,0,0,0,3.484183719779189,1,1
38,17,13,1,1,0,1,5,0,0,0,1,0,0,0,3.381580488309163,0,1
34,26,0,2,1,0,1,2,0,0,0,1,0,0,0,3.6133373140453076,0,1
36,29,0,2,1,6,1,2,0,0,0,0,0,0,0,4.112820978767682,0,1
36,29,0,2,1,6,1,2,0,0,0,0,0,0,0,4.043855461526302,0,1
27,18,1,2,0,2,1,3,0,0,0,1,0,0,0,3.6835423624332306,1,1
38,29,1,2,2,6,1,3,0,0,0,1,0,0,0,4.1852301329094015,0,1
41,32,1,2,2,6,1,3,0,0,0,1,0,0,0,4.25,0,1
45,36,1,2,2,6,1,3,0,0,0,1,0,0,0,4.027719015921097,0,1
38,29,1,2,2,6,1,3,0,0,0,1,0,0,0,3.935398667466763,0,1
46,37,1,2,3,6,1,3,0,0,0,1,0,0,0,4.283381405994074,0,1
54,45,1,2,4,0,1,3,0,0,0,1,0,0,0,4.096944208925964,1,1
38,29,1,2,2,6,1,3,0,0,0,1,0,0,0,3.784897702756408,0,1
46,37,1,2,2,6,1,3,0,0,0,1,0,0,0,4.2629790410707376,0,1
50,27,15,2,0,0,1,3,0,0,0,1,0,0,0,3.6800893536948065,1,1
38,29,1,2,2,6,1,3,0,0,0,1,0,0,0,3.8664331502253835,0,1
73,50,15,2,7,1,1,3,0,0,0,1,0,0,0,3.9761746300696417,1,1
34,25,1,2,2,2,1,3,0,0,0,1,0,0,0,3.7834651896016473,1,1
45,36,1,2,2,6,1,3,0,0,0,1,0,0,0,3.9403510429286897,0,1
40,31,1,2,2,6,1,3,0,0,0,1,0,0,0,3.913400745661378,0,1
41,32,1,2,1,6,1,3,0,0,0,1,0,0,0,4.202819531114783,0,1
39,30,1,2,2,6,1,3,0,0,0,1,0,0,0,4.081727678869736,0,1
41,32,1,2,2,6,1,3,0,0,0,1,0,0,0,4.241729296672175,0,1
20,5,7,1,0,0,1,3,0,0,0,1,0,0,0,2.321928094887362,0,1
20,5,7,1,0,0,1,3,0,0,0,1,0,0,0,2.321928094887362,0,1
20,5,7,1,0,0,1,3,0,0,0,1,0,0,0,2.321928094887362,0,1
29,12,9,1,0,1,1,4,0,0,0,1,0,0,0,3.084962500721156,0,1
27,12,7,1,0,2,1,3,0,0,0,1,0,0,0,3.084962500721156,0,1
40,20,12,2,0,0,1,4,0,0,0,1,0,0,0,3.246439344671016,0,1
305,36,2,2,2,41,7,3,6,0,0,1,0,0,0,3.98578082135646,0,1
39,30,1,2,2,6,1,3,0,0,0,1,0,0,0,4.01506101220307,0,1
26,17,1,2,1,2,1,3,0,0,0,1,0,0,0,3.85216872360328,0,1
91,29,1,2,0,0,4,6,2,0,0,1,0,0,0,3.9093680639438846,0,1
42,33,1,2,2,6,1,3,0,0,0,1,0,0,0,4.2942460132322875,0,1
38,29,1,2,0,0,1,3,0,0,0,1,0,1,0,3.68645794509181,1,1
45,36,1,2,2,6,1,3,0,0,0,1,0,0,0,4.218128820706467,0,1
48,39,1,2,2,6,1,3,0,0,0,1,0,0,0,4.201692923824033,0,1
39,30,1,2,2,6,1,3,0,0,0,1,0,0,0,3.8532359131272917,0,1
30,21,1,2,0,0,1,3,0,0,0,1,0,0,0,3.7849418274376427,1,1
31,22,1,2,0,0,1,3,0,0,0,1,0,0,0,3.788754913993503,1,1
31,22,1,2,0,0,1,3,0,0,0,1,0,0,0,3.73215889136457,1,1
47,38,1,2,2,6,1,3,0,0,0,1,0,0,0,4.020843553362251,0,1
38,29,1,2,2,6,1,3,0,0,0,1,0,0,0,4.1162646156680225,0,1
37,28,1,2,2,6,1,3,0,0,0,1,0,0,0,3.865764637179023,0,1
47,38,1,2,0,0,1,3,0,0,0,1,0,1,0,4.0407090139455,0,1
29,20,1,2,0,0,1,3,0,0,0,1,0,0,0,3.2037016960573483,1,1
46,37,1,2,2,6,1,3,0,0,0,1,0,0,0,4.283381405994074,0,1
36,27,1,2,0,2,1,3,0,0,0,1,0,0,0,4.208410187268525,1,1
39,30,1,2,0,2,1,3,0,0,0,1,0,0,0,3.8817276788697366,1,1
43,34,1,2,2,6,1,3,0,0,0,1,0,0,0,4.17512313511346,0,1
30,21,1,2,0,0,1,3,0,0,0,1,0,0,0,3.499227541723357,1,1
45,36,1,2,3,12,1,3,0,0,0,1,0,0,0,4.127986806877675,0,1
46,37,1,2,0,6,1,3,0,0,0,1,0,0,0,4.168120257170009,0,1
45,36,1,2,2,6,1,3,0,0,0,1,0,0,0,4.260067015271105,0,1
30,21,1,2,0,3,1,3,0,0,0,1,0,0,0,3.6897037321995474,1,1
38,29,1,2,1,6,1,3,0,0,0,1,0,0,0,4.03039478823102,0,1
41,32,1,2,2,6,1,3,0,0,0,1,0,0,0,4.030639062229566,0,1
41,32,1,2,1,6,1,3,0,0,0,1,0,0,0,4.288909765557392,0,1
33,24,1,2,0,0,1,3,0,0,0,1,0,0,0,3.7720552088742005,1,1
39,30,1,2,0,0,1,3,0,0,0,1,0,1,0,3.8062389286533898,0,1
46,37,1,2,2,6,1,3,0,0,0,1,0,0,0,4.195675662809303,0,1
59,16,36,2,0,0,1,7,0,0,0,0,0,0,0,3.5,0,1
42,33,1,2,2,6,1,3,0,0,0,1,0,0,0,3.942438726128142,0,1
49,40,1,2,2,6,1,3,0,0,0,1,0,0,0,4.184183719779189,0,1
40,31,1,2,1,0,1,3,0,0,0,1,0,0,0,3.6277635530073993,1,1
38,29,1,2,2,6,1,3,0,0,0,1,0,0,0,4.306256857196537,0,1
40,31,1,2,2,6,1,3,0,0,0,1,0,0,0,4.091135423220312,0,1
42,33,1,2,2,6,1,3,0,0,0,1,0,0,0,4.2942460132322875,0,1
46,37,1,2,2,6,1,3,0,0,0,1,0,0,0,4.154870932962629,0,1
40,31,1,2,0,3,1,3,0,0,0,1,0,0,0,3.91017927888364,1,1
38,29,1,2,1,0,1,3,0,0,0,1,0,1,0,3.9783335811852636,1,1
46,37,1,2,3,0,1,3,0,0,0,1,0,1,0,3.98555573008451,1,1
45,36,1,2,2,6,1,3,0,0,0,1,0,0,0,4.062305474194334,0,1
39,30,1,2,2,6,1,3,0,0,0,1,0,0,0,3.948394345536403,0,1
37,28,1,2,2,7,1,3,0,0,0,1,0,0,0,4.09306920777189,1,1
28,19,1,2,0,0,1,3,0,0,0,1,0,0,0,3.471354487013929,1,1
47,38,1,2,2,6,1,3,0,0,0,1,0,0,0,3.865576855207248,0,1
34,25,1,2,0,0,1,3,0,0,0,1,0,0,0,3.4292750707107134,1,1
39,30,1,2,2,6,1,3,0,0,0,1,0,0,0,4.0980685120588385,0,1
49,41,0,2,4,4,1,2,0,0,0,1,0,1,0,4.1315846264110005,0,1
41,34,0,2,1,11,1,2,0,0,0,0,0,0,0,4.157767533178668,0,1
26,18,0,2,0,0,1,2,0,0,0,1,0,0,0,2.9477027792200903,0,1
42,33,1,2,2,0,1,3,0,0,0,1,0,0,0,3.7148697866030833,0,1
57,17,32,2,0,1,1,4,0,0,0,1,0,0,0,3.616874605956222,0,1
28,11,9,1,0,1,1,3,0,0,0,1,0,0,0,3.4594316186372973,1,1
83,74,1,3,0,2,1,3,0,0,0,1,0,0,0,4.554349826236315,0,1
37,30,0,2,1,1,1,2,0,0,0,0,0,0,0,3.961406329721843,1,1
39,30,1,2,1,1,1,3,0,0,0,1,0,0,0,3.961406329721843,1,1
20,5,7,1,0,1,1,3,0,0,0,1,0,0,0,1.9219280948873623,0,1
50,16,26,2,0,0,1,5,0,0,0,1,0,1,0,3.202819531114783,1,1
41,34,0,2,1,11,1,2,0,0,0,0,0,0,0,4.157767533178668,0,1
43,36,0,2,1,7,1,2,0,0,0,0,0,0,0,4.117861029749889,0,1
35,28,0,2,1,7,1,2,0,0,0,0,0,0,0,3.994680368408909,0,1
37,11,18,1,1,1,1,4,0,0,0,1,0,0,0,3.2776134368191157,0,1
37,11,18,1,0,5,1,4,0,0,0,1,0,0,0,3.2776134368191157,0,1
81,30,16,3,0,1,3,3,2,0,0,1,0,0,0,3.781076011914607,0,1
83,32,16,3,0,1,3,3,2,0,0,1,0,0,0,3.7067475629608078,0,1
62,14,40,2,3,2,1,4,0,0,0,1,0,0,0,3.2359263506290326,0,1
49,19,9,1,0,4,2,3,1,0,0,1,0,0,0,3.3263604079526936,0,1
21,10,3,2,0,1,1,3,0,0,0,1,0,0,0,2.4464393446710155,0,1
42,28,6,2,0,0,1,4,0,0,0,1,0,0,0,3.5785559236087936,0,1
78,28,15,3,0,3,2,4,1,0,0,1,0,0,0,3.5785559236087936,0,1
22,6,8,1,0,1,1,3,0,0,0,1,0,0,0,2.584962500721156,0,1
36,17,11,3,0,1,1,3,0,0,0,1,0,0,0,3.4548223999466057,0,1
45,37,0,2,0,7,1,2,0,0,0,1,0,0,0,4.162023973678586,0,1
20,11,1,1,0,0,1,3,0,0,0,1,0,0,0,3.2776134368191157,0,1
24,15,1,2,0,0,1,3,0,0,0,1,0,0,0,3.323231428797621,0,1
36,27,1,1,2,0,1,3,0,0,0,1,0,0,0,3.6339740759971573,0,1
40,31,1,2,2,0,1,3,0,0,0,1,0,0,0,3.7600172778496534,0,1
30,23,0,2,0,9,1,2,0,0,0,0,0,0,0,3.795088586397732,0,1
101,31,62,2,9,14,1,5,0,0,0,1,0,0,0,4.168243795012672,0,1
35,28,0,2,1,8,1,2,0,0,0,0,0,0,0,4.280394654123195,0,1
41,34,0,2,1,11,1,2,0,0,0,0,0,0,0,4.19438848899739,0,1
34,26,0,2,1,11,1,2,0,0,0,1,0,0,0,4.026986833359287,0,1
43,36,0,2,1,8,1,2,0,0,0,0,0,0,0,4.382021446536749,0,1
37,28,1,1,2,0,1,3,0,0,0,1,0,0,0,4.039148671903071,0,1
46,28,10,2,2,0,1,3,0,0,0,1,0,0,0,4.039148671903071,0,1
155,24,28,1,0,19,6,5,5,0,0,1,0,0,0,3.736440501696144,0,1
40,19,13,2,1,0,1,3,0,0,0,1,0,0,0,3.5766176449086657,1,1
41,19,14,2,1,0,1,4,0,0,0,1,0,0,0,3.5766176449086657,1,1
42,19,15,2,2,1,1,4,0,0,0,1,0,0,0,3.5766176449086657,1,1
37,19,10,2,1,0,1,4,0,0,0,1,0,0,0,3.5766176449086657,1,1
38,21,9,2,1,0,1,4,0,0,0,1,0,0,0,3.558518613048906,1,1
35,20,7,2,2,0,1,4,0,0,0,1,0,0,0,3.4464393446710155,1,1
42,21,13,2,1,0,1,4,0,0,0,1,0,0,0,3.594465636961452,1,1
37,19,10,2,1,0,1,4,0,0,0,1,0,0,0,3.5766176449086657,1,1
39,18,13,2,3,0,1,4,0,0,0,1,0,0,0,3.3921472236645345,1,1
38,20,10,2,2,0,1,4,0,0,0,1,0,0,0,3.4464393446710155,1,1
39,32,0,2,1,9,1,2,0,0,0,0,0,0,0,4.1136085007312415,0,1
31,24,0,2,1,9,1,2,0,0,0,0,0,0,0,3.938721875540867,0,1
32,18,6,1,0,2,1,4,0,0,0,1,0,0,0,3.5032583347756456,0,1
54,22,9,1,1,0,2,3,1,0,0,1,0,0,0,3.5337712560645573,0,1
26,18,0,1,1,0,1,2,0,0,0,1,0,0,0,3.5032583347756456,0,1
46,22,16,2,2,0,1,4,0,0,0,1,0,0,0,3.788754913993503,1,1
34,18,8,2,1,0,1,4,0,0,0,1,0,0,0,3.3921472236645345,1,1
33,18,7,2,1,0,1,3,0,0,0,1,0,0,0,3.3921472236645345,1,1
27,11,8,1,0,1,1,3,0,0,0,1,0,0,0,3.2776134368191157,0,1
235,25,18,2,0,34,3,4,2,0,0,1,0,0,0,3.6390795706241748,0,1
237,25,18,2,0,35,4,4,2,0,0,1,0,0,0,3.6390795706241748,0,1
34,16,10,1,0,3,1,3,0,0,0,1,0,0,0,3.625,0,1
239,25,18,2,0,36,5,4,2,0,0,1,0,0,0,3.6390795706241748,0,1
235,25,18,2,0,34,3,4,2,0,0,1,0,0,0,3.6390795706241748,0,1
81,30,16,3,0,1,3,3,2,0,0,1,0,0,0,3.781076011914607,0,1
35,26,1,2,0,4,1,3,0,0,0,1,0,0,0,3.792376622970446,0,1
73,36,11,3,1,5,3,3,0,0,1,1,0,0,0,4.194385682587764,0,1
46,22,16,2,0,3,1,3,0,0,0,1,0,0,0,3.572623663895164,0,1
36,14,14,1,0,2,1,4,0,0,0,1,0,0,0,3.3787834934861753,0,1
55,11,22,1,0,15,2,5,0,0,0,1,0,1,0,3.0271691184406184,0,1
57,13,22,1,0,18,2,5,0,0,0,1,0,1,0,3.3927474104487847,0,1
57,13,22,1,0,18,2,5,0,0,0,1,0,1,0,3.546593564294939,0,1
30,22,0,2,1,0,1,2,0,0,0,1,0,0,0,3.481714572986073,1,1
38,23,7,2,0,0,1,3,0,0,0,1,0,0,0,3.5342190211803404,1,1
38,17,13,2,2,0,1,3,0,0,0,1,0,0,0,3.29277019393699,1,1
42,34,0,2,2,0,1,2,0,0,0,1,0,0,0,3.785561002824151,1,1
33,25,0,2,1,0,1,2,0,0,0,1,0,0,0,3.7034651896016473,1,1
34,26,0,2,1,1,1,2,0,0,0,1,0,0,0,3.902174814211728,0,1
30,22,0,2,1,0,1,2,0,0,0,1,0,0,0,3.823067982273661,0,1
58,14,22,1,0,18,2,5,0,0,0,1,0,1,0,3.521640636343318,0,1
57,13,22,1,0,18,2,5,0,0,0,1,0,1,0,3.546593564294939,0,1
53,9,22,1,0,15,2,5,0,0,0,1,0,1,0,3.169925001442312,0,1
24,15,1,1,0,0,1,3,0,0,0,1,0,0,0,3.1898980954642875,0,1
29,15,6,2,0,0,1,3,0,0,0,1,0,0,0,3.1898980954642875,0,1
29,15,6,2,0,0,1,3,0,0,0,1,0,0,0,3.1898980954642875,0,1
30,15,7,2,0,0,1,3,0,0,0,1,0,0,0,3.1898980954642875,0,1
171,14,4,4,1,25,8,6,4,0,0,1,0,0,0,3.2359263506290326,1,1
436,19,10,9,9,74,46,3,6,0,0,1,0,0,0,3.1813663288914587,0,1
601,15,10,8,10,90,50,3,6,0,0,1,0,0,0,3.0062389286533895,0,1
40,10,9,1,0,4,2,3,1,0,0,1,0,0,0,3.3219280948873626,0,1
20,5,7,1,0,2,1,3,0,0,0,1,0,0,0,1.9219280948873623,0,1
44,13,23,1,0,9,1,5,0,0,0,1,0,0,0,3.238901256602631,0,1
43,12,23,1,0,10,1,5,0,0,0,1,0,0,0,3.4182958340544896,0,1
42,11,23,1,0,10,1,5,0,0,0,1,0,0,0,3.2776134368191157,0,1
31,23,1,2,0,10,1,3,0,0,0,0,0,0,0,3.6211755429194707,0,1
32,23,1,2,0,10,1,3,0,0,0,1,0,0,0,3.6211755429194707,0,1
36,27,1,2,0,11,1,3,0,0,0,1,0,0,0,3.7080481500712312,0,1
35,27,1,2,0,11,1,3,0,0,0,0,0,0,0,3.7080481500712312,0,1
41,10,23,1,0,10,1,5,0,0,0,1,0,0,0,3.3219280948873626,0,1
42,11,23,1,0,11,1,5,0,0,0,1,0,0,0,3.4594316186372973,0,1
44,13,23,1,0,9,1,5,0,0,0,1,0,0,0,2.931208948910323,0,1
42,11,23,1,0,11,1,5,0,0,0,1,0,0,0,3.2776134368191157,0,1
43,12,23,1,0,10,1,5,0,0,0,1,0,0,0,3.2516291673878226,0,1
43,12,23,1,0,10,1,5,0,0,0,1,0,0,0,3.4182958340544896,0,1
44,13,23,1,0,11,1,5,0,0,0,1,0,0,0,3.180832987205441,0,1
44,13,23,1,0,12,1,5,0,0,0,1,0,0,0,3.180832987205441,0,1
43,12,23,1,0,9,1,5,0,0,0,1,0,0,0,3.4182958340544896,0,1
43,12,23,1,0,11,1,5,0,0,0,1,0,0,0,3.4182958340544896,0,1
30,21,1,1,1,0,1,3,0,0,0,1,0,0,0,3.3680424225727155,0,1
41,21,12,2,1,0,1,3,0,0,0,1,0,0,0,3.3680424225727155,0,1
30,16,6,1,1,8,1,3,0,0,0,1,0,0,0,3.75,0,1
30,15,7,1,1,0,1,4,0,0,0,1,0,1,0,3.773557262275186,0,1
29,20,1,1,1,0,1,3,0,0,0,1,0,0,0,3.3464393446710154,0,1
33,24,1,2,1,0,1,3,0,0,0,1,0,0,0,3.4906015629507223,0,1
35,26,1,2,0,0,1,3,0,0,0,1,0,0,0,3.700439718141092,1,1
29,20,1,2,1,0,1,3,0,0,0,1,0,0,0,3.584183719779189,1,1
24,16,1,1,0,0,1,3,0,0,0,0,0,0,0,3.5,0,1
22,14,1,1,0,0,1,3,0,0,0,0,0,0,0,3.0391486719030705,0,1
26,17,1,1,1,0,1,3,0,0,0,1,0,0,0,3.381580488309163,0,1
37,17,12,2,1,0,1,3,0,0,0,1,0,0,0,3.381580488309163,0,1
24,15,1,1,0,0,1,3,0,0,0,1,0,0,0,3.506890595608519,0,1
27,20,0,1,1,0,1,2,0,0,0,0,0,0,0,3.7219280948873625,0,1
20,5,7,1,0,0,1,3,0,0,0,1,0,0,0,1.9219280948873623,0,1
38,16,14,3,0,1,1,3,0,0,0,1,0,0,0,3.75,0,1
48,17,23,1,3,13,1,3,0,0,0,1,0,0,0,3.4548223999466057,0,1
37,9,10,2,0,0,2,3,1,0,0,1,0,0,0,2.94770277922009,0,1
56,12,22,1,0,16,2,5,0,0,0,1,0,1,0,3.0220552088742005,0,1
65,21,22,1,3,23,2,5,0,0,0,1,0,1,0,3.617809684374455,0,1
54,10,22,1,0,19,2,5,0,0,0,1,0,1,0,3.3219280948873626,0,1
74,27,40,2,7,6,1,4,0,0,0,0,0,0,0,3.81008102052173,0,1
56,12,22,1,0,17,2,5,0,0,0,1,0,1,0,3.4182958340544896,0,1
133,27,99,2,14,21,7,5,0,0,0,0,0,0,0,3.81008102052173,0,1
137,27,103,2,14,23,7,5,0,0,0,0,0,0,0,3.81008102052173,0,1
30,17,5,1,0,0,1,4,0,0,0,1,0,0,0,3.2639334294856335,0,1
31,17,5,1,0,0,2,4,0,0,0,1,0,0,0,3.2639334294856335,0,1
42,17,5,2,0,0,3,4,0,0,1,1,0,0,0,3.2639334294856335,0,1
35,14,14,4,0,11,1,3,0,1,0,0,0,0,0,2.8423709931771084,0,1
22,14,1,3,0,11,1,3,0,1,0,0,0,0,0,2.8423709931771084,0,1
29,6,15,1,0,0,1,3,0,0,0,1,0,1,0,2.584962500721156,0,1
104,29,67,2,10,22,1,5,0,0,0,1,0,0,0,4.043855461526302,0,1
50,38,4,3,0,0,1,4,0,0,0,1,0,0,0,3.6288278440927844,0,1
40,28,4,3,0,0,1,4,0,0,0,1,0,0,0,3.5530900835303276,0,1
33,24,1,1,1,0,1,3,0,0,0,1,0,0,0,3.688721875540867,0,1
37,24,5,1,1,0,1,3,0,0,0,1,0,0,0,3.688721875540867,0,1
40,24,8,1,1,0,1,3,0,0,0,1,0,0,0,3.688721875540867,0,1
40,24,8,1,1,0,1,3,0,0,0,1,0,0,0,3.688721875540867,0,1
32,25,0,2,2,0,1,2,0,0,0,0,0,0,0,3.6732696895151085,1,1
34,25,1,2,2,0,1,3,0,0,0,1,0,0,0,3.6732696895151085,1,1
32,17,7,1,0,1,1,3,0,0,0,1,0,0,0,3.007196489685617,0,1
33,18,7,1,0,1,1,3,0,0,0,1,0,0,0,3.4613201402110083,0,1
28,13,7,1,0,1,1,3,0,0,0,1,0,0,0,3.238901256602631,0,1
31,16,7,1,0,1,1,3,0,0,0,1,0,0,0,3.452819531114783,0,1
65,21,36,2,2,9,1,6,0,0,0,1,0,1,0,3.7849418274376427,0,1
44,14,11,2,0,0,2,5,1,0,0,1,0,1,0,3.2359263506290326,0,1
34,18,8,1,0,1,1,3,0,0,0,1,0,0,0,3.5724312513221195,0,1
31,16,7,1,0,1,1,3,0,0,0,1,0,0,0,3.452819531114783,0,1
33,18,7,1,0,1,1,3,0,0,0,1,0,0,0,3.5724312513221195,0,1
32,17,7,1,0,1,1,3,0,0,0,1,0,0,0,3.1751231351134606,0,1
31,16,7,1,0,1,1,3,0,0,0,1,0,0,0,3.375,0,1
31,16,7,1,0,1,1,3,0,0,0,1,0,0,0,3.5,0,1
31,16,7,1,0,1,1,3,0,0,0,1,0,0,0,3.202819531114783,0,1
33,18,7,1,0,1,1,3,0,0,0,1,0,0,0,3.5032583347756456,0,1
31,16,7,1,0,1,1,3,0,0,0,1,0,0,0,3.2806390622295662,0,1
31,16,7,1,0,1,1,3,0,0,0,1,0,0,0,3.577819531114783,0,1
33,18,7,1,0,1,1,3,0,0,0,1,0,0,0,3.614369445886757,0,1
32,17,7,1,0,1,1,3,0,0,0,1,0,0,0,3.4548223999466057,0,1
52,43,1,2,2,14,1,3,0,0,0,1,0,0,0,4.315231324217973,1,1
32,10,14,1,2,0,1,4,0,0,0,1,0,0,0,2.9219280948873623,0,1
38,16,14,2,0,0,1,4,0,0,0,1,0,0,0,3.452819531114783,0,1
37,16,14,2,0,0,1,4,0,0,0,0,0,0,0,3.452819531114783,0,1
22,8,6,1,0,0,1,3,0,0,0,1,0,0,0,2.75,0,1
21,8,5,1,0,1,1,3,0,0,0,1,0,0,0,2.75,0,1
43,34,1,2,1,0,1,3,0,0,0,1,0,0,0,3.7633584292311077,0,1
35,13,14,2,1,0,1,4,0,0,0,1,0,0,0,3.334679141051595,0,1
55,36,11,2,1,5,1,3,0,0,0,1,0,0,0,4.194385682587764,0,1
30,23,0,1,2,0,1,2,0,0,0,0,0,1,0,3.740953260404839,0,1
45,31,6,2,0,0,1,4,0,0,0,1,0,0,0,3.511323537702986,0,1
81,36,37,3,4,7,1,6,0,0,0,1,0,0,0,4.350209029099897,0,1
24,15,1,2,0,1,1,3,0,0,0,1,0,0,0,3.3735572622751855,1,1
33,15,10,1,0,0,1,4,0,0,0,1,0,0,0,3.0062389286533895,0,1
48,21,19,4,0,0,1,5,0,0,0,1,0,1,0,3.558518613048906,1,1
37,16,13,2,0,0,1,4,0,0,0,1,0,1,0,3.5,0,1
40,16,16,2,0,15,1,3,0,0,0,1,0,0,0,2.827819531114783,1,1
87,36,43,3,5,9,1,6,0,0,0,1,0,0,0,4.371178126382215,0,1
84,36,40,3,5,9,1,6,0,0,0,1,0,0,0,4.371178126382215,0,1
37,30,0,2,2,0,1,2,0,0,0,0,0,0,0,3.872905595320056,1,1
41,34,0,2,4,0,1,2,0,0,0,0,0,0,0,3.888789679422002,1,1
43,34,1,2,4,0,1,3,0,0,0,1,0,0,0,3.888789679422002,1,1
42,13,21,2,0,2,1,5,0,0,0,1,0,1,0,3.3927474104487847,0,1
68,19,41,4,1,0,1,8,0,0,0,1,0,0,0,3.431623565847431,0,1
56,19,29,3,1,0,1,7,0,0,0,1,0,0,0,3.431623565847431,0,1
40,23,9,1,0,1,1,4,0,0,0,1,0,0,0,3.9690016298759927,0,1
38,16,12,2,0,2,2,3,1,0,0,1,0,0,0,3.327819531114783,0,1
39,18,13,2,0,3,1,5,0,0,0,1,0,0,0,3.350209029099897,0,1
39,18,13,2,0,4,1,5,0,0,0,1,0,0,0,3.350209029099897,0,1
43,14,21,2,0,5,2,4,0,0,1,1,0,0,0,3.2359263506290326,0,1
45,20,18,2,0,1,1,4,0,0,0,0,0,0,0,3.584183719779189,0,1
47,19,20,2,0,0,1,5,0,0,0,1,0,0,0,3.431623565847431,0,1
32,14,10,1,0,0,1,4,0,0,0,1,0,0,0,3.1820058147602133,0,1
40,31,1,2,2,0,1,3,0,0,0,1,0,0,0,4.042433003725894,0,1
29,20,1,2,0,2,1,3,0,0,0,1,0,0,0,3.3841837197791893,1,1
88,18,62,2,1,2,1,10,0,0,0,1,0,0,0,3.614369445886757,0,1
48,12,29,3,1,3,1,7,0,0,0,0,0,0,0,3.2516291673878226,0,1
83,74,1,3,0,14,1,3,0,0,0,1,0,0,0,4.7652909137287045,0,1
96,74,14,4,0,16,1,3,0,0,0,1,0,0,0,4.672310041820107,0,1
23,4,11,1,0,1,1,3,0,0,0,1,0,0,0,2.0,1,1
38,15,15,3,0,0,1,4,0,0,0,1,0,0,0,3.3735572622751855,0,1
26,15,3,2,0,0,1,3,0,0,0,1,0,0,0,3.3735572622751855,0,1
35,27,1,2,0,0,1,3,0,0,0,0,0,0,0,3.457867131472584,1,1
36,27,1,2,0,0,1,3,0,0,0,1,0,0,0,3.457867131472584,1,1
79,43,28,3,1,25,3,3,0,0,0,1,0,1,0,4.147341069593006,1,1
72,43,21,3,1,20,1,3,0,0,0,1,0,0,0,3.9674494999765035,1,1
64,43,13,3,1,17,1,3,0,0,0,1,0,0,0,4.140585393884789,1,1
69,43,18,3,1,26,1,3,0,0,0,1,0,0,0,4.120707417785409,1,1
28,11,9,1,0,3,1,3,0,0,0,1,0,0,0,3.4594316186372973,1,1
27,6,13,1,0,1,1,3,0,0,0,1,0,0,0,2.584962500721156,0,1
28,11,9,1,0,3,1,3,0,0,0,1,0,0,0,3.4594316186372973,1,1
28,11,9,1,0,3,1,3,0,0,0,1,0,0,0,3.4594316186372973,1,1
64,33,11,3,2,6,2,3,1,0,0,1,0,1,0,4.066677073707229,0,1
65,33,11,3,2,8,2,3,1,0,0,1,0,1,0,4.066677073707229,0,1
28,11,9,1,0,6,1,3,0,0,0,1,0,0,0,3.4594316186372973,1,1
20,5,7,1,0,0,1,3,0,0,0,1,0,0,0,2.321928094887362,0,1
23,4,11,1,0,0,1,3,0,0,0,1,0,0,0,2.0,1,1
42,24,10,2,1,1,1,3,0,0,0,1,0,0,0,3.720175521464345,1,1
23,6,9,1,1,0,1,3,0,0,0,1,0,0,0,1.9182958340544896,0,1
30,17,5,2,0,0,1,4,0,0,0,1,0,0,0,3.4548223999466057,0,1
47,38,1,5,0,1,1,3,0,0,0,1,0,0,0,4.000978092779002,1,1
49,24,17,3,0,3,1,3,0,0,0,1,0,0,0,3.5220552088742005,0,1
52,33,11,3,2,5,1,3,0,0,0,1,0,1,0,4.066677073707229,0,1
71,19,44,4,0,1,1,5,0,0,0,1,0,0,0,3.431623565847431,0,1
42,21,13,3,0,0,1,6,0,0,0,1,0,0,0,3.617809684374455,1,1
26,15,3,2,0,0,1,4,0,0,0,1,0,0,0,3.640223928941852,1,1
38,29,1,2,0,0,1,3,0,0,0,1,0,0,0,3.7285021157426246,0,1
45,19,18,1,0,2,1,4,0,0,0,1,0,0,0,3.721611723969901,0,1
41,23,10,2,0,0,1,4,0,0,0,1,0,0,0,3.5342190211803404,1,1
38,19,11,2,0,0,1,4,0,0,0,1,0,0,0,3.5766176449086657,1,1
41,23,10,2,1,0,1,4,0,0,0,1,0,0,0,3.5342190211803404,1,1
43,22,13,2,2,0,1,4,0,0,0,1,0,0,0,3.2044479607083516,1,1
45,21,16,2,2,0,1,4,0,0,0,1,0,1,0,3.6537567082870015,1,1
43,23,12,2,1,0,1,4,0,0,0,1,0,0,0,3.5342190211803404,1,1
37,22,7,2,1,0,1,4,0,0,0,1,0,0,0,3.2044479607083516,1,1
40,23,9,2,0,0,1,4,0,0,0,1,0,0,0,3.5342190211803404,1,1
42,22,12,2,2,0,1,4,0,0,0,1,0,0,0,3.6635327548042547,1,1
34,19,7,2,0,0,1,4,0,0,0,1,0,0,0,3.5766176449086657,1,1
34,20,6,2,0,0,1,3,0,0,0,1,0,0,0,3.4464393446710155,1,1
41,23,10,2,2,0,1,4,0,0,0,1,0,0,0,3.642489673166126,1,1
33,19,6,2,0,0,1,4,0,0,0,1,0,0,0,3.3660913291191923,1,1
41,23,10,2,2,0,1,4,0,0,0,1,0,0,0,3.642489673166126,1,1
45,21,16,2,2,0,1,4,0,0,0,1,0,0,0,3.6537567082870015,1,1
41,23,10,2,2,0,1,4,0,0,0,1,0,0,0,3.642489673166126,1,1
41,17,16,2,1,0,1,4,0,0,0,1,0,0,0,3.29277019393699,1,1
47,22,17,2,1,0,1,4,0,0,0,1,0,0,0,3.2044479607083516,1,1
43,23,12,2,1,0,1,4,0,0,0,1,0,0,0,3.5342190211803404,1,1
39,23,8,2,0,0,1,4,0,0,0,1,0,0,0,3.5342190211803404,1,1
39,17,14,2,2,0,1,4,0,0,0,1,0,0,0,3.29277019393699,1,1
76,15,53,2,0,5,1,5,0,0,0,1,0,0,0,2.9735572622751856,1,1
105,15,62,2,0,5,2,6,1,0,0,1,0,0,0,2.9735572622751856,1,1
84,15,61,2,2,9,1,6,0,0,0,1,0,0,0,2.9735572622751856,1,1
84,15,61,2,1,4,1,6,0,0,0,1,0,0,0,2.9735572622751856,1,1
84,15,61,2,1,1,1,6,0,0,0,1,0,0,0,2.9735572622751856,1,1
84,15,61,2,0,9,1,6,0,0,0,1,0,0,0,2.9735572622751856,1,1
84,15,61,2,1,11,1,6,0,0,0,1,0,0,0,2.9735572622751856,1,1
84,15,61,2,0,10,1,6,0,0,0,1,0,0,0,2.9735572622751856,1,1
84,15,61,2,2,4,1,6,0,0,0,1,0,0,0,2.9735572622751856,1,1
84,15,61,2,0,10,1,6,0,0,0,1,0,0,0,2.9735572622751856,1,1
84,15,61,2,0,11,1,6,0,0,0,1,0,0,0,2.9735572622751856,1,1
84,15,61,2,0,3,1,6,0,0,0,1,0,0,0,2.9735572622751856,1,1
84,15,61,2,0,7,1,6,0,0,0,1,0,0,0,2.9735572622751856,1,1
84,15,61,2,0,7,1,6,0,0,0,1,0,0,0,2.9735572622751856,1,1
84,15,61,2,1,8,1,6,0,0,0,1,0,0,0,2.9735572622751856,1,1
84,15,61,2,1,8,1,6,0,0,0,1,0,0,0,2.9735572622751856,1,1
84,15,61,2,0,10,1,6,0,0,0,1,0,0,0,2.9735572622751856,1,1
84,15,61,2,1,10,1,6,0,0,0,1,0,0,0,2.9735572622751856,1,1
84,15,61,2,0,9,1,6,0,0,0,1,0,0,0,2.9735572622751856,1,1
84,15,61,2,2,5,1,6,0,0,0,1,0,0,0,2.9735572622751856,1,1
84,15,61,2,0,12,1,6,0,0,0,1,0,0,0,2.9735572622751856,1,1
84,15,61,2,0,8,1,6,0,0,0,1,0,0,0,2.9735572622751856,1,1
84,15,61,2,1,5,1,6,0,0,0,1,0,0,0,2.9735572622751856,1,1
84,15,61,2,0,9,1,6,0,0,0,1,0,0,0,2.9735572622751856,1,1
84,15,61,2,2,8,1,6,0,0,0,1,0,0,0,2.9735572622751856,1,1
84,15,61,2,2,9,1,6,0,0,0,1,0,0,0,2.9735572622751856,1,1
84,15,61,2,0,4,1,6,0,0,0,1,0,0,0,2.9735572622751856,1,1
84,15,61,2,1,8,1,6,0,0,0,1,0,0,0,2.9735572622751856,1,1
84,15,61,2,1,11,1,6,0,0,0,1,0,0,0,2.9735572622751856,1,1
84,15,61,2,0,9,1,6,0,0,0,1,0,0,0,2.9735572622751856,1,1
84,15,61,2,0,6,1,6,0,0,0,1,0,0,0,2.9735572622751856,1,1
84,15,61,2,0,6,1,6,0,0,0,1,0,0,0,2.9735572622751856,1,1
87,15,64,2,0,7,1,6,0,0,0,1,0,0,0,2.9735572622751856,1,1
87,15,64,2,2,8,1,6,0,0,0,1,0,0,0,2.9735572622751856,1,1
84,15,61,2,0,10,1,6,0,0,0,1,0,0,0,2.9735572622751856,1,1
79,15,56,2,1,9,1,5,0,0,0,1,0,0,0,2.9735572622751856,1,1
84,15,61,2,1,9,1,6,0,0,0,1,0,0,0,2.9735572622751856,1,1
78,69,1,3,6,26,1,3,0,0,0,1,0,0,0,4.675280210552356,0,1
42,27,1,2,3,12,2,3,1,0,0,1,0,0,0,3.81008102052173,0,1
46,7,2,3,1,0,3,6,1,0,0,1,0,0,0,2.2359263506290326,0,1
46,7,2,3,1,0,3,6,1,0,0,1,0,0,0,2.2359263506290326,0,1
26,11,7,1,1,0,1,3,0,0,0,1,0,0,0,3.2776134368191157,0,1
26,11,7,1,1,0,1,3,0,0,0,1,0,0,0,3.2776134368191157,0,1
83,68,7,2,0,0,1,3,0,0,0,1,0,1,0,4.242490607332676,0,1
64,49,7,2,0,0,1,3,0,0,0,1,0,1,0,4.144524129476275,0,1
22,7,7,1,0,0,1,3,0,0,0,1,0,0,0,2.8073549220576037,0,1
22,7,7,1,0,2,1,3,0,0,0,1,0,0,0,2.8073549220576037,0,1
22,7,7,1,0,0,1,3,0,0,0,1,0,0,0,2.8073549220576037,0,1
21,6,7,1,1,0,1,3,0,0,0,1,0,0,0,2.584962500721156,0,1
21,6,7,1,1,2,1,3,0,0,0,1,0,0,0,2.584962500721156,0,1
21,6,7,1,1,0,1,3,0,0,0,1,0,0,0,2.584962500721156,0,1
66,24,35,3,1,9,1,6,0,0,0,0,0,0,0,3.7406015629507223,0,1
66,24,35,3,1,9,1,6,0,0,0,0,0,0,0,3.823934896284056,0,1
66,24,35,3,1,9,1,6,0,0,0,0,0,0,0,3.7406015629507223,0,1
139,9,1,3,0,48,7,3,6,0,0,1,0,0,0,2.94770277922009,0,1
22,7,7,1,0,1,1,3,0,0,0,1,0,0,0,2.8073549220576037,0,1
22,7,7,1,0,0,1,3,0,0,0,1,0,0,0,2.8073549220576037,0,1
22,7,7,1,0,0,1,3,0,0,0,1,0,0,0,2.8073549220576037,0,1
43,34,1,3,0,6,1,3,0,0,0,1,0,0,0,4.256149238118268,0,1
22,7,7,1,0,0,1,3,0,0,0,1,0,0,0,2.8073549220576037,0,1
22,7,7,1,0,1,1,3,0,0,0,1,0,0,0,2.8073549220576037,0,1
40,14,18,3,0,3,1,5,0,0,0,1,0,0,0,3.0391486719030705,0,1
21,6,7,1,1,0,1,3,0,0,0,1,0,0,0,2.584962500721156,0,1
43,34,1,3,0,6,1,3,0,0,0,1,0,0,0,4.314972767530033,0,1
21,6,7,1,1,0,1,3,0,0,0,1,0,0,0,2.584962500721156,0,1
154,22,3,1,0,17,2,4,1,0,0,1,0,0,0,3.287866277236509,0,1
21,6,7,1,1,1,1,3,0,0,0,1,0,0,0,2.584962500721156,0,1
22,7,7,1,0,1,1,3,0,0,0,1,0,0,0,2.8073549220576037,0,1
22,7,7,1,0,0,1,3,0,0,0,1,0,0,0,2.8073549220576037,0,1
22,7,7,1,0,1,1,3,0,0,0,1,0,0,0,2.8073549220576037,0,1
22,7,7,1,0,1,1,3,0,0,0,1,0,0,0,2.8073549220576037,0,1
22,7,7,1,0,0,1,3,0,0,0,1,0,0,0,2.8073549220576037,0,1
22,7,7,1,0,0,1,3,0,0,0,1,0,0,0,2.8073549220576037,0,1
22,7,7,1,0,0,1,3,0,0,0,1,0,0,0,2.8073549220576037,0,1
22,7,7,1,0,0,1,3,0,0,0,1,0,0,0,2.8073549220576037,0,1
22,7,7,1,0,1,1,3,0,0,0,1,0,0,0,2.8073549220576037,0,1
22,7,7,1,0,1,1,3,0,0,0,1,0,0,0,2.8073549220576037,0,1
22,7,7,1,0,1,1,3,0,0,0,1,0,0,0,2.8073549220576037,0,1
22,7,7,1,0,0,1,3,0,0,0,1,0,0,0,2.8073549220576037,0,1
22,7,7,1,0,1,1,3,0,0,0,1,0,0,0,2.8073549220576037,0,1
22,7,7,1,0,0,1,3,0,0,0,1,0,0,0,2.8073549220576037,0,1
22,7,7,1,0,0,1,3,0,0,0,1,0,0,0,2.8073549220576037,0,1
22,7,7,1,0,1,1,3,0,0,0,1,0,0,0,2.8073549220576037,0,1
22,7,7,1,0,0,1,3,0,0,0,1,0,0,0,2.8073549220576037,0,1
22,7,7,1,0,1,1,3,0,0,0,1,0,0,0,2.8073549220576037,0,1
22,7,7,1,0,1,1,3,0,0,0,1,0,0,0,2.8073549220576037,0,1
22,7,7,1,0,1,1,3,0,0,0,1,0,0,0,2.8073549220576037,0,1
22,7,7,1,0,0,1,3,0,0,0,1,0,0,0,2.8073549220576037,0,1
22,7,7,1,0,0,1,3,0,0,0,1,0,0,0,2.8073549220576037,0,1
22,7,7,1,0,0,1,3,0,0,0,1,0,0,0,2.8073549220576037,0,1
22,7,7,1,0,1,1,3,0,0,0,1,0,0,0,2.8073549220576037,0,1
22,7,7,1,0,2,1,3,0,0,0,1,0,0,0,2.8073549220576037,0,1
22,7,7,1,0,1,1,3,0,0,0,1,0,0,0,2.8073549220576037,0,1
22,7,7,1,0,0,1,3,0,0,0,1,0,0,0,2.8073549220576037,0,1
22,7,7,1,0,0,1,3,0,0,0,1,0,0,0,2.8073549220576037,0,1
22,7,7,1,0,1,1,3,0,0,0,1,0,0,0,2.8073549220576037,0,1
22,7,7,1,0,0,1,3,0,0,0,1,0,0,0,2.8073549220576037,0,1
22,7,7,1,0,0,1,3,0,0,0,1,0,0,0,2.8073549220576037,0,1
22,7,7,1,0,1,1,3,0,0,0,1,0,0,0,2.8073549220576037,0,1
22,7,7,1,0,1,1,3,0,0,0,1,0,0,0,2.8073549220576037,0,1
22,7,7,1,0,2,1,3,0,0,0,1,0,0,0,2.8073549220576037,0,1
22,7,7,1,0,0,1,3,0,0,0,1,0,0,0,2.8073549220576037,0,1
22,7,7,1,0,0,1,3,0,0,0,1,0,0,0,2.8073549220576037,0,1
22,7,7,1,0,0,1,3,0,0,0,1,0,0,0,2.8073549220576037,0,1
22,7,7,1,0,0,1,3,0,0,0,1,0,0,0,2.8073549220576037,0,1
22,7,7,1,0,0,1,3,0,0,0,1,0,0,0,2.8073549220576037,0,1
22,7,7,1,0,1,1,3,0,0,0,1,0,0,0,2.8073549220576037,0,1
22,7,7,1,0,0,1,3,0,0,0,1,0,0,0,2.8073549220576037,0,1
22,7,7,1,0,1,1,3,0,0,0,1,0,0,0,2.8073549220576037,0,1
22,7,7,1,0,0,1,3,0,0,0,1,0,0,0,2.8073549220576037,0,1
22,7,7,1,0,0,1,3,0,0,0,1,0,0,0,2.8073549220576037,0,1
22,7,7,1,0,0,1,3,0,0,0,1,0,0,0,2.8073549220576037,0,1
22,7,7,1,0,1,1,3,0,0,0,1,0,0,0,2.8073549220576037,0,1
22,7,7,1,0,0,1,3,0,0,0,1,0,0,0,2.8073549220576037,0,1
22,7,7,1,0,0,1,3,0,0,0,1,0,0,0,2.8073549220576037,0,1
22,7,7,1,0,0,1,3,0,0,0,1,0,0,0,2.8073549220576037,0,1
22,7,7,1,0,1,1,3,0,0,0,1,0,0,0,2.8073549220576037,0,1
22,7,7,1,0,0,1,3,0,0,0,1,0,0,0,2.8073549220576037,0,1
22,7,7,1,0,1,1,3,0,0,0,1,0,0,0,2.8073549220576037,0,1
22,7,7,1,0,0,1,3,0,0,0,1,0,0,0,2.8073549220576037,0,1
22,7,7,1,0,0,1,3,0,0,0,1,0,0,0,2.8073549220576037,0,1
22,7,7,1,0,0,1,3,0,0,0,1,0,0,0,2.8073549220576037,0,1
22,7,7,1,0,0,1,3,0,0,0,1,0,0,0,2.8073549220576037,0,1
22,7,7,1,0,0,1,3,0,0,0,1,0,0,0,2.8073549220576037,0,1
22,7,7,1,0,0,1,3,0,0,0,1,0,0,0,2.8073549220576037,0,1
22,7,7,1,0,1,1,3,0,0,0,1,0,0,0,2.8073549220576037,0,1
22,7,7,1,0,0,1,3,0,0,0,1,0,0,0,2.8073549220576037,0,1
22,7,7,1,0,0,1,3,0,0,0,1,0,0,0,2.8073549220576037,0,1
22,7,7,1,0,0,1,3,0,0,0,1,0,0,0,2.8073549220576037,0,1
22,7,7,1,0,1,1,3,0,0,0,1,0,0,0,2.8073549220576037,0,1
22,7,7,1,0,0,1,3,0,0,0,1,0,0,0,2.8073549220576037,0,1
22,7,7,1,0,0,1,3,0,0,0,1,0,0,0,2.8073549220576037,0,1
22,7,7,1,0,0,1,3,0,0,0,1,0,0,0,2.8073549220576037,0,1
22,7,7,1,0,1,1,3,0,0,0,1,0,0,0,2.8073549220576037,0,1
22,7,7,1,0,0,1,3,0,0,0,1,0,0,0,2.8073549220576037,0,1
22,7,7,1,0,1,1,3,0,0,0,1,0,0,0,2.8073549220576037,0,1
22,7,7,1,0,1,1,3,0,0,0,1,0,0,0,2.8073549220576037,0,1
22,7,7,1,0,0,1,3,0,0,0,1,0,0,0,2.8073549220576037,0,1
22,7,7,1,0,0,1,3,0,0,0,1,0,0,0,2.8073549220576037,0,1
22,7,7,1,0,0,1,3,0,0,0,1,0,0,0,2.8073549220576037,0,1
22,7,7,1,0,1,1,3,0,0,0,1,0,0,0,2.8073549220576037,0,1
22,7,7,1,0,0,1,3,0,0,0,1,0,0,0,2.8073549220576037,0,1
22,7,7,1,0,2,1,3,0,0,0,1,0,0,0,2.8073549220576037,0,1
22,7,7,1,0,1,1,3,0,0,0,1,0,0,0,2.8073549220576037,0,1
22,7,7,1,0,0,1,3,0,0,0,1,0,0,0,2.8073549220576037,0,1
30,7,15,1,0,0,1,3,0,0,0,1,0,0,0,2.8073549220576037,0,1
22,7,7,1,0,0,1,3,0,0,0,1,0,0,0,2.8073549220576037,0,1
22,7,7,1,0,0,1,3,0,0,0,1,0,0,0,2.8073549220576037,0,1
22,7,7,1,0,0,1,3,0,0,0,1,0,0,0,2.8073549220576037,0,1
22,7,7,1,0,0,1,3,0,0,0,1,0,0,0,2.8073549220576037,0,1
22,7,7,1,0,0,1,3,0,0,0,1,0,0,0,2.8073549220576037,0,1
22,7,7,1,0,1,1,3,0,0,0,1,0,0,0,2.8073549220576037,0,1
22,7,7,1,0,0,1,3,0,0,0,1,0,0,0,2.8073549220576037,0,1
22,7,7,1,0,1,1,3,0,0,0,1,0,0,0,2.8073549220576037,0,1
22,7,7,1,0,1,1,3,0,0,0,1,0,0,0,2.8073549220576037,0,1
22,7,7,1,0,1,1,3,0,0,0,1,0,0,0,2.8073549220576037,0,1
22,7,7,1,0,0,1,3,0,0,0,1,0,0,0,2.8073549220576037,0,1
22,7,7,1,0,0,1,3,0,0,0,1,0,0,0,2.8073549220576037,0,1
22,7,7,1,0,0,1,3,0,0,0,1,0,0,0,2.8073549220576037,0,1
22,7,7,1,0,0,1,3,0,0,0,1,0,0,0,2.8073549220576037,0,1
22,7,7,1,0,1,1,3,0,0,0,1,0,0,0,2.8073549220576037,0,1
22,7,7,1,0,0,1,3,0,0,0,1,0,0,0,2.8073549220576037,0,1
22,7,7,1,0,2,1,3,0,0,0,1,0,0,0,2.8073549220576037,0,1
22,7,7,1,0,0,1,3,0,0,0,1,0,0,0,2.8073549220576037,0,1
22,7,7,1,0,1,1,3,0,0,0,1,0,0,0,2.8073549220576037,0,1
22,7,7,1,0,0,1,3,0,0,0,1,0,0,0,2.8073549220576037,0,1
22,7,7,1,0,1,1,3,0,0,0,1,0,0,0,2.8073549220576037,0,1
22,7,7,1,0,0,1,3,0,0,0,1,0,0,0,2.8073549220576037,0,1
22,7,7,1,0,0,1,3,0,0,0,1,0,0,0,2.8073549220576037,0,1
22,7,7,1,0,0,1,3,0,0,0,1,0,0,0,2.8073549220576037,0,1
22,7,7,1,0,0,1,3,0,0,0,1,0,0,0,2.8073549220576037,0,1
22,7,7,1,0,2,1,3,0,0,0,1,0,0,0,2.8073549220576037,0,1
22,7,7,1,0,0,1,3,0,0,0,1,0,0,0,2.8073549220576037,0,1
22,7,7,1,0,0,1,3,0,0,0,1,0,0,0,2.8073549220576037,0,1
22,7,7,1,0,0,1,3,0,0,0,1,0,0,0,2.8073549220576037,0,1
22,7,7,1,0,0,1,3,0,0,0,1,0,0,0,2.8073549220576037,0,1
22,7,7,1,0,2,1,3,0,0,0,1,0,0,0,2.8073549220576037,0,1
22,7,7,1,0,0,1,3,0,0,0,1,0,0,0,2.8073549220576037,0,1
22,7,7,1,0,0,1,3,0,0,0,1,0,0,0,2.8073549220576037,0,1
22,7,7,1,0,0,1,3,0,0,0,1,0,0,0,2.8073549220576037,0,1
22,7,7,1,0,0,1,3,0,0,0,1,0,0,0,2.8073549220576037,0,1
22,7,7,1,0,1,1,3,0,0,0,1,0,0,0,2.8073549220576037,0,1
22,7,7,1,0,1,1,3,0,0,0,1,0,0,0,2.8073549220576037,0,1
22,7,7,1,0,1,1,3,0,0,0,1,0,0,0,2.8073549220576037,0,1
22,7,7,1,0,1,1,3,0,0,0,1,0,0,0,2.8073549220576037,0,1
22,7,7,1,0,0,1,3,0,0,0,1,0,0,0,2.8073549220576037,0,1
22,7,7,1,0,0,1,3,0,0,0,1,0,0,0,2.8073549220576037,0,1
22,7,7,1,0,1,1,3,0,0,0,1,0,0,0,2.8073549220576037,0,1
22,7,7,1,0,0,1,3,0,0,0,1,0,0,0,2.8073549220576037,0,1
22,7,7,1,0,0,1,3,0,0,0,1,0,0,0,2.8073549220576037,0,1
22,7,7,1,0,0,1,3,0,0,0,1,0,0,0,2.8073549220576037,0,1
22,7,7,1,0,1,1,3,0,0,0,1,0,0,0,2.8073549220576037,0,1
22,7,7,1,0,1,1,3,0,0,0,1,0,0,0,2.8073549220576037,0,1
22,7,7,1,0,0,1,3,0,0,0,1,0,0,0,2.8073549220576037,0,1
22,7,7,1,0,0,1,3,0,0,0,1,0,0,0,2.8073549220576037,0,1
22,7,7,1,0,0,1,3,0,0,0,1,0,0,0,2.8073549220576037,0,1
22,7,7,1,0,0,1,3,0,0,0,1,0,0,0,2.8073549220576037,0,1
22,7,7,1,0,1,1,3,0,0,0,1,0,0,0,2.8073549220576037,0,1
22,7,7,1,0,0,1,3,0,0,0,1,0,0,0,2.8073549220576037,0,1
22,7,7,1,0,1,1,3,0,0,0,1,0,0,0,2.8073549220576037,0,1
22,7,7,1,0,0,1,3,0,0,0,1,0,0,0,2.8073549220576037,0,1
22,7,7,1,0,2,1,3,0,0,0,1,0,0,0,2.8073549220576037,0,1
22,7,7,1,0,1,1,3,0,0,0,1,0,0,0,2.8073549220576037,0,1
22,7,7,1,0,0,1,3,0,0,0,1,0,0,0,2.8073549220576037,0,1
22,7,7,1,0,0,1,3,0,0,0,1,0,0,0,2.8073549220576037,0,1
22,7,7,1,0,1,1,3,0,0,0,1,0,0,0,2.8073549220576037,0,1
22,7,7,1,0,0,1,3,0,0,0,1,0,0,0,2.8073549220576037,0,1
22,7,7,1,0,0,1,3,0,0,0,1,0,0,0,2.8073549220576037,0,1
22,7,7,1,0,1,1,3,0,0,0,1,0,0,0,2.8073549220576037,0,1
22,7,7,1,0,1,1,3,0,0,0,1,0,0,0,2.8073549220576037,0,1
22,7,7,1,0,1,1,3,0,0,0,1,0,0,0,2.8073549220576037,0,1
22,7,7,1,0,1,1,3,0,0,0,1,0,0,0,2.8073549220576037,0,1
22,7,7,1,0,0,1,3,0,0,0,1,0,0,0,2.8073549220576037,0,1
22,7,7,1,0,0,1,3,0,0,0,1,0,0,0,2.8073549220576037,0,1
22,7,7,1,0,0,1,3,0,0,0,1,0,0,0,2.8073549220576037,0,1
22,7,7,1,0,0,1,3,0,0,0,1,0,0,0,2.8073549220576037,0,1
22,7,7,1,0,0,1,3,0,0,0,1,0,0,0,2.8073549220576037,0,1
22,7,7,1,0,1,1,3,0,0,0,1,0,0,0,2.8073549220576037,0,1
22,7,7,1,0,0,1,3,0,0,0,1,0,0,0,2.8073549220576037,0,1
22,7,7,1,0,1,1,3,0,0,0,1,0,0,0,2.8073549220576037,0,1
22,7,7,1,0,3,1,3,0,0,0,1,0,0,0,2.8073549220576037,0,1
22,7,7,1,0,2,1,3,0,0,0,1,0,0,0,2.8073549220576037,0,1
22,7,7,1,0,0,1,3,0,0,0,1,0,0,0,2.8073549220576037,0,1
22,7,7,1,0,0,1,3,0,0,0,1,0,0,0,2.8073549220576037,0,1
21,7,6,1,0,0,1,3,0,0,0,1,0,0,0,2.8073549220576037,0,1
22,7,7,1,0,2,1,3,0,0,0,1,0,0,0,2.8073549220576037,0,1
22,7,7,1,0,0,1,3,0,0,0,1,0,0,0,2.8073549220576037,0,1
22,7,7,1,0,0,1,3,0,0,0,1,0,0,0,2.8073549220576037,0,1
22,7,7,1,0,0,1,3,0,0,0,1,0,0,0,2.8073549220576037,0,1
22,7,7,1,0,0,1,3,0,0,0,1,0,0,0,2.8073549220576037,0,1
22,7,7,1,0,2,1,3,0,0,0,1,0,0,0,2.8073549220576037,0,1
22,7,7,1,0,0,1,3,0,0,0,1,0,0,0,2.8073549220576037,0,1
22,7,7,1,0,1,1,3,0,0,0,1,0,0,0,2.8073549220576037,0,1
22,7,7,1,0,2,1,3,0,0,0,1,0,0,0,2.8073549220576037,0,1
22,7,7,1,0,1,1,3,0,0,0,1,0,0,0,2.8073549220576037,0,1
21,6,7,1,1,1,1,3,0,0,0,1,0,0,0,2.584962500721156,0,1
22,7,7,1,0,0,1,3,0,0,0,1,0,0,0,2.8073549220576037,0,1
21,6,7,1,1,0,1,3,0,0,0,1,0,0,0,2.584962500721156,0,1
21,6,7,1,1,1,1,3,0,0,0,1,0,0,0,2.584962500721156,0,1
21,6,7,1,1,0,1,3,0,0,0,1,0,0,0,2.584962500721156,0,1
21,6,7,1,1,0,1,3,0,0,0,1,0,0,0,2.584962500721156,0,1
21,6,7,1,1,0,1,3,0,0,0,1,0,0,0,2.584962500721156,0,1
21,6,7,1,1,2,1,3,0,0,0,1,0,0,0,2.584962500721156,0,1
21,6,7,1,1,1,1,3,0,0,0,1,0,0,0,2.584962500721156,0,1
21,6,7,1,1,0,1,3,0,0,0,1,0,0,0,2.584962500721156,0,1
21,6,7,1,1,1,1,3,0,0,0,1,0,0,0,2.584962500721156,0,1
21,6,7,1,1,0,1,3,0,0,0,1,0,0,0,2.584962500721156,0,1
21,6,7,1,1,1,1,3,0,0,0,1,0,0,0,2.584962500721156,0,1
21,6,7,1,1,0,1,3,0,0,0,1,0,0,0,2.584962500721156,0,1
21,6,7,1,1,0,1,3,0,0,0,1,0,0,0,2.584962500721156,0,1
21,6,7,1,1,1,1,3,0,0,0,1,0,0,0,2.584962500721156,0,1
21,6,7,1,1,1,1,3,0,0,0,1,0,0,0,2.584962500721156,0,1
21,6,7,1,1,0,1,3,0,0,0,1,0,0,0,2.584962500721156,0,1
21,6,7,1,1,0,1,3,0,0,0,1,0,0,0,2.584962500721156,0,1
21,6,7,1,1,0,1,3,0,0,0,1,0,0,0,2.584962500721156,0,1
21,6,7,1,1,0,1,3,0,0,0,1,0,0,0,2.584962500721156,0,1
21,6,7,1,1,2,1,3,0,0,0,1,0,0,0,2.584962500721156,0,1
21,6,7,1,1,1,1,3,0,0,0,1,0,0,0,2.584962500721156,0,1
21,6,7,1,1,1,1,3,0,0,0,1,0,0,0,2.584962500721156,0,1
21,6,7,1,1,1,1,3,0,0,0,1,0,0,0,2.584962500721156,0,1
21,6,7,1,1,0,1,3,0,0,0,1,0,0,0,2.584962500721156,0,1
21,6,7,1,1,1,1,3,0,0,0,1,0,0,0,2.584962500721156,0,1
21,6,7,1,1,0,1,3,0,0,0,1,0,0,0,2.584962500721156,0,1
21,6,7,1,1,0,1,3,0,0,0,1,0,0,0,2.584962500721156,0,1
21,6,7,1,1,2,1,3,0,0,0,1,0,0,0,2.584962500721156,0,1
21,6,7,1,1,0,1,3,0,0,0,1,0,0,0,2.584962500721156,0,1
21,6,7,1,1,1,1,3,0,0,0,1,0,0,0,2.584962500721156,0,1
21,6,7,1,1,0,1,3,0,0,0,1,0,0,0,2.584962500721156,0,1
21,6,7,1,1,0,1,3,0,0,0,1,0,0,0,2.584962500721156,0,1
21,6,7,1,1,0,1,3,0,0,0,1,0,0,0,2.584962500721156,0,1
21,6,7,1,1,1,1,3,0,0,0,1,0,0,0,2.584962500721156,0,1
21,6,7,1,1,1,1,3,0,0,0,1,0,0,0,2.584962500721156,0,1
21,6,7,1,1,0,1,3,0,0,0,1,0,0,0,2.584962500721156,0,1
21,6,7,1,1,0,1,3,0,0,0,1,0,0,0,2.584962500721156,0,1
21,6,7,1,1,0,1,3,0,0,0,1,0,0,0,2.584962500721156,0,1
21,6,7,1,1,0,1,3,0,0,0,1,0,0,0,2.584962500721156,0,1
21,6,7,1,1,1,1,3,0,0,0,1,0,0,0,2.584962500721156,0,1
21,6,7,1,1,0,1,3,0,0,0,1,0,0,0,2.584962500721156,0,1
21,6,7,1,1,1,1,3,0,0,0,1,0,0,0,2.584962500721156,0,1
21,6,7,1,1,0,1,3,0,0,0,1,0,0,0,2.584962500721156,0,1
21,6,7,1,1,0,1,3,0,0,0,1,0,0,0,2.584962500721156,0,1
21,6,7,1,1,1,1,3,0,0,0,1,0,0,0,2.584962500721156,0,1
21,6,7,1,1,0,1,3,0,0,0,1,0,0,0,2.584962500721156,0,1
21,6,7,1,1,0,1,3,0,0,0,1,0,0,0,2.584962500721156,0,1
21,6,7,1,1,0,1,3,0,0,0,1,0,0,0,2.584962500721156,0,1
21,6,7,1,1,1,1,3,0,0,0,1,0,0,0,2.584962500721156,0,1
21,6,7,1,1,0,1,3,0,0,0,1,0,0,0,2.584962500721156,0,1
21,6,7,1,1,1,1,3,0,0,0,1,0,0,0,2.584962500721156,0,1
21,6,7,1,1,0,1,3,0,0,0,1,0,0,0,2.584962500721156,0,1
21,6,7,1,1,0,1,3,0,0,0,1,0,0,0,2.584962500721156,0,1
21,6,7,1,1,0,1,3,0,0,0,1,0,0,0,2.584962500721156,0,1
21,6,7,1,1,0,1,3,0,0,0,1,0,0,0,2.584962500721156,0,1
21,6,7,1,1,1,1,3,0,0,0,1,0,0,0,2.584962500721156,0,1
21,6,7,1,1,0,1,3,0,0,0,1,0,0,0,2.584962500721156,0,1
21,6,7,1,1,1,1,3,0,0,0,1,0,0,0,2.584962500721156,0,1
21,6,7,1,1,0,1,3,0,0,0,1,0,0,0,2.584962500721156,0,1
21,6,7,1,1,1,1,3,0,0,0,1,0,0,0,2.584962500721156,0,1
29,6,15,1,1,0,1,3,0,0,0,1,0,0,0,2.584962500721156,0,1
21,6,7,1,1,0,1,3,0,0,0,1,0,0,0,2.584962500721156,0,1
21,6,7,1,1,1,1,3,0,0,0,1,0,0,0,2.584962500721156,0,1
21,6,7,1,1,1,1,3,0,0,0,1,0,0,0,2.584962500721156,0,1
21,6,7,1,1,0,1,3,0,0,0,1,0,0,0,2.584962500721156,0,1
21,6,7,1,1,0,1,3,0,0,0,1,0,0,0,2.584962500721156,0,1
21,6,7,1,1,2,1,3,0,0,0,1,0,0,0,2.584962500721156,0,1
21,6,7,1,1,0,1,3,0,0,0,1,0,0,0,2.584962500721156,0,1
21,6,7,1,1,1,1,3,0,0,0,1,0,0,0,2.584962500721156,0,1
21,6,7,1,1,0,1,3,0,0,0,1,0,0,0,2.584962500721156,0,1
21,6,7,1,1,0,1,3,0,0,0,1,0,0,0,2.584962500721156,0,1
21,6,7,1,1,0,1,3,0,0,0,1,0,0,0,2.584962500721156,0,1
21,6,7,1,1,0,1,3,0,0,0,1,0,0,0,2.584962500721156,0,1
21,6,7,1,1,1,1,3,0,0,0,1,0,0,0,2.584962500721156,0,1
21,6,7,1,1,1,1,3,0,0,0,1,0,0,0,2.584962500721156,0,1
21,6,7,1,1,0,1,3,0,0,0,1,0,0,0,2.584962500721156,0,1
21,6,7,1,1,0,1,3,0,0,0,1,0,0,0,2.584962500721156,0,1
21,6,7,1,1,0,1,3,0,0,0,1,0,0,0,2.584962500721156,0,1
21,6,7,1,1,0,1,3,0,0,0,1,0,0,0,2.584962500721156,0,1
21,6,7,1,1,0,1,3,0,0,0,1,0,0,0,2.584962500721156,0,1
21,6,7,1,1,2,1,3,0,0,0,1,0,0,0,2.584962500721156,0,1
21,6,7,1,1,0,1,3,0,0,0,1,0,0,0,2.584962500721156,0,1
21,6,7,1,1,1,1,3,0,0,0,1,0,0,0,2.584962500721156,0,1
21,6,7,1,1,0,1,3,0,0,0,1,0,0,0,2.584962500721156,0,1
21,6,7,1,1,0,1,3,0,0,0,1,0,0,0,2.584962500721156,0,1
21,6,7,1,1,2,1,3,0,0,0,1,0,0,0,2.584962500721156,0,1
21,6,7,1,1,0,1,3,0,0,0,1,0,0,0,2.584962500721156,0,1
21,6,7,1,1,1,1,3,0,0,0,1,0,0,0,2.584962500721156,0,1
21,6,7,1,1,1,1,3,0,0,0,1,0,0,0,2.584962500721156,0,1
21,6,7,1,1,0,1,3,0,0,0,1,0,0,0,2.584962500721156,0,1
21,6,7,1,1,0,1,3,0,0,0,1,0,0,0,2.584962500721156,0,1
21,6,7,1,1,1,1,3,0,0,0,1,0,0,0,2.584962500721156,0,1
21,6,7,1,1,1,1,3,0,0,0,1,0,0,0,2.584962500721156,0,1
21,6,7,1,1,0,1,3,0,0,0,1,0,0,0,2.584962500721156,0,1
21,6,7,1,1,0,1,3,0,0,0,1,0,0,0,2.584962500721156,0,1
21,6,7,1,1,1,1,3,0,0,0,1,0,0,0,2.584962500721156,0,1
21,6,7,1,1,0,1,3,0,0,0,1,0,0,0,2.584962500721156,0,1
21,6,7,1,1,0,1,3,0,0,0,1,0,0,0,2.584962500721156,0,1
21,6,7,1,1,0,1,3,0,0,0,1,0,0,0,2.584962500721156,0,1
21,6,7,1,1,1,1,3,0,0,0,1,0,0,0,2.584962500721156,0,1
21,6,7,1,1,0,1,3,0,0,0,1,0,0,0,2.584962500721156,0,1
21,6,7,1,1,1,1,3,0,0,0,1,0,0,0,2.584962500721156,0,1
21,6,7,1,1,1,1,3,0,0,0,1,0,0,0,2.584962500721156,0,1
21,6,7,1,1,0,1,3,0,0,0,1,0,0,0,2.584962500721156,0,1
21,6,7,1,1,0,1,3,0,0,0,1,0,0,0,2.584962500721156,0,1
21,6,7,1,1,1,1,3,0,0,0,1,0,0,0,2.584962500721156,0,1
21,6,7,1,1,1,1,3,0,0,0,1,0,0,0,2.584962500721156,0,1
21,6,7,1,1,0,1,3,0,0,0,1,0,0,0,2.584962500721156,0,1
21,6,7,1,1,1,1,3,0,0,0,1,0,0,0,2.584962500721156,0,1
21,6,7,1,1,0,1,3,0,0,0,1,0,0,0,2.584962500721156,0,1
21,6,7,1,1,1,1,3,0,0,0,1,0,0,0,2.584962500721156,0,1
21,6,7,1,1,1,1,3,0,0,0,1,0,0,0,2.584962500721156,0,1
21,6,7,1,1,1,1,3,0,0,0,1,0,0,0,2.584962500721156,0,1
21,6,7,1,1,0,1,3,0,0,0,1,0,0,0,2.584962500721156,0,1
21,6,7,1,1,0,1,3,0,0,0,1,0,0,0,2.584962500721156,0,1
21,6,7,1,1,1,1,3,0,0,0,1,0,0,0,2.584962500721156,0,1
21,6,7,1,1,0,1,3,0,0,0,1,0,0,0,2.584962500721156,0,1
21,6,7,1,1,1,1,3,0,0,0,1,0,0,0,2.584962500721156,0,1
21,6,7,1,1,3,1,3,0,0,0,1,0,0,0,2.584962500721156,0,1
21,6,7,1,1,2,1,3,0,0,0,1,0,0,0,2.584962500721156,0,1
21,6,7,1,1,0,1,3,0,0,0,1,0,0,0,2.584962500721156,0,1
21,6,7,1,1,0,1,3,0,0,0,1,0,0,0,2.584962500721156,0,1
21,6,7,1,1,0,1,3,0,0,0,1,0,0,0,2.584962500721156,0,1
21,6,7,1,1,2,1,3,0,0,0,1,0,0,0,2.584962500721156,0,1
21,6,7,1,1,0,1,3,0,0,0,1,0,0,0,2.584962500721156,0,1
21,6,7,1,1,2,1,3,0,0,0,1,0,0,0,2.584962500721156,0,1
21,6,7,1,1,0,1,3,0,0,0,1,0,0,0,2.584962500721156,0,1
20,6,6,1,1,0,1,3,0,0,0,1,0,0,0,2.584962500721156,0,1
21,6,7,1,1,0,1,3,0,0,0,1,0,0,0,2.584962500721156,0,1
21,6,7,1,1,1,1,3,0,0,0,1,0,0,0,2.584962500721156,0,1
21,6,7,1,1,2,1,3,0,0,0,1,0,0,0,2.584962500721156,0,1
27,20,0,2,0,0,1,2,0,0,0,0,0,0,0,3.2037016960573483,1,1
32,23,1,2,0,0,1,3,0,0,0,1,0,0,0,3.8279097821439696,1,1
42,33,1,2,2,6,1,3,0,0,0,1,0,0,0,4.063650847340264,0,1
36,27,1,2,0,0,1,3,0,0,0,1,0,0,0,3.7784235030301248,1,1
44,36,0,2,2,6,1,2,0,0,0,1,0,0,0,3.9403510429286897,0,1
40,31,1,2,2,6,1,3,0,0,0,1,0,0,0,4.026619294188054,0,1
35,27,0,2,0,2,1,2,0,0,0,1,0,0,0,4.208410187268525,1,1
41,24,9,1,0,0,1,6,0,0,0,1,0,0,0,3.8553885422075336,0,1
41,33,0,2,2,6,1,2,0,0,0,1,0,0,0,3.942438726128142,0,1
43,34,1,2,2,6,1,3,0,0,0,1,0,0,0,4.278351811711311,0,1
45,29,8,2,1,2,1,3,0,0,0,1,0,0,0,4.021268494903765,0,1
45,36,1,2,2,6,1,3,0,0,0,1,0,0,0,4.294653473544342,0,1
44,35,1,2,2,6,1,3,0,0,0,1,0,0,0,4.286146588249911,0,1
42,33,1,2,2,6,1,3,0,0,0,1,0,0,0,3.9225895736416696,0,1
51,42,1,2,2,6,1,3,0,0,0,1,0,0,0,4.3000721137090645,0,1
37,29,0,2,2,6,1,2,0,0,0,1,0,0,0,4.1852301329094015,0,1
42,24,10,2,2,1,1,3,0,0,0,1,0,0,0,3.720175521464345,0,1
46,37,1,2,2,6,1,3,0,0,0,1,0,0,0,4.098117812148849,0,1
47,38,1,2,2,6,1,3,0,0,0,1,0,0,0,4.253863368422076,0,1
43,27,8,2,0,4,1,3,0,0,0,1,0,0,0,3.81008102052173,0,1
43,34,1,2,2,6,1,3,0,0,0,1,0,0,0,3.973512753576009,0,1
46,37,1,2,2,6,1,3,0,0,0,1,0,0,0,4.303783770917412,0,1
41,32,1,2,2,6,1,3,0,0,0,1,0,0,0,4.1136085007312415,0,1
37,28,1,2,2,6,1,3,0,0,0,1,0,0,0,4.307354922057605,0,1
42,33,1,2,0,0,1,3,0,0,0,1,0,1,0,3.957294029027326,0,1
37,29,0,2,2,6,1,2,0,0,0,1,0,0,0,3.8664331502253835,0,1
43,34,1,2,2,6,1,3,0,0,0,1,0,0,0,4.116299605701696,0,1
47,38,1,2,0,4,1,3,0,0,0,1,0,0,0,4.271100790318223,0,1
46,37,1,2,2,6,1,3,0,0,0,1,0,0,0,4.17257423112624,0,1
47,38,1,2,2,6,1,3,0,0,0,1,0,0,0,4.0267071987970935,0,1
45,36,1,2,2,6,1,3,0,0,0,1,0,0,0,4.482289237493327,0,1
40,31,1,2,2,6,1,3,0,0,0,1,0,0,0,3.9621031651557956,0,1
29,21,0,2,0,3,1,2,0,0,0,1,0,0,0,3.6897037321995474,1,1
46,37,1,2,2,6,1,3,0,0,0,1,0,0,0,4.046762824854521,0,1
26,17,1,2,0,0,1,3,0,0,0,1,0,0,0,3.85216872360328,1,1
40,31,1,2,2,6,1,3,0,0,0,1,0,0,0,3.781147020819124,0,1
29,20,1,2,0,0,1,3,0,0,0,1,0,0,0,3.584183719779189,1,1
30,21,1,2,0,0,1,3,0,0,0,1,0,0,0,3.6537567082870015,1,1
32,24,0,2,0,0,1,2,0,0,0,1,0,0,0,3.7720552088742005,1,1
43,34,1,2,2,6,1,3,0,0,0,1,0,0,0,4.477024973539649,0,1
41,32,1,2,2,6,1,3,0,0,0,1,0,0,0,4.179229296672175,0,1
43,34,1,2,2,6,1,3,0,0,0,1,0,0,0,4.253212018409155,0,1
39,30,1,2,0,0,1,3,0,0,0,1,0,1,0,3.831401845392172,0,1
37,29,0,2,0,0,1,2,0,0,0,1,0,1,0,4.004364184708142,1,1
53,28,17,2,0,0,1,3,0,0,0,1,0,0,0,3.7264741182543757,0,1
42,33,1,2,2,6,1,3,0,0,0,1,0,0,0,3.8997141947882312,0,1
37,28,1,2,2,6,1,3,0,0,0,1,0,0,0,3.8248629576173565,0,1
36,20,8,2,0,3,1,3,0,0,0,1,0,0,0,4.021928094887363,0,1
26,17,1,2,0,0,1,3,0,0,0,1,0,0,0,3.4548223999466057,1,1
45,36,1,2,2,6,1,3,0,0,0,1,0,0,0,4.0514621540398,0,1
36,18,10,2,0,0,1,3,0,0,0,1,0,0,0,3.614369445886757,1,1
38,29,1,2,2,6,1,3,0,0,0,1,0,0,0,4.21126073643228,0,1
44,35,1,2,2,6,1,3,0,0,0,1,0,0,0,4.229003731107054,0,1
44,35,1,2,2,6,1,3,0,0,0,1,0,0,0,4.204582217613529,0,1
38,29,1,2,2,6,1,3,0,0,0,1,0,0,0,4.099360305472399,0,1
46,37,1,2,2,6,1,3,0,0,0,1,0,0,0,4.17257423112624,0,1
41,32,1,2,2,6,1,3,0,0,0,1,0,0,0,4.288909765557392,0,1
44,26,10,2,2,3,1,3,0,0,0,1,0,0,0,3.7671834678914613,1,1
54,45,1,2,2,6,1,3,0,0,0,1,0,0,0,4.463749485074333,0,1
43,34,1,2,2,6,1,3,0,0,0,1,0,0,0,3.96981578242681,0,1
39,30,1,2,2,6,1,3,0,0,0,1,0,0,0,4.21506101220307,0,1
28,19,1,2,0,0,1,3,0,0,0,1,0,0,0,3.826874881864638,1,1
46,33,5,2,2,6,1,3,0,0,0,1,0,0,0,3.998050937146914,0,1
40,31,1,2,2,6,1,3,0,0,0,1,0,0,0,4.15565155225257,0,1
40,31,1,2,2,6,1,3,0,0,0,1,0,0,0,3.8975870361235376,0,1
85,76,1,2,7,0,1,3,0,0,0,1,0,0,0,4.120549021946854,0,1
48,32,8,2,1,1,1,3,0,0,0,1,0,0,0,4.163909765557392,0,1
31,24,0,2,0,0,1,2,0,0,0,0,0,0,0,3.573934896284056,0,1
33,24,1,2,0,0,1,3,0,0,0,1,0,0,0,3.573934896284056,0,1
40,32,0,2,1,6,1,2,0,0,0,1,0,0,0,4.288909765557392,0,1
42,33,1,2,2,6,1,3,0,0,0,1,0,0,0,4.354852073838348,0,1
50,41,1,2,2,6,1,3,0,0,0,1,0,0,0,4.424267553240269,0,1
41,32,1,2,2,6,1,3,0,0,0,1,0,0,0,4.265319531114783,0,1
38,29,1,2,2,6,1,3,0,0,0,1,0,0,0,3.961429270989641,0,1
43,34,1,2,2,6,1,3,0,0,0,1,0,0,0,4.116299605701696,0,1
38,30,0,2,0,2,1,2,0,0,0,1,0,0,0,3.8817276788697366,1,1
44,35,1,2,2,6,1,3,0,0,0,1,0,0,0,4.036006945330954,0,1
42,33,1,2,0,0,1,3,0,0,0,1,0,0,0,3.7970832266696606,1,1
40,32,0,2,2,6,1,2,0,0,0,1,0,0,0,3.952819531114783,0,1
38,29,1,2,2,6,1,3,0,0,0,1,0,0,0,4.142295219190901,0,1
47,38,1,2,2,6,1,3,0,0,0,1,0,0,0,4.168465671110589,0,1
42,33,1,2,2,6,1,3,0,0,0,1,0,0,0,4.028946391954607,0,1
40,32,0,2,1,6,1,2,0,0,0,1,0,0,0,4.202819531114783,0,1
37,19,10,2,2,2,1,3,0,0,0,1,0,0,0,3.9321380397593746,1,1
41,32,1,2,2,6,1,3,0,0,0,1,0,0,0,4.163909765557392,0,1
46,37,1,2,2,6,1,3,0,0,0,1,0,0,0,4.168120257170009,0,1
39,30,1,2,2,6,1,3,0,0,0,1,0,0,0,4.123231428797621,0,1
48,39,1,2,2,6,1,3,0,0,0,1,0,0,0,4.252974975106084,0,1
29,20,1,2,0,0,1,3,0,0,0,1,0,0,0,3.784183719779189,1,1
41,23,10,2,2,3,1,3,0,0,0,1,0,0,0,3.9690016298759927,1,1
38,29,1,2,0,1,1,3,0,0,0,1,0,0,0,3.879893823520666,0,1
27,18,1,2,0,0,1,3,0,0,0,1,0,0,0,3.4613201402110083,1,1
37,28,1,2,2,6,1,3,0,0,0,1,0,0,0,3.9677201004744993,0,1
41,32,1,2,2,6,1,3,0,0,0,1,0,0,0,4.116729296672175,0,1
28,19,1,2,0,0,1,3,0,0,0,1,0,0,0,3.9321380397593746,1,1
43,25,10,2,0,0,1,3,0,0,0,1,0,0,0,3.863465189601647,0,1
33,24,1,2,0,0,1,3,0,0,0,1,0,0,0,3.688721875540867,1,1
47,38,1,2,2,6,1,3,0,0,0,1,0,0,0,4.113206053476118,0,1
41,32,1,2,2,6,1,3,0,0,0,1,0,0,0,4.1875,0,1
43,34,1,2,2,6,1,3,0,0,0,1,0,0,0,4.054538856580817,0,1
38,22,8,2,0,3,1,3,0,0,0,1,0,0,0,3.970573095811685,1,1
28,19,1,2,0,0,1,3,0,0,0,1,0,0,0,3.6818808028034025,1,1
40,31,1,2,2,6,1,3,0,0,0,1,0,0,0,3.937751955408587,0,1
28,19,1,2,0,0,1,3,0,0,0,1,0,0,0,3.616348566075164,1,1
41,32,1,2,2,6,1,3,0,0,0,1,0,0,0,4.0625,0,1
40,31,1,2,0,1,1,3,0,0,0,1,0,0,0,3.84888461662912,0,1
40,31,1,2,2,6,1,3,0,0,0,1,0,0,0,3.719852358564604,0,1
42,33,1,2,2,6,1,3,0,0,0,1,0,0,0,4.028946391954607,0,1
38,20,10,2,2,3,1,3,0,0,0,1,0,0,0,3.684183719779189,0,1
44,35,1,2,2,6,1,3,0,0,0,1,0,0,0,4.090296503327815,0,1
47,38,1,2,2,6,1,3,0,0,0,1,0,0,0,4.14860021052734,0,1
44,35,1,2,2,6,1,3,0,0,0,1,0,0,0,4.207435516759526,0,1
44,35,1,2,2,6,1,3,0,0,0,1,0,0,0,4.272140159802109,0,1
43,34,1,2,2,6,1,3,0,0,0,1,0,0,0,4.1973257087065035,0,1
42,33,1,2,2,6,1,3,0,0,0,1,0,0,0,4.063650847340263,0,1
36,27,1,2,0,4,1,3,0,0,0,1,0,0,0,4.384517131793098,1,1
63,17,38,2,4,19,1,4,0,0,0,1,0,0,0,3.616874605956222,0,1
43,34,1,2,2,6,1,3,0,0,0,1,0,0,0,3.9957153271690524,0,1
44,35,1,2,2,6,1,3,0,0,0,1,0,0,0,3.990017217489903,0,1
37,19,10,2,2,4,1,3,0,0,0,1,0,0,0,4.037401197654112,1,1
37,19,10,2,2,1,1,3,0,0,0,1,0,0,0,3.6163485660751644,1,1
40,31,1,2,2,6,1,3,0,0,0,1,0,0,0,4.050970503935262,0,1
45,36,1,2,2,6,1,3,0,0,0,1,0,0,0,4.114369445886757,0,1
37,28,1,2,0,0,1,3,0,0,0,1,0,0,0,3.753434386188785,1,1
42,34,0,2,2,6,1,2,0,0,0,1,0,0,0,4.17512313511346,0,1
38,29,1,2,2,6,1,3,0,0,0,1,0,0,0,4.004364184708142,0,1
44,35,1,2,2,6,1,3,0,0,0,1,0,0,0,4.378864088188098,0,1
41,32,1,2,2,6,1,3,0,0,0,1,0,0,0,4.101409765557392,0,1
44,35,1,2,2,6,1,3,0,0,0,1,0,0,0,4.057575159678482,0,1
20,6,6,1,0,1,1,3,0,0,0,1,0,0,0,2.2516291673878226,0,1
32,12,12,2,0,0,1,4,0,0,0,1,0,0,0,3.4182958340544896,0,1
31,11,12,2,1,0,1,4,0,0,0,1,0,0,0,3.4594316186372973,0,1
74,17,27,2,0,18,2,7,1,0,0,1,0,0,0,3.572469458770135,0,1
43,35,0,2,1,6,1,2,0,0,0,1,0,0,0,4.161445788918474,0,1
22,11,3,1,1,0,1,4,0,0,0,1,0,0,0,3.4594316186372973,0,1
20,6,6,1,0,0,1,3,0,0,0,1,0,0,0,2.2516291673878226,0,1
23,12,3,1,1,0,1,4,0,0,0,1,0,0,0,3.584962500721156,0,1
52,22,22,2,2,2,1,5,0,0,0,1,0,0,0,3.6635327548042547,0,1
33,16,9,1,0,0,1,6,0,0,0,1,0,0,0,3.75,0,1
63,21,34,2,0,1,1,6,0,0,0,1,0,1,0,3.558518613048906,0,1
26,10,8,1,0,0,1,4,0,0,0,1,0,0,0,3.3219280948873626,0,1
28,12,8,1,0,0,1,4,0,0,0,1,0,0,0,3.584962500721156,0,1
49,16,25,6,0,0,1,5,0,0,0,1,0,0,0,3.5,0,1
48,16,24,6,0,0,1,4,0,0,0,1,0,0,0,3.5,0,1
29,20,1,1,1,0,1,3,0,0,0,1,0,0,0,3.508694969562842,0,1
27,20,0,1,1,0,1,2,0,0,0,0,0,0,0,3.508694969562842,0,1
34,20,6,2,1,0,1,3,0,0,0,1,0,0,0,3.584183719779189,0,1
53,46,0,2,2,10,1,2,0,0,0,0,0,0,0,4.3274847819558415,0,1
43,34,1,2,2,0,1,3,0,0,0,1,0,0,0,3.785561002824151,1,1
67,7,52,1,0,4,1,4,0,0,0,1,0,0,0,2.521640636343318,0,1
30,21,1,2,0,1,1,3,0,0,0,1,0,0,0,3.7849418274376427,1,1
30,15,8,2,1,0,1,5,0,0,0,0,0,0,0,3.056564762130954,0,1
43,26,9,3,0,0,1,4,0,0,0,1,0,1,0,3.6133373140453076,0,1
34,25,1,2,0,0,1,3,0,0,0,1,0,1,0,3.493660689688186,1,1
33,17,8,2,0,0,1,5,0,0,0,1,0,0,0,3.1751231351134606,0,1
32,17,7,2,0,0,1,4,0,0,0,1,0,0,0,3.1751231351134606,0,1
39,30,1,2,2,0,1,3,0,0,0,1,0,0,0,3.872905595320056,1,1
65,18,17,6,0,1,2,4,1,0,0,1,0,0,0,3.6835423624332306,0,1
47,38,1,2,2,6,1,3,0,0,0,1,0,0,0,4.168465671110589,0,1
63,37,18,2,4,1,1,4,0,0,0,1,0,0,0,3.8951509201400127,0,1
23,14,1,2,0,0,1,3,0,0,0,1,0,0,0,3.3787834934861753,0,1
37,23,6,2,2,0,1,3,0,0,0,1,0,0,0,3.3603059777020796,0,1
35,11,16,1,0,0,1,5,0,0,0,1,0,0,0,3.2776134368191157,0,1
35,11,16,1,0,0,1,5,0,0,0,1,0,0,0,2.913977073182752,0,1
38,14,16,1,0,0,1,5,0,0,0,1,0,0,0,3.3248629576173565,0,1
35,11,16,1,0,0,1,5,0,0,0,1,0,0,0,3.095795255000934,0,1
54,9,37,2,3,0,1,5,0,0,0,1,0,0,0,2.725480556997868,0,1
99,26,26,4,2,36,2,5,1,0,0,1,0,0,0,3.873140679513133,0,1
53,9,36,2,3,0,1,4,0,0,0,1,0,0,0,2.725480556997868,0,1
47,32,7,1,1,1,1,3,0,0,0,1,0,0,0,3.4925365325772657,0,1
33,9,16,1,0,0,1,5,0,0,0,1,0,0,0,2.725480556997868,0,1
35,26,1,2,0,0,1,3,0,0,0,1,0,0,0,3.6423714487439023,1,1
39,30,1,2,2,0,1,3,0,0,0,1,0,0,0,3.847742678581274,0,1
79,70,1,3,6,27,1,3,0,0,0,1,0,0,0,4.527297795696143,0,1
49,19,9,1,0,4,2,3,1,0,0,1,0,0,0,3.3263604079526936,0,1
30,15,7,2,0,0,1,3,0,0,0,1,0,0,0,3.106890595608519,0,1
37,28,1,2,0,0,1,3,0,0,0,1,0,0,0,3.6820058147602137,0,1
60,38,14,3,3,2,1,3,0,0,0,1,0,0,0,3.714225541404272,0,1
37,28,1,3,1,2,1,3,0,0,0,1,0,1,0,3.9852281360342516,0,1
79,70,1,3,6,28,1,3,0,0,0,1,0,0,0,4.549734087940844,0,1
180,32,140,6,8,57,5,7,0,0,0,1,0,0,0,3.952819531114783,1,1
48,29,11,1,0,0,1,4,0,0,0,1,0,0,0,3.7193758224153695,0,1
49,30,11,3,1,0,1,3,0,0,0,1,0,0,0,3.739572261986723,0,1
97,88,1,3,3,25,5,3,0,0,1,1,0,0,0,4.794437233466599,1,1
81,72,1,3,6,21,1,3,0,0,0,1,0,0,0,4.695550308130907,0,1
40,31,1,2,0,9,1,3,0,0,0,1,0,0,0,4.260332600569877,1,1
36,27,1,1,1,0,1,3,0,0,0,1,0,0,0,4.180451390892101,0,1
34,27,0,2,1,5,1,2,0,0,0,0,0,0,0,3.81008102052173,0,1
92,49,1,2,0,32,2,3,1,0,0,1,0,0,0,4.033404875638391,0,1
99,26,26,4,2,37,2,5,1,0,0,1,0,0,0,3.873140679513133,0,1
81,44,29,5,3,15,1,3,0,0,0,1,0,0,0,3.75122117639343,1,1
35,26,1,2,0,0,1,3,0,0,0,1,0,0,0,3.7483286603655745,0,1
28,15,5,1,0,0,1,4,0,0,0,1,0,0,0,3.506890595608519,0,1
27,18,1,1,0,0,1,3,0,0,0,1,0,0,0,3.6835423624332306,0,1
31,22,1,1,1,0,1,3,0,0,0,1,0,0,0,3.356492413796824,0,1
41,34,0,2,1,11,1,2,0,0,0,0,0,0,0,4.157767533178668,0,1
80,16,48,4,4,23,3,4,0,0,1,1,0,0,0,3.5,0,1
27,18,1,2,1,0,1,3,0,0,0,1,0,1,0,3.350209029099897,0,1
37,21,8,1,0,0,1,3,0,0,0,1,0,0,0,3.4273334938982645,0,1
230,25,9,2,0,33,3,4,2,0,0,1,0,0,0,3.6390795706241748,0,1
230,25,9,2,0,34,5,4,2,0,0,1,0,0,0,3.6390795706241748,0,1
226,25,9,2,0,32,3,4,2,0,0,1,0,0,0,3.6390795706241748,0,1
81,30,16,3,0,1,3,3,2,0,0,1,0,0,0,3.8980685120588388,0,1
43,34,1,5,0,1,1,3,0,0,0,1,0,0,0,3.8307259014503225,1,1
29,20,1,2,0,0,1,3,0,0,0,1,0,0,0,3.684183719779189,1,1
57,20,29,2,0,2,1,4,0,0,0,1,0,1,0,3.3841837197791893,0,1
42,14,20,3,0,0,1,5,0,0,0,1,0,1,0,2.9852281360342516,0,1
45,24,9,2,0,12,2,3,1,0,0,1,0,0,0,3.7406015629507223,0,1
33,20,5,2,0,0,1,4,0,0,0,1,0,0,0,3.4464393446710155,1,1
39,18,13,2,2,0,1,4,0,0,0,1,0,0,0,3.4613201402110083,1,1
41,21,12,2,1,0,1,4,0,0,0,1,0,0,0,3.594465636961452,1,1
40,20,12,2,1,0,1,4,0,0,0,1,0,0,0,3.4464393446710155,1,1
37,20,9,2,0,0,1,4,0,0,0,1,0,0,0,3.584183719779189,1,1
42,21,13,2,2,0,1,4,0,0,0,1,0,0,0,3.594465636961452,1,1
40,21,11,2,2,0,1,4,0,0,0,1,0,0,0,3.52257158913636,1,1
35,20,7,2,0,0,1,4,0,0,0,1,0,0,0,3.4464393446710155,1,1
39,18,13,2,1,0,1,4,0,0,0,1,0,0,0,3.4613201402110083,1,1
36,20,8,2,0,0,1,4,0,0,0,1,0,0,0,3.4464393446710155,1,1
37,18,11,2,1,0,1,4,0,0,0,1,0,0,0,3.4613201402110083,1,1
39,20,11,2,1,0,1,4,0,0,0,1,0,0,0,3.4464393446710155,1,1
35,21,6,2,1,0,1,3,0,0,0,1,0,0,0,3.2368573034220742,0,1
37,24,5,2,0,0,1,3,0,0,0,1,0,0,0,3.5016291673878226,0,1
37,21,8,2,0,0,1,4,0,0,0,1,0,0,0,3.594465636961452,1,1
55,33,9,3,3,11,2,4,1,0,0,1,0,0,0,4.043801694853791,0,1
56,24,11,3,1,13,2,3,1,0,0,1,0,0,0,3.7720552088742005,0,1
146,34,70,11,5,3,3,3,1,0,1,1,0,0,0,4.116299605701696,1,1
38,29,1,2,2,6,1,3,0,0,0,1,0,0,0,4.099360305472399,0,1
32,24,1,2,1,4,1,3,0,0,0,0,0,0,0,3.7720552088742005,0,1
100,35,57,2,8,11,1,4,0,0,0,1,0,0,0,4.150292659616669,0,1
33,15,10,2,0,0,1,3,0,0,0,1,0,0,0,3.240223928941852,0,1
53,25,20,3,2,4,1,4,0,0,0,1,0,0,0,3.623465189601647,0,1
29,17,4,2,1,0,1,3,0,0,0,1,0,0,0,3.4992275471326924,0,1
76,20,20,5,0,2,3,4,1,0,1,1,0,0,0,3.4464393446710155,0,1
26,17,1,2,0,0,1,3,0,0,0,1,0,0,0,3.616874605956222,1,1
26,17,1,1,0,0,1,3,0,0,0,1,0,0,0,3.4104172527605194,0,1
35,17,10,2,0,0,1,3,0,0,0,1,0,0,0,3.4104172527605194,0,1
70,43,19,3,1,25,1,3,0,0,0,1,0,0,0,4.080350731889837,1,1
28,19,1,1,0,0,1,3,0,0,0,1,0,0,0,3.431623565847431,0,1
37,19,10,2,0,0,1,3,0,0,0,1,0,0,0,3.431623565847431,0,1
30,21,1,1,1,0,1,3,0,0,0,1,0,0,0,3.3320953986601696,0,1
39,21,10,2,1,0,1,3,0,0,0,1,0,0,0,3.3320953986601696,0,1
37,24,6,2,0,1,1,3,0,0,0,0,0,0,0,3.6053885422075336,0,1
24,16,0,2,0,0,1,2,0,0,0,1,0,0,0,3.0,0,1
29,22,0,1,1,0,1,2,0,0,0,0,0,0,0,3.629219686524097,0,1
32,18,6,1,0,0,1,3,0,0,0,1,0,0,0,3.7254805569978675,0,1
47,38,1,2,4,4,1,3,0,0,0,1,0,0,0,4.080439935111999,1,1
70,43,19,3,2,14,1,6,0,0,0,1,0,0,0,4.460921149950309,1,1
22,13,1,1,0,0,1,3,0,0,0,1,0,0,0,2.873140679513133,0,1
56,17,6,4,0,5,3,3,0,0,1,1,0,0,0,3.85216872360328,0,1
34,26,0,2,2,1,1,2,0,0,0,1,0,0,0,3.7633424882718507,1,1
31,23,0,2,2,0,1,2,0,0,0,1,0,0,0,3.5670402169265785,1,1
33,25,0,2,3,1,1,2,0,0,0,1,0,0,0,3.7834651896016473,1,1
33,25,0,2,1,0,1,2,0,0,0,1,0,0,0,3.6692750707107136,1,1
41,33,0,2,2,0,1,2,0,0,0,1,0,0,0,3.942438726128142,0,1
35,27,0,2,0,0,1,2,0,0,0,1,0,0,0,3.704349428956051,0,1
26,18,0,2,0,0,1,2,0,0,0,1,0,0,0,3.4613201402110083,0,1
43,15,20,2,0,0,1,4,0,0,0,1,0,0,0,3.3735572622751855,0,1
63,42,13,5,2,5,1,3,0,0,0,1,0,0,0,4.147920696433751,1,1
45,11,26,1,0,0,1,7,0,0,0,1,0,0,0,3.095795255000934,0,1
31,12,11,1,0,2,1,3,0,0,0,1,0,0,0,3.4182958340544896,0,1
50,22,17,3,0,0,2,4,1,0,0,1,0,0,0,3.6635327548042547,0,1
31,22,1,2,0,0,1,3,0,0,0,1,0,0,0,3.6635327548042547,0,1
29,20,1,2,0,0,1,3,0,0,0,1,0,0,0,3.5464393446710156,0,1
48,20,17,3,0,0,2,4,1,0,0,1,0,0,0,3.5464393446710156,0,1
34,10,16,2,0,1,1,3,0,0,0,1,0,0,0,2.8464393446710154,0,1
44,16,17,3,0,0,2,4,1,0,0,1,0,0,0,3.2806390622295662,0,1
25,16,1,2,0,0,1,3,0,0,0,1,0,0,0,3.2806390622295662,0,1
27,18,1,2,0,0,1,3,0,0,0,1,0,0,0,3.5724312513221195,0,1
46,18,17,3,0,0,2,4,1,0,0,1,0,0,0,3.5724312513221195,0,1
41,32,1,5,0,1,1,3,0,0,0,1,0,0,0,3.667837797403416,1,1
31,12,11,1,0,2,1,3,0,0,0,1,0,0,0,2.6258145836939115,0,1
30,11,11,1,0,4,1,3,0,0,0,1,0,0,0,3.095795255000934,0,1
52,24,17,3,0,0,2,4,1,0,0,1,0,0,0,3.688721875540867,0,1
33,24,1,2,0,0,1,3,0,0,0,1,0,0,0,3.688721875540867,0,1
37,18,11,1,0,1,1,3,0,0,0,1,0,0,0,3.3921472236645345,0,1
27,18,1,2,0,0,1,3,0,0,0,1,0,0,0,3.5032583347756456,0,1
30,12,10,1,0,0,1,4,0,0,0,1,0,0,0,3.2516291673878226,0,1
33,16,9,2,0,0,1,5,0,0,0,1,0,0,0,3.375,0,1
25,7,10,2,0,0,1,4,0,0,0,1,0,0,0,2.521640636343318,0,1
34,25,1,2,0,0,1,3,0,0,0,1,0,1,0,3.543465189601647,1,1
32,23,1,2,0,0,1,3,0,0,0,1,0,1,0,3.5342190211803404,1,1
70,43,19,3,1,20,1,3,0,0,0,1,0,0,0,4.109306836490687,1,1
31,22,1,2,2,0,1,3,0,0,0,1,0,0,0,3.6635327548042547,1,1
70,43,19,3,1,24,1,3,0,0,0,1,0,0,0,4.08267318468309,1,1
40,31,1,2,1,1,1,3,0,0,0,1,0,0,0,3.8890495359141695,1,1
70,43,19,3,1,26,1,3,0,0,0,1,0,0,0,4.184774568998513,1,1
30,21,1,1,0,0,1,3,0,0,0,1,0,0,0,3.463280517810811,0,1
51,39,4,2,1,1,1,3,0,0,0,1,0,0,0,3.738256156615136,0,1
138,30,47,5,5,28,3,7,2,0,0,1,0,0,0,3.6980685120588386,1,1
42,11,23,1,0,5,1,5,0,0,0,1,0,0,0,2.913977073182752,0,1
41,10,23,1,0,6,1,5,0,0,0,1,0,0,0,3.1219280948873624,0,1
44,13,23,1,0,5,1,5,0,0,0,1,0,0,0,2.873140679513133,0,1
42,11,23,1,0,6,1,5,0,0,0,1,0,0,0,3.2776134368191157,0,1
73,29,36,3,0,0,1,7,0,0,0,1,0,0,0,3.8538632199977876,0,1
24,16,0,2,0,0,1,2,0,0,0,1,0,0,0,3.327819531114783,0,1
24,16,0,2,0,0,1,2,0,0,0,1,0,0,0,3.0306390622295662,0,1
49,30,11,3,2,6,1,3,0,0,0,1,0,0,0,4.21506101220307,1,1
22,13,1,1,1,0,1,3,0,0,0,1,0,0,0,3.3927474104487847,0,1
18,10,0,1,0,0,1,2,0,0,0,1,0,0,0,2.6464393446710157,1,0
24,10,6,1,0,0,1,3,0,0,0,1,0,1,0,2.6464393446710157,1,0
26,10,8,1,0,0,1,3,0,0,0,1,0,1,0,2.6464393446710157,1,0
23,10,5,1,0,0,1,3,0,0,0,1,0,0,0,2.6464393446710157,1,0
34,10,8,1,0,4,2,3,1,0,0,1,0,0,0,2.6464393446710157,1,0
23,15,0,2,0,0,1,2,0,0,0,1,0,0,0,3.056564762130954,1,0
21,13,0,1,0,0,1,2,0,0,0,1,0,0,0,3.0269868333592873,1,0
27,13,6,1,0,0,1,3,0,0,0,1,0,1,0,3.0269868333592873,1,0
29,13,8,1,0,0,1,3,0,0,0,1,0,1,0,3.0269868333592873,1,0
26,13,5,1,0,0,1,3,0,0,0,1,0,0,0,3.0269868333592873,1,0
37,13,8,1,0,4,2,3,1,0,0,1,0,0,0,3.0269868333592873,1,0
26,18,0,2,0,0,1,2,0,0,0,1,0,0,0,3.3082708345352603,1,0
15,7,0,1,0,0,1,2,0,0,0,1,0,0,0,2.8073549220576037,1,0
21,7,6,1,0,0,1,3,0,0,0,1,0,1,0,2.8073549220576037,1,0
23,7,8,1,0,0,1,3,0,0,0,1,0,1,0,2.8073549220576037,1,0
20,7,5,1,0,0,1,3,0,0,0,1,0,0,0,2.8073549220576037,1,0
31,7,8,1,0,4,2,3,1,0,0,1,0,0,0,2.8073549220576037,1,0
20,12,0,2,0,0,1,2,0,0,0,1,0,0,0,2.7516291673878226,1,0
24,16,0,1,1,0,1,2,0,0,0,1,0,0,0,3.327819531114783,1,0
30,16,6,1,1,0,1,3,0,0,0,1,0,1,0,3.327819531114783,1,0
32,16,8,1,1,0,1,3,0,0,0,1,0,1,0,3.327819531114783,1,0
29,16,5,1,1,0,1,3,0,0,0,1,0,0,0,3.327819531114783,1,0
40,16,8,1,1,4,2,3,1,0,0,1,0,0,0,3.327819531114783,1,0
29,21,0,2,1,0,1,2,0,0,0,1,0,0,0,3.6897037321995474,1,0
20,12,0,1,0,0,1,2,0,0,0,1,0,0,0,3.0220552088742005,1,0
26,12,6,1,0,0,1,3,0,0,0,1,0,1,0,3.0220552088742005,1,0
28,12,8,1,0,0,1,3,0,0,0,1,0,1,0,3.0220552088742005,1,0
25,12,5,1,0,0,1,3,0,0,0,1,0,0,0,3.0220552088742005,1,0
35,12,8,1,0,3,2,3,1,0,0,1,0,0,0,3.0220552088742005,1,0
25,17,0,2,0,0,1,2,0,0,0,1,0,0,0,3.3371753411230767,1,0
22,14,0,1,0,0,1,2,0,0,0,1,0,0,0,3.3248629576173565,1,0
28,14,6,1,0,0,1,3,0,0,0,1,0,1,0,3.3248629576173565,1,0
30,14,8,1,0,0,1,3,0,0,0,1,0,1,0,3.3248629576173565,1,0
27,14,5,1,0,0,1,3,0,0,0,1,0,0,0,3.3248629576173565,1,0
38,14,8,1,0,4,2,3,1,0,0,1,0,0,0,3.3248629576173565,1,0
27,19,0,2,0,0,1,2,0,0,0,1,0,0,0,3.3660913291191923,1,0
22,14,0,1,0,0,1,2,0,0,0,1,0,0,0,3.3787834934861753,1,0
28,14,6,1,0,0,1,3,0,0,0,1,0,1,0,3.3787834934861753,1,0
30,14,8,1,0,0,1,3,0,0,0,1,0,1,0,3.3787834934861753,1,0
27,14,5,1,0,0,1,3,0,0,0,1,0,0,0,3.3787834934861753,1,0
38,14,8,1,0,4,2,3,1,0,0,1,0,0,0,3.3787834934861753,1,0
27,19,0,2,0,0,1,2,0,0,0,1,0,0,0,3.471354487013929,1,0
17,9,0,1,0,0,1,2,0,0,0,1,0,0,0,2.94770277922009,1,0
23,9,6,1,0,0,1,3,0,0,0,1,0,1,0,2.94770277922009,1,0
25,9,8,1,0,0,1,3,0,0,0,1,0,1,0,2.94770277922009,1,0
22,9,5,1,0,0,1,3,0,0,0,1,0,0,0,2.94770277922009,1,0
33,9,8,1,0,4,2,3,1,0,0,1,0,0,0,2.94770277922009,1,0
22,14,0,2,0,0,1,2,0,0,0,1,0,0,0,3.0930692077718898,1,0
19,11,0,1,0,0,1,2,0,0,0,1,0,0,0,3.095795255000934,1,0
25,11,6,1,0,0,1,3,0,0,0,1,0,1,0,3.095795255000934,1,0
27,11,8,1,0,0,1,3,0,0,0,1,0,1,0,3.095795255000934,1,0
24,11,5,1,0,0,1,3,0,0,0,1,0,0,0,3.095795255000934,1,0
34,11,8,1,0,3,2,3,1,0,0,1,0,0,0,3.095795255000934,1,0
24,16,0,2,0,0,1,2,0,0,0,1,0,0,0,3.5,1,0
21,13,0,1,0,0,1,2,0,0,0,1,0,0,0,3.0269868333592873,1,0
27,13,6,1,0,0,1,3,0,0,0,1,0,1,0,3.0269868333592873,1,0
29,13,8,1,0,0,1,3,0,0,0,1,0,1,0,3.0269868333592873,1,0
26,13,5,1,0,0,1,3,0,0,0,1,0,0,0,3.0269868333592873,1,0
37,13,8,1,0,4,2,3,1,0,0,1,0,0,0,3.0269868333592873,1,0
26,18,0,2,0,0,1,2,0,0,0,1,0,0,0,3.2390979179887864,1,0
15,7,0,1,0,0,1,2,0,0,0,1,0,0,0,2.8073549220576037,1,0
21,7,6,1,0,0,1,3,0,0,0,1,0,1,0,2.8073549220576037,1,0
23,7,8,1,0,0,1,3,0,0,0,1,0,1,0,2.8073549220576037,1,0
20,7,5,1,0,0,1,3,0,0,0,1,0,0,0,2.8073549220576037,1,0
31,7,8,1,0,4,2,3,1,0,0,1,0,0,0,2.8073549220576037,1,0
20,12,0,2,0,0,1,2,0,0,0,1,0,0,0,3.4182958340544896,1,0
21,13,0,1,0,0,1,2,0,0,0,1,0,0,0,3.3927474104487847,1,0
27,13,6,1,0,0,1,3,0,0,0,1,0,1,0,3.3927474104487847,1,0
29,13,8,1,0,0,1,3,0,0,0,1,0,1,0,3.3927474104487847,1,0
26,13,5,1,0,0,1,3,0,0,0,1,0,0,0,3.3927474104487847,1,0
37,13,8,1,0,4,2,3,1,0,0,1,0,0,0,3.3927474104487847,1,0
26,18,0,2,0,0,1,2,0,0,0,1,0,0,0,3.4193819456463714,1,0
19,11,0,1,0,0,1,2,0,0,0,1,0,0,0,3.095795255000934,1,0
25,11,6,1,0,0,1,3,0,0,0,1,0,1,0,3.095795255000934,1,0
27,11,8,1,0,0,1,3,0,0,0,1,0,1,0,3.095795255000934,1,0
24,11,5,1,0,0,1,3,0,0,0,1,0,0,0,3.095795255000934,1,0
35,11,8,1,0,4,2,3,1,0,0,1,0,0,0,3.095795255000934,1,0
24,16,0,2,0,0,1,2,0,0,0,1,0,0,0,3.25,1,0
18,10,0,1,0,0,1,2,0,0,0,1,0,0,0,2.8464393446710154,1,0
24,10,6,1,0,0,1,3,0,0,0,1,0,1,0,2.8464393446710154,1,0
26,10,8,1,0,0,1,3,0,0,0,1,0,1,0,2.8464393446710154,1,0
23,10,5,1,0,0,1,3,0,0,0,1,0,0,0,2.8464393446710154,1,0
33,10,8,1,0,3,2,3,1,0,0,1,0,0,0,2.8464393446710154,1,0
23,15,0,2,0,0,1,2,0,0,0,1,0,0,0,2.9735572622751856,1,0
18,10,0,1,0,0,1,2,0,0,0,1,0,0,0,2.721928094887362,1,0
24,10,6,1,0,0,1,3,0,0,0,1,0,1,0,2.721928094887362,1,0
26,10,8,1,0,0,1,3,0,0,0,1,0,1,0,2.721928094887362,1,0
23,10,5,1,0,0,1,3,0,0,0,1,0,0,0,2.721928094887362,1,0
34,10,8,1,0,4,2,3,1,0,0,1,0,0,0,2.721928094887362,1,0
23,15,0,2,0,0,1,2,0,0,0,1,0,0,0,3.106890595608519,1,0
19,11,0,1,0,0,1,2,0,0,0,1,0,0,0,3.0271691184406184,1,0
25,11,6,1,0,0,1,3,0,0,0,1,0,1,0,3.0271691184406184,1,0
27,11,8,1,0,0,1,3,0,0,0,1,0,1,0,3.0271691184406184,1,0
24,11,5,1,0,0,1,3,0,0,0,1,0,0,0,3.0271691184406184,1,0
35,11,8,1,0,4,2,3,1,0,0,1,0,0,0,3.0271691184406184,1,0
24,16,0,2,0,0,1,2,0,0,0,1,0,0,0,3.327819531114783,1,0
23,15,0,1,0,0,1,2,0,0,0,1,0,0,0,3.106890595608519,1,0
29,15,6,1,0,0,1,3,0,0,0,1,0,1,0,3.106890595608519,1,0
31,15,8,1,0,0,1,3,0,0,0,1,0,1,0,3.106890595608519,1,0
28,15,5,1,0,0,1,3,0,0,0,1,0,0,0,3.106890595608519,1,0
39,15,8,1,0,4,2,3,1,0,0,1,0,0,0,3.106890595608519,1,0
28,20,0,2,0,0,1,2,0,0,0,1,0,0,0,3.3219280948873626,1,0
16,8,0,1,0,0,1,2,0,0,0,1,0,0,0,3.0,1,0
22,8,6,1,0,0,1,3,0,0,0,1,0,1,0,3.0,1,0
24,8,8,1,0,0,1,3,0,0,0,1,0,1,0,3.0,1,0
21,8,5,1,0,0,1,3,0,0,0,1,0,0,0,3.0,1,0
32,8,8,1,0,4,2,3,1,0,0,1,0,0,0,3.0,1,0
21,13,0,2,0,0,1,2,0,0,0,1,0,0,0,3.0850551027564768,1,0
20,12,0,1,0,0,1,2,0,0,0,1,0,0,0,3.2516291673878226,1,0
26,12,6,1,0,0,1,3,0,0,0,1,0,1,0,3.2516291673878226,1,0
28,12,8,1,0,0,1,3,0,0,0,1,0,1,0,3.2516291673878226,1,0
25,12,5,1,0,0,1,3,0,0,0,1,0,0,0,3.2516291673878226,1,0
36,12,8,1,0,4,2,3,1,0,0,1,0,0,0,3.2516291673878226,1,0
25,17,0,2,0,0,1,2,0,0,0,1,0,0,0,3.3371753411230767,1,0
17,9,0,1,0,0,1,2,0,0,0,1,0,0,0,2.94770277922009,1,0
23,9,6,1,0,0,1,3,0,0,0,1,0,1,0,2.94770277922009,1,0
25,9,8,1,0,0,1,3,0,0,0,1,0,1,0,2.94770277922009,1,0
22,9,5,1,0,0,1,3,0,0,0,1,0,0,0,2.94770277922009,1,0
33,9,8,1,0,4,2,3,1,0,0,1,0,0,0,2.94770277922009,1,0
22,14,0,2,0,0,1,2,0,0,0,1,0,0,0,3.521640636343318,1,0
28,20,0,1,0,0,1,2,0,0,0,1,0,0,0,3.246439344671016,1,0
34,20,6,1,0,0,1,3,0,0,0,1,0,1,0,3.246439344671016,1,0
36,20,8,1,0,0,1,3,0,0,0,1,0,1,0,3.246439344671016,1,0
33,20,5,1,0,0,1,3,0,0,0,1,0,0,0,3.246439344671016,1,0
44,20,8,1,0,4,2,3,1,0,0,1,0,0,0,3.246439344671016,1,0
33,25,0,2,0,0,1,2,0,0,0,1,0,0,0,3.383465189601647,1,0
18,10,0,1,0,0,1,2,0,0,0,1,0,0,0,2.9219280948873623,1,0
24,10,6,1,0,0,1,3,0,0,0,1,0,1,0,2.9219280948873623,1,0
26,10,8,1,0,0,1,3,0,0,0,1,0,1,0,2.9219280948873623,1,0
23,10,5,1,0,0,1,3,0,0,0,1,0,0,0,2.9219280948873623,1,0
33,10,8,1,0,3,2,3,1,0,0,1,0,0,0,2.9219280948873623,1,0
23,15,0,2,0,0,1,2,0,0,0,1,0,0,0,3.323231428797621,1,0
22,14,0,1,0,0,1,2,0,0,0,1,0,0,0,3.1280852788913944,1,0
28,14,6,1,0,0,1,3,0,0,0,1,0,1,0,3.1280852788913944,1,0
30,14,8,1,0,0,1,3,0,0,0,1,0,1,0,3.1280852788913944,1,0
27,14,5,1,0,0,1,3,0,0,0,1,0,0,0,3.1280852788913944,1,0
38,14,8,1,0,4,2,3,1,0,0,1,0,0,0,3.1280852788913944,1,0
27,19,0,2,0,0,1,2,0,0,0,1,0,0,0,3.2608281712244556,1,0
18,10,0,1,0,0,1,2,0,0,0,1,0,0,0,2.721928094887362,1,0
24,10,6,1,0,0,1,3,0,0,0,1,0,1,0,2.721928094887362,1,0
26,10,8,1,0,0,1,3,0,0,0,1,0,1,0,2.721928094887362,1,0
23,10,5,1,0,0,1,3,0,0,0,1,0,0,0,2.721928094887362,1,0
33,10,8,1,0,3,2,3,1,0,0,1,0,0,0,2.721928094887362,1,0
23,15,0,2,0,0,1,2,0,0,0,1,0,0,0,3.0062389286533895,1,0
27,19,0,1,0,0,1,2,0,0,0,1,0,0,0,3.4058222502856905,1,0
33,19,6,1,0,0,1,3,0,0,0,1,0,1,0,3.4058222502856905,1,0
35,19,8,1,0,0,1,3,0,0,0,1,0,1,0,3.4058222502856905,1,0
32,19,5,1,0,0,1,3,0,0,0,1,0,0,0,3.4058222502856905,1,0
43,19,8,1,0,4,2,3,1,0,0,1,0,0,0,3.4058222502856905,1,0
32,24,0,2,0,0,1,2,0,0,0,1,0,0,0,3.5220552088742005,1,0
19,11,0,1,0,0,1,2,0,0,0,1,0,0,0,3.095795255000934,1,0
25,11,6,1,0,0,1,3,0,0,0,1,0,1,0,3.095795255000934,1,0
27,11,8,1,0,0,1,3,0,0,0,1,0,1,0,3.095795255000934,1,0
24,11,5,1,0,0,1,3,0,0,0,1,0,0,0,3.095795255000934,1,0
35,11,8,1,0,4,2,3,1,0,0,1,0,0,0,3.095795255000934,1,0
24,16,0,2,0,0,1,2,0,0,0,1,0,0,0,3.625,1,0
17,9,0,1,0,0,1,2,0,0,0,1,0,0,0,3.169925001442312,1,0
23,9,6,1,0,0,1,3,0,0,0,1,0,1,0,3.169925001442312,1,0
25,9,8,1,0,0,1,3,0,0,0,1,0,1,0,3.169925001442312,1,0
22,9,5,1,0,0,1,3,0,0,0,1,0,0,0,3.169925001442312,1,0
33,9,8,1,0,4,2,3,1,0,0,1,0,0,0,3.169925001442312,1,0
22,14,0,2,0,0,1,2,0,0,0,1,0,0,0,3.3787834934861753,1,0
29,21,0,1,0,0,1,2,0,0,0,1,0,0,0,3.403989446485262,1,0
35,21,6,1,0,0,1,3,0,0,0,1,0,1,0,3.403989446485262,1,0
37,21,8,1,0,0,1,3,0,0,0,1,0,1,0,3.403989446485262,1,0
34,21,5,1,0,0,1,3,0,0,0,1,0,0,0,3.403989446485262,1,0
45,21,8,1,0,4,2,3,1,0,0,1,0,0,0,3.403989446485262,1,0
34,26,0,2,0,0,1,2,0,0,0,1,0,0,0,3.6714055834424975,1,0
21,13,0,1,0,0,1,2,0,0,0,1,0,0,0,3.334679141051595,1,0
27,13,6,1,0,0,1,3,0,0,0,1,0,1,0,3.334679141051595,1,0
29,13,8,1,0,0,1,3,0,0,0,1,0,1,0,3.334679141051595,1,0
26,13,5,1,0,0,1,3,0,0,0,1,0,0,0,3.334679141051595,1,0
37,13,8,1,0,4,2,3,1,0,0,1,0,0,0,3.334679141051595,1,0
26,18,0,2,0,0,1,2,0,0,0,1,0,0,0,3.5032583347756456,1,0
25,17,0,1,0,0,1,2,0,0,0,1,0,1,0,3.7345216647797512,1,0
31,17,6,1,0,0,1,3,0,0,0,1,0,1,0,3.7345216647797512,1,0
33,17,8,1,0,0,1,3,0,0,0,1,0,1,0,3.7345216647797512,1,0
30,17,5,1,0,0,1,3,0,0,0,1,0,1,0,3.7345216647797512,1,0
41,17,8,1,0,4,2,3,1,0,0,1,0,1,0,3.7345216647797512,1,0
30,22,0,2,0,0,1,2,0,0,0,1,0,1,0,3.823067982273661,1,0
18,10,0,1,0,0,1,2,0,0,0,1,0,0,0,3.3219280948873626,1,0
24,10,6,1,0,0,1,3,0,0,0,1,0,1,0,3.3219280948873626,1,0
26,10,8,1,0,0,1,3,0,0,0,1,0,1,0,3.3219280948873626,1,0
23,10,5,1,0,0,1,3,0,0,0,1,0,0,0,3.3219280948873626,1,0
34,10,8,1,0,4,2,3,1,0,0,1,0,0,0,3.3219280948873626,1,0
23,15,0,2,0,0,1,2,0,0,0,1,0,0,0,3.506890595608519,1,0
23,15,0,1,0,0,1,2,0,0,0,1,0,0,0,3.506890595608519,1,0
29,15,6,1,0,0,1,3,0,0,0,1,0,1,0,3.506890595608519,1,0
31,15,8,1,0,0,1,3,0,0,0,1,0,1,0,3.506890595608519,1,0
28,15,5,1,0,0,1,3,0,0,0,1,0,0,0,3.506890595608519,1,0
39,15,8,1,0,4,2,3,1,0,0,1,0,0,0,3.506890595608519,1,0
28,20,0,2,0,0,1,2,0,0,0,1,0,0,0,3.684183719779189,1,0
20,12,0,1,0,0,1,2,0,0,0,1,0,0,0,3.2516291673878226,1,0
26,12,6,1,0,0,1,3,0,0,0,1,0,1,0,3.2516291673878226,1,0
28,12,8,1,0,0,1,3,0,0,0,1,0,1,0,3.2516291673878226,1,0
25,12,5,1,0,0,1,3,0,0,0,1,0,0,0,3.2516291673878226,1,0
36,12,8,1,0,4,2,3,1,0,0,1,0,0,0,3.2516291673878226,1,0
25,17,0,2,0,0,1,2,0,0,0,1,0,0,0,3.4548223999466057,1,0
16,8,0,1,0,0,1,2,0,0,0,1,0,0,0,3.0,1,0
22,8,6,1,0,0,1,3,0,0,0,1,0,1,0,3.0,1,0
24,8,8,1,0,0,1,3,0,0,0,1,0,1,0,3.0,1,0
21,8,5,1,0,0,1,3,0,0,0,1,0,0,0,3.0,1,0
32,8,8,1,0,4,2,3,1,0,0,1,0,0,0,3.0,1,0
21,13,0,2,0,0,1,2,0,0,0,1,0,0,0,3.238901256602631,1,0
19,11,0,1,0,0,1,2,0,0,0,1,0,0,0,3.4594316186372973,1,0
25,11,6,1,0,0,1,3,0,0,0,1,0,1,0,3.4594316186372973,1,0
27,11,8,1,0,0,1,3,0,0,0,1,0,1,0,3.4594316186372973,1,0
24,11,5,1,0,0,1,3,0,0,0,1,0,0,0,3.4594316186372973,1,0
35,11,8,1,0,4,2,3,1,0,0,1,0,0,0,3.4594316186372973,1,0
24,16,0,2,0,0,1,2,0,0,0,1,0,0,0,3.5,1,0
20,12,0,1,0,0,1,2,0,0,0,1,0,0,0,3.084962500721156,1,0
26,12,6,1,0,0,1,3,0,0,0,1,0,1,0,3.084962500721156,1,0
28,12,8,1,0,0,1,3,0,0,0,1,0,1,0,3.084962500721156,1,0
25,12,5,1,0,0,1,3,0,0,0,1,0,0,0,3.084962500721156,1,0
36,12,8,1,0,4,2,3,1,0,0,1,0,0,0,3.084962500721156,1,0
25,17,0,2,0,0,1,2,0,0,0,1,0,0,0,3.4548223999466057,1,0
18,10,0,1,0,0,1,2,0,0,0,1,0,0,0,3.1219280948873624,1,0
24,10,6,1,0,0,1,3,0,0,0,1,0,1,0,3.1219280948873624,1,0
26,10,8,1,0,0,1,3,0,0,0,1,0,1,0,3.1219280948873624,1,0
23,10,5,1,0,0,1,3,0,0,0,1,0,0,0,3.1219280948873624,1,0
34,10,8,1,0,4,2,3,1,0,0,1,0,0,0,3.1219280948873624,1,0
23,15,0,2,0,0,1,2,0,0,0,1,0,0,0,3.3735572622751855,1,0
25,17,0,1,0,0,1,2,0,0,0,1,0,0,0,3.2639334294856335,1,0
31,17,6,1,0,0,1,3,0,0,0,1,0,1,0,3.2639334294856335,1,0
33,17,8,1,0,0,1,3,0,0,0,1,0,1,0,3.2639334294856335,1,0
30,17,5,1,0,0,1,3,0,0,0,1,0,0,0,3.2639334294856335,1,0
41,17,8,1,0,4,2,3,1,0,0,1,0,0,0,3.2639334294856335,1,0
30,22,0,2,0,0,1,2,0,0,0,1,0,0,0,3.334209459448049,1,0
21,13,0,1,1,0,1,2,0,0,0,1,0,0,0,3.238901256602631,1,0
27,13,6,1,1,0,1,3,0,0,0,1,0,1,0,3.238901256602631,1,0
29,13,8,1,1,0,1,3,0,0,0,1,0,1,0,3.238901256602631,1,0
26,13,5,1,1,0,1,3,0,0,0,1,0,0,0,3.238901256602631,1,0
37,13,8,1,1,4,2,3,1,0,0,1,0,0,0,3.238901256602631,1,0
26,18,0,2,1,0,1,2,0,0,0,1,0,0,0,3.5032583347756456,1,0
18,10,0,1,0,0,1,2,0,0,0,1,0,0,0,2.9219280948873623,1,0
24,10,6,1,0,0,1,3,0,0,0,1,0,1,0,2.9219280948873623,1,0
26,10,8,1,0,0,1,3,0,0,0,1,0,1,0,2.9219280948873623,1,0
23,10,5,1,0,0,1,3,0,0,0,1,0,0,0,2.9219280948873623,1,0
34,10,8,1,0,4,2,3,1,0,0,1,0,0,0,2.9219280948873623,1,0
23,15,0,2,0,0,1,2,0,0,0,1,0,0,0,3.3735572622751855,1,0
21,13,0,1,0,0,1,2,0,0,0,1,0,0,0,3.0269868333592873,1,0
27,13,6,1,0,0,1,3,0,0,0,1,0,1,0,3.0269868333592873,1,0
29,13,8,1,0,0,1,3,0,0,0,1,0,1,0,3.0269868333592873,1,0
26,13,5,1,0,0,1,3,0,0,0,1,0,0,0,3.0269868333592873,1,0
37,13,8,1,0,4,2,3,1,0,0,1,0,0,0,3.0269868333592873,1,0
26,18,0,2,0,0,1,2,0,0,0,1,0,0,0,3.5724312513221195,1,0
16,8,0,1,0,1,1,2,0,0,0,1,0,0,0,2.75,1,0
22,8,6,1,0,1,1,3,0,0,0,1,0,1,0,2.75,1,0
24,8,8,1,0,1,1,3,0,0,0,1,0,1,0,2.75,1,0
21,8,5,1,0,1,1,3,0,0,0,1,0,0,0,2.75,1,0
32,8,8,1,0,5,2,3,1,0,0,1,0,0,0,2.75,1,0
21,13,0,2,0,1,1,2,0,0,0,1,0,0,0,3.238901256602631,1,0
19,11,0,1,0,0,1,2,0,0,0,1,0,0,0,3.095795255000934,1,0
25,11,6,1,0,0,1,3,0,0,0,1,0,1,0,3.095795255000934,1,0
27,11,8,1,0,0,1,3,0,0,0,1,0,1,0,3.095795255000934,1,0
24,11,5,1,0,0,1,3,0,0,0,1,0,0,0,3.095795255000934,1,0
35,11,8,1,0,4,2,3,1,0,0,1,0,0,0,3.095795255000934,1,0
24,16,0,2,0,0,1,2,0,0,0,1,0,0,0,3.0306390622295662,1,0
24,16,0,1,0,0,1,2,0,0,0,1,0,0,0,3.75,1,0
30,16,6,1,0,0,1,3,0,0,0,1,0,1,0,3.75,1,0
32,16,8,1,0,0,1,3,0,0,0,1,0,1,0,3.75,1,0
29,16,5,1,0,0,1,3,0,0,0,1,0,0,0,3.75,1,0
40,16,8,1,0,4,2,3,1,0,0,1,0,0,0,3.75,1,0
29,21,0,2,0,0,1,2,0,0,0,1,0,0,0,3.8208888513501886,1,0
16,8,0,1,0,0,1,2,0,0,0,1,0,0,0,2.75,1,0
22,8,6,1,0,0,1,3,0,0,0,1,0,1,0,2.75,1,0
24,8,8,1,0,0,1,3,0,0,0,1,0,1,0,2.75,1,0
21,8,5,1,0,0,1,3,0,0,0,1,0,0,0,2.75,1,0
32,8,8,1,0,4,2,3,1,0,0,1,0,0,0,2.75,1,0
21,13,0,2,0,0,1,2,0,0,0,1,0,0,0,3.3927474104487847,1,0
18,10,0,1,0,0,1,2,0,0,0,1,0,0,0,2.9219280948873623,1,0
24,10,6,1,0,0,1,3,0,0,0,1,0,1,0,2.9219280948873623,1,0
26,10,8,1,0,0,1,3,0,0,0,1,0,1,0,2.9219280948873623,1,0
23,10,5,1,0,0,1,3,0,0,0,1,0,0,0,2.9219280948873623,1,0
34,10,8,1,0,4,2,3,1,0,0,1,0,0,0,2.9219280948873623,1,0
23,15,0,2,0,0,1,2,0,0,0,1,0,0,0,3.106890595608519,1,0
21,13,0,1,0,0,1,2,0,0,0,1,0,0,0,3.3927474104487847,1,0
27,13,6,1,0,0,1,3,0,0,0,1,0,1,0,3.3927474104487847,1,0
29,13,8,1,0,0,1,3,0,0,0,1,0,1,0,3.3927474104487847,1,0
26,13,5,1,0,0,1,3,0,0,0,1,0,0,0,3.3927474104487847,1,0
37,13,8,1,0,4,2,3,1,0,0,1,0,0,0,3.3927474104487847,1,0
26,18,0,2,0,0,1,2,0,0,0,1,0,0,0,3.614369445886757,1,0
22,14,0,1,0,0,1,2,0,0,0,1,0,0,0,3.6644977792004614,1,0
28,14,6,1,0,0,1,3,0,0,0,1,0,1,0,3.6644977792004614,1,0
30,14,8,1,0,0,1,3,0,0,0,1,0,1,0,3.6644977792004614,1,0
27,14,5,1,0,0,1,3,0,0,0,1,0,0,0,3.6644977792004614,1,0
38,14,8,1,0,4,2,3,1,0,0,1,0,0,0,3.6644977792004614,1,0
27,19,0,2,0,0,1,2,0,0,0,1,0,0,0,3.721611723969901,1,0
17,9,0,1,0,0,1,2,0,0,0,1,0,0,0,2.6416041678685938,1,0
23,9,6,1,0,0,1,3,0,0,0,1,0,1,0,2.6416041678685938,1,0
25,9,8,1,0,0,1,3,0,0,0,1,0,1,0,2.6416041678685938,1,0
22,9,5,1,0,0,1,3,0,0,0,1,0,0,0,2.6416041678685938,1,0
33,9,8,1,0,4,2,3,1,0,0,1,0,0,0,2.6416041678685938,1,0
22,14,0,2,0,0,1,2,0,0,0,1,0,0,0,3.0391486719030705,1,0
26,18,0,1,0,0,1,2,0,0,0,1,0,0,0,3.350209029099897,1,0
32,18,6,1,0,0,1,3,0,0,0,1,0,1,0,3.350209029099897,1,0
34,18,8,1,0,0,1,3,0,0,0,1,0,1,0,3.350209029099897,1,0
31,18,5,1,0,0,1,3,0,0,0,1,0,0,0,3.350209029099897,1,0
42,18,8,1,0,4,2,3,1,0,0,1,0,0,0,3.350209029099897,1,0
31,23,0,2,0,0,1,2,0,0,0,1,0,0,0,3.4800836951874476,1,0
16,8,0,1,0,0,1,2,0,0,0,1,0,0,0,2.75,1,0
22,8,6,1,0,0,1,3,0,0,0,1,0,1,0,2.75,1,0
24,8,8,1,0,0,1,3,0,0,0,1,0,1,0,2.75,1,0
21,8,5,1,0,0,1,3,0,0,0,1,0,0,0,2.75,1,0
32,8,8,1,0,4,2,3,1,0,0,1,0,0,0,2.75,1,0
21,13,0,2,0,0,1,2,0,0,0,1,0,0,0,3.238901256602631,1,0
20,12,0,1,0,0,1,2,0,0,0,1,0,0,0,3.2516291673878226,1,0
26,12,6,1,0,0,1,3,0,0,0,1,0,1,0,3.2516291673878226,1,0
28,12,8,1,0,0,1,3,0,0,0,1,0,1,0,3.2516291673878226,1,0
25,12,5,1,0,0,1,3,0,0,0,1,0,0,0,3.2516291673878226,1,0
36,12,8,1,0,4,2,3,1,0,0,1,0,0,0,3.2516291673878226,1,0
25,17,0,2,0,0,1,2,0,0,0,1,0,0,0,3.4548223999466057,1,0
29,21,0,1,0,0,1,2,0,0,0,1,0,0,0,3.6304126608739984,1,0
35,21,6,1,0,0,1,3,0,0,0,1,0,1,0,3.6304126608739984,1,0
37,21,8,1,0,0,1,3,0,0,0,1,0,1,0,3.6304126608739984,1,0
34,21,5,1,0,0,1,3,0,0,0,1,0,0,0,3.6304126608739984,1,0
45,21,8,1,0,4,2,3,1,0,0,1,0,0,0,3.6304126608739984,1,0
34,26,0,2,0,0,1,2,0,0,0,1,0,0,0,3.6714055834424975,1,0
14,6,0,1,0,0,1,2,0,0,0,1,0,0,0,1.9182958340544896,1,0
20,6,6,1,0,0,1,3,0,0,0,1,0,1,0,1.9182958340544896,1,0
22,6,8,1,0,0,1,3,0,0,0,1,0,1,0,1.9182958340544896,1,0
19,6,5,1,0,0,1,3,0,0,0,1,0,0,0,1.9182958340544896,1,0
30,6,8,1,0,4,2,3,1,0,0,1,0,0,0,1.9182958340544896,1,0
19,11,0,2,0,0,1,2,0,0,0,1,0,0,0,2.7321588913645702,1,0
19,11,0,1,0,0,1,2,0,0,0,1,0,0,0,3.095795255000934,1,0
25,11,6,1,0,0,1,3,0,0,0,1,0,1,0,3.095795255000934,1,0
27,11,8,1,0,0,1,3,0,0,0,1,0,1,0,3.095795255000934,1,0
24,11,5,1,0,0,1,3,0,0,0,1,0,0,0,3.095795255000934,1,0
35,11,8,1,0,4,2,3,1,0,0,1,0,0,0,3.095795255000934,1,0
24,16,0,2,0,0,1,2,0,0,0,1,0,0,0,3.5,1,0
17,9,0,1,0,0,1,2,0,0,0,1,0,0,0,3.169925001442312,1,0
23,9,6,1,0,0,1,3,0,0,0,1,0,1,0,3.169925001442312,1,0
25,9,8,1,0,0,1,3,0,0,0,1,0,1,0,3.169925001442312,1,0
22,9,5,1,0,0,1,3,0,0,0,1,0,0,0,3.169925001442312,1,0
33,9,8,1,0,4,2,3,1,0,0,1,0,0,0,3.169925001442312,1,0
22,14,0,2,0,0,1,2,0,0,0,1,0,0,0,3.521640636343318,1,0
16,8,0,1,0,0,1,2,0,0,0,1,0,0,0,2.75,1,0
22,8,6,1,0,0,1,3,0,0,0,1,0,1,0,2.75,1,0
24,8,8,1,0,0,1,3,0,0,0,1,0,1,0,2.75,1,0
21,8,5,1,0,0,1,3,0,0,0,1,0,0,0,2.75,1,0
32,8,8,1,0,4,2,3,1,0,0,1,0,0,0,2.75,1,0
21,13,0,2,0,0,1,2,0,0,0,1,0,0,0,3.0269868333592873,1,0
13,5,0,1,0,0,1,2,0,0,0,1,0,0,0,2.321928094887362,1,0
19,5,6,1,0,0,1,3,0,0,0,1,0,1,0,2.321928094887362,1,0
21,5,8,1,0,0,1,3,0,0,0,1,0,1,0,2.321928094887362,1,0
18,5,5,1,0,0,1,3,0,0,0,1,0,0,0,2.321928094887362,1,0
29,5,8,1,0,4,2,3,1,0,0,1,0,0,0,2.321928094887362,1,0
18,10,0,2,0,0,1,2,0,0,0,1,0,0,0,2.9219280948873623,1,0
15,7,0,1,0,0,1,2,0,0,0,1,0,0,0,2.521640636343318,1,0
21,7,6,1,0,0,1,3,0,0,0,1,0,1,0,2.521640636343318,1,0
23,7,8,1,0,0,1,3,0,0,0,1,0,1,0,2.521640636343318,1,0
20,7,5,1,0,0,1,3,0,0,0,1,0,0,0,2.521640636343318,1,0
31,7,8,1,0,4,2,3,1,0,0,1,0,0,0,2.521640636343318,1,0
20,12,0,2,0,0,1,2,0,0,0,1,0,0,0,3.0220552088742005,1,0
22,14,0,1,0,0,1,2,0,0,0,1,0,0,0,3.3787834934861753,1,0
28,14,6,1,0,0,1,3,0,0,0,1,0,1,0,3.3787834934861753,1,0
30,14,8,1,0,0,1,3,0,0,0,1,0,1,0,3.3787834934861753,1,0
27,14,5,1,0,0,1,3,0,0,0,1,0,0,0,3.3787834934861753,1,0
37,14,8,1,0,3,2,3,1,0,0,1,0,0,0,3.3787834934861753,1,0
27,19,0,2,0,0,1,2,0,0,0,1,0,0,0,3.721611723969901,1,0
17,9,0,1,0,0,1,2,0,0,0,1,0,0,0,2.94770277922009,1,0
23,9,6,1,0,0,1,3,0,0,0,1,0,1,0,2.94770277922009,1,0
25,9,8,1,0,0,1,3,0,0,0,1,0,1,0,2.94770277922009,1,0
22,9,5,1,0,0,1,3,0,0,0,1,0,0,0,2.94770277922009,1,0
33,9,8,1,0,4,2,3,1,0,0,1,0,0,0,2.94770277922009,1,0
22,14,0,2,0,0,1,2,0,0,0,1,0,0,0,3.2359263506290326,1,0
19,11,0,1,0,0,1,2,0,0,0,1,0,0,0,3.2776134368191157,1,0
25,11,6,1,0,0,1,3,0,0,0,1,0,1,0,3.2776134368191157,1,0
27,11,8,1,0,0,1,3,0,0,0,1,0,1,0,3.2776134368191157,1,0
24,11,5,1,0,0,1,3,0,0,0,1,0,0,0,3.2776134368191157,1,0
35,11,8,1,0,4,2,3,1,0,0,1,0,0,0,3.2776134368191157,1,0
24,16,0,2,0,0,1,2,0,0,0,1,0,0,0,3.5,1,0
18,10,0,1,1,0,1,2,0,0,0,1,0,0,0,3.1219280948873624,1,0
24,10,6,1,1,0,1,3,0,0,0,1,0,1,0,3.1219280948873624,1,0
26,10,8,1,1,0,1,3,0,0,0,1,0,1,0,3.1219280948873624,1,0
23,10,5,1,1,0,1,3,0,0,0,1,0,0,0,3.1219280948873624,1,0
34,10,8,1,1,4,2,3,1,0,0,1,0,0,0,3.1219280948873624,1,0
23,15,0,2,1,0,1,2,0,0,0,1,0,0,0,3.640223928941852,1,0
15,7,0,1,0,0,1,2,0,0,0,1,0,0,0,2.8073549220576037,1,0
21,7,6,1,0,0,1,3,0,0,0,1,0,1,0,2.8073549220576037,1,0
23,7,8,1,0,0,1,3,0,0,0,1,0,1,0,2.8073549220576037,1,0
20,7,5,1,0,0,1,3,0,0,0,1,0,0,0,2.8073549220576037,1,0
31,7,8,1,0,4,2,3,1,0,0,1,0,0,0,2.8073549220576037,1,0
20,12,0,2,0,0,1,2,0,0,0,1,0,0,0,3.4182958340544896,1,0
18,10,0,1,0,0,1,2,0,0,0,1,0,0,0,2.721928094887362,1,0
24,10,6,1,0,0,1,3,0,0,0,1,0,1,0,2.721928094887362,1,0
26,10,8,1,0,0,1,3,0,0,0,1,0,1,0,2.721928094887362,1,0
23,10,5,1,0,0,1,3,0,0,0,1,0,0,0,2.721928094887362,1,0
34,10,8,1,0,4,2,3,1,0,0,1,0,0,0,2.721928094887362,1,0
23,15,0,2,0,0,1,2,0,0,0,1,0,0,0,3.106890595608519,1,0
17,9,0,1,0,0,1,2,0,0,0,1,0,0,0,2.725480556997868,1,0
23,9,6,1,0,0,1,3,0,0,0,1,0,1,0,2.725480556997868,1,0
25,9,8,1,0,0,1,3,0,0,0,1,0,1,0,2.725480556997868,1,0
22,9,5,1,0,0,1,3,0,0,0,1,0,0,0,2.725480556997868,1,0
33,9,8,1,0,4,2,3,1,0,0,1,0,0,0,2.725480556997868,1,0
22,14,0,2,0,0,1,2,0,0,0,1,0,0,0,3.0391486719030705,1,0
21,13,0,1,0,0,1,2,0,0,0,1,0,0,0,3.0850551027564768,1,0
27,13,6,1,0,0,1,3,0,0,0,1,0,1,0,3.0850551027564768,1,0
29,13,8,1,0,0,1,3,0,0,0,1,0,1,0,3.0850551027564768,1,0
26,13,5,1,0,0,1,3,0,0,0,1,0,0,0,3.0850551027564768,1,0
37,13,8,1,0,4,2,3,1,0,0,1,0,0,0,3.0850551027564768,1,0
26,18,0,2,0,0,1,2,0,0,0,1,0,0,0,3.3921472236645345,1,0
17,9,0,1,0,0,1,2,0,0,0,1,0,0,0,2.94770277922009,1,0
23,9,6,1,0,0,1,3,0,0,0,1,0,1,0,2.94770277922009,1,0
25,9,8,1,0,0,1,3,0,0,0,1,0,1,0,2.94770277922009,1,0
22,9,5,1,0,0,1,3,0,0,0,1,0,0,0,2.94770277922009,1,0
33,9,8,1,0,4,2,3,1,0,0,1,0,0,0,2.94770277922009,1,0
22,14,0,2,0,0,1,2,0,0,0,1,0,0,0,3.2359263506290326,1,0
17,9,0,1,0,0,1,2,0,0,0,1,0,0,0,2.725480556997868,1,0
23,9,6,1,0,0,1,3,0,0,0,1,0,1,0,2.725480556997868,1,0
25,9,8,1,0,0,1,3,0,0,0,1,0,1,0,2.725480556997868,1,0
22,9,5,1,0,0,1,3,0,0,0,1,0,0,0,2.725480556997868,1,0
33,9,8,1,0,4,2,3,1,0,0,1,0,0,0,2.725480556997868,1,0
22,14,0,2,0,0,1,2,0,0,0,1,0,0,0,3.1820058147602133,1,0
16,8,0,1,0,1,1,2,0,0,0,1,0,0,0,3.0,1,0
22,8,6,1,0,1,1,3,0,0,0,1,0,1,0,3.0,1,0
24,8,8,1,0,1,1,3,0,0,0,1,0,1,0,3.0,1,0
21,8,5,1,0,1,1,3,0,0,0,1,0,0,0,3.0,1,0
32,8,8,1,0,5,2,3,1,0,0,1,0,0,0,3.0,1,0
21,13,0,2,0,1,1,2,0,0,0,1,0,0,0,3.3927474104487847,1,0
22,14,0,1,0,0,1,2,0,0,0,1,0,0,0,3.521640636343318,1,0
28,14,6,1,0,0,1,3,0,0,0,1,0,1,0,3.521640636343318,1,0
30,14,8,1,0,0,1,3,0,0,0,1,0,1,0,3.521640636343318,1,0
27,14,5,1,0,0,1,3,0,0,0,1,0,0,0,3.521640636343318,1,0
38,14,8,1,0,4,2,3,1,0,0,1,0,0,0,3.521640636343318,1,0
27,19,0,2,0,0,1,2,0,0,0,1,0,0,0,3.6818808028034025,1,0
18,10,0,1,0,0,1,2,0,0,0,1,0,0,0,2.8464393446710154,1,0
24,10,6,1,0,0,1,3,0,0,0,1,0,1,0,2.8464393446710154,1,0
26,10,8,1,0,0,1,3,0,0,0,1,0,1,0,2.8464393446710154,1,0
23,10,5,1,0,0,1,3,0,0,0,1,0,0,0,2.8464393446710154,1,0
34,10,8,1,0,4,2,3,1,0,0,1,0,0,0,2.8464393446710154,1,0
23,15,0,2,0,0,1,2,0,0,0,1,0,0,0,3.1898980954642875,1,0
16,8,0,1,0,1,1,2,0,0,0,1,0,0,0,3.0,1,0
22,8,6,1,0,1,1,3,0,0,0,1,0,1,0,3.0,1,0
24,8,8,1,0,1,1,3,0,0,0,1,0,1,0,3.0,1,0
21,8,5,1,0,1,1,3,0,0,0,1,0,0,0,3.0,1,0
32,8,8,1,0,5,2,3,1,0,0,1,0,0,0,3.0,1,0
21,13,0,2,0,1,1,2,0,0,0,1,0,0,0,3.3927474104487847,1,0
17,9,0,1,0,0,1,2,0,0,0,1,0,0,0,2.94770277922009,1,0
23,9,6,1,0,0,1,3,0,0,0,1,0,1,0,2.94770277922009,1,0
25,9,8,1,0,0,1,3,0,0,0,1,0,1,0,2.94770277922009,1,0
22,9,5,1,0,0,1,3,0,0,0,1,0,0,0,2.94770277922009,1,0
32,9,8,1,0,3,2,3,1,0,0,1,0,0,0,2.94770277922009,1,0
22,14,0,2,0,0,1,2,0,0,0,1,0,0,0,3.1820058147602133,1,0
19,11,0,1,0,0,1,2,0,0,0,1,0,0,0,2.913977073182752,1,0
25,11,6,1,0,0,1,3,0,0,0,1,0,1,0,2.913977073182752,1,0
27,11,8,1,0,0,1,3,0,0,0,1,0,1,0,2.913977073182752,1,0
24,11,5,1,0,0,1,3,0,0,0,1,0,0,0,2.913977073182752,1,0
35,11,8,1,0,4,2,3,1,0,0,1,0,0,0,2.913977073182752,1,0
24,16,0,2,0,0,1,2,0,0,0,1,0,0,0,3.25,1,0
18,10,0,1,0,0,1,2,0,0,0,1,0,0,0,2.9219280948873623,1,0
24,10,6,1,0,0,1,3,0,0,0,1,0,1,0,2.9219280948873623,1,0
26,10,8,1,0,0,1,3,0,0,0,1,0,1,0,2.9219280948873623,1,0
23,10,5,1,0,0,1,3,0,0,0,1,0,0,0,2.9219280948873623,1,0
34,10,8,1,0,4,2,3,1,0,0,1,0,0,0,2.9219280948873623,1,0
23,15,0,2,0,0,1,2,0,0,0,1,0,0,0,3.3735572622751855,1,0
25,17,0,1,0,0,1,2,0,0,0,1,0,0,0,3.381580488309163,1,0
31,17,6,1,0,0,1,3,0,0,0,1,0,1,0,3.381580488309163,1,0
33,17,8,1,0,0,1,3,0,0,0,1,0,1,0,3.381580488309163,1,0
30,17,5,1,0,0,1,3,0,0,0,1,0,0,0,3.381580488309163,1,0
41,17,8,1,0,4,2,3,1,0,0,1,0,0,0,3.381580488309163,1,0
30,22,0,2,0,0,1,2,0,0,0,1,0,0,0,3.4251185503571397,1,0
15,7,0,1,0,0,1,2,0,0,0,1,0,0,0,2.521640636343318,1,0
21,7,6,1,0,0,1,3,0,0,0,1,0,1,0,2.521640636343318,1,0
23,7,8,1,0,0,1,3,0,0,0,1,0,1,0,2.521640636343318,1,0
20,7,5,1,0,0,1,3,0,0,0,1,0,0,0,2.521640636343318,1,0
31,7,8,1,0,4,2,3,1,0,0,1,0,0,0,2.521640636343318,1,0
20,12,0,2,0,0,1,2,0,0,0,1,0,0,0,3.084962500721156,1,0
14,6,0,1,0,0,1,2,0,0,0,1,0,0,0,2.584962500721156,1,0
20,6,6,1,0,0,1,3,0,0,0,1,0,1,0,2.584962500721156,1,0
22,6,8,1,0,0,1,3,0,0,0,1,0,1,0,2.584962500721156,1,0
19,6,5,1,0,0,1,3,0,0,0,1,0,0,0,2.584962500721156,1,0
30,6,8,1,0,4,2,3,1,0,0,1,0,0,0,2.584962500721156,1,0
19,11,0,2,0,0,1,2,0,0,0,1,0,0,0,3.095795255000934,1,0
13,5,0,1,0,0,1,2,0,0,0,1,0,0,0,2.321928094887362,1,0
19,5,6,1,0,0,1,3,0,0,0,1,0,1,0,2.321928094887362,1,0
21,5,8,1,0,0,1,3,0,0,0,1,0,1,0,2.321928094887362,1,0
18,5,5,1,0,0,1,3,0,0,0,1,0,0,0,2.321928094887362,1,0
29,5,8,1,0,4,2,3,1,0,0,1,0,0,0,2.321928094887362,1,0
18,10,0,2,0,0,1,2,0,0,0,1,0,0,0,2.721928094887362,1,0
14,6,0,1,0,0,1,2,0,0,0,1,0,0,0,2.2516291673878226,1,0
20,6,6,1,0,0,1,3,0,0,0,1,0,1,0,2.2516291673878226,1,0
22,6,8,1,0,0,1,3,0,0,0,1,0,1,0,2.2516291673878226,1,0
19,6,5,1,0,0,1,3,0,0,0,1,0,0,0,2.2516291673878226,1,0
30,6,8,1,0,4,2,3,1,0,0,1,0,0,0,2.2516291673878226,1,0
19,11,0,2,0,0,1,2,0,0,0,1,0,0,0,2.913977073182752,1,0
17,9,0,1,0,0,1,2,0,0,0,1,0,0,0,3.169925001442312,1,0
23,9,6,1,0,0,1,3,0,0,0,1,0,1,0,3.169925001442312,1,0
25,9,8,1,0,0,1,3,0,0,0,1,0,1,0,3.169925001442312,1,0
22,9,5,1,0,0,1,3,0,0,0,1,0,0,0,3.169925001442312,1,0
33,9,8,1,0,4,2,3,1,0,0,1,0,0,0,3.169925001442312,1,0
22,14,0,2,0,0,1,2,0,0,0,1,0,0,0,3.521640636343318,1,0
19,11,0,1,0,0,1,2,0,0,0,1,0,0,0,2.7321588913645702,1,0
25,11,6,1,0,0,1,3,0,0,0,1,0,1,0,2.7321588913645702,1,0
27,11,8,1,0,0,1,3,0,0,0,1,0,1,0,2.7321588913645702,1,0
24,11,5,1,0,0,1,3,0,0,0,1,0,0,0,2.7321588913645702,1,0
35,11,8,1,0,4,2,3,1,0,0,1,0,0,0,2.7321588913645702,1,0
24,16,0,2,0,0,1,2,0,0,0,1,0,0,0,3.375,1,0
17,9,0,1,0,0,1,2,0,0,0,1,0,0,0,2.725480556997868,1,0
23,9,6,1,0,0,1,3,0,0,0,1,0,1,0,2.725480556997868,1,0
25,9,8,1,0,0,1,3,0,0,0,1,0,1,0,2.725480556997868,1,0
22,9,5,1,0,0,1,3,0,0,0,1,0,0,0,2.725480556997868,1,0
33,9,8,1,0,4,2,3,1,0,0,1,0,0,0,2.725480556997868,1,0
22,14,0,2,0,0,1,2,0,0,0,1,0,0,0,3.2359263506290326,1,0
28,20,0,1,1,0,1,2,0,0,0,1,0,0,0,3.684183719779189,1,0
34,20,6,1,1,0,1,3,0,0,0,1,0,1,0,3.684183719779189,1,0
36,20,8,1,1,0,1,3,0,0,0,1,0,1,0,3.684183719779189,1,0
33,20,5,1,1,0,1,3,0,0,0,1,0,0,0,3.684183719779189,1,0
44,20,8,1,1,4,2,3,1,0,0,1,0,0,0,3.684183719779189,1,0
33,25,0,2,1,0,1,2,0,0,0,1,0,0,0,3.6732696895151085,1,0
21,13,0,1,0,3,1,2,0,0,0,1,0,0,0,3.238901256602631,1,0
27,13,6,1,0,3,1,3,0,0,0,1,0,1,0,3.238901256602631,1,0
29,13,8,1,0,3,1,3,0,0,0,1,0,1,0,3.238901256602631,1,0
26,13,5,1,0,3,1,3,0,0,0,1,0,0,0,3.238901256602631,1,0
37,13,8,1,0,7,2,3,1,0,0,1,0,0,0,3.238901256602631,1,0
26,18,0,2,0,3,1,2,0,0,0,1,0,0,0,3.5032583347756456,1,0
17,9,0,1,0,0,1,2,0,0,0,1,0,0,0,2.94770277922009,1,0
23,9,6,1,0,0,1,3,0,0,0,1,0,1,0,2.94770277922009,1,0
25,9,8,1,0,0,1,3,0,0,0,1,0,1,0,2.94770277922009,1,0
22,9,5,1,0,0,1,3,0,0,0,1,0,0,0,2.94770277922009,1,0
33,9,8,1,0,4,2,3,1,0,0,1,0,0,0,2.94770277922009,1,0
22,14,0,2,0,0,1,2,0,0,0,1,0,0,0,3.2359263506290326,1,0
26,18,0,1,1,0,1,2,0,0,0,1,0,0,0,3.7254805569978675,1,0
32,18,6,1,1,0,1,3,0,0,0,1,0,1,0,3.7254805569978675,1,0
34,18,8,1,1,0,1,3,0,0,0,1,0,1,0,3.7254805569978675,1,0
31,18,5,1,1,0,1,3,0,0,0,1,0,0,0,3.7254805569978675,1,0
42,18,8,1,1,4,2,3,1,0,0,1,0,0,0,3.7254805569978675,1,0
31,23,0,2,1,0,1,2,0,0,0,1,0,0,0,3.795088586397732,1,0
17,9,0,1,0,0,1,2,0,0,0,1,0,0,0,3.169925001442312,1,0
23,9,6,1,0,0,1,3,0,0,0,1,0,1,0,3.169925001442312,1,0
25,9,8,1,0,0,1,3,0,0,0,1,0,1,0,3.169925001442312,1,0
22,9,5,1,0,0,1,3,0,0,0,1,0,0,0,3.169925001442312,1,0
33,9,8,1,0,4,2,3,1,0,0,1,0,0,0,3.169925001442312,1,0
22,14,0,2,0,0,1,2,0,0,0,1,0,0,0,3.2359263506290326,1,0
24,16,0,1,1,0,1,2,0,0,0,1,0,0,0,3.0306390622295662,1,0
30,16,6,1,1,0,1,3,0,0,0,1,0,1,0,3.0306390622295662,1,0
32,16,8,1,1,0,1,3,0,0,0,1,0,1,0,3.0306390622295662,1,0
29,16,5,1,1,0,1,3,0,0,0,1,0,0,0,3.0306390622295662,1,0
40,16,8,1,1,4,2,3,1,0,0,1,0,0,0,3.0306390622295662,1,0
29,21,0,2,1,0,1,2,0,0,0,1,0,0,0,3.558518613048906,1,0
19,11,0,1,0,0,1,2,0,0,0,1,0,0,0,3.095795255000934,1,0
25,11,6,1,0,0,1,3,0,0,0,1,0,1,0,3.095795255000934,1,0
27,11,8,1,0,0,1,3,0,0,0,1,0,1,0,3.095795255000934,1,0
24,11,5,1,0,0,1,3,0,0,0,1,0,0,0,3.095795255000934,1,0
35,11,8,1,0,4,2,3,1,0,0,1,0,0,0,3.095795255000934,1,0
24,16,0,2,0,0,1,2,0,0,0,1,0,0,0,3.327819531114783,1,0
19,11,0,1,0,0,1,2,0,0,0,1,0,0,0,3.095795255000934,1,0
25,11,6,1,0,0,1,3,0,0,0,1,0,1,0,3.095795255000934,1,0
27,11,8,1,0,0,1,3,0,0,0,1,0,1,0,3.095795255000934,1,0
24,11,5,1,0,0,1,3,0,0,0,1,0,0,0,3.095795255000934,1,0
35,11,8,1,0,4,2,3,1,0,0,1,0,0,0,3.095795255000934,1,0
24,16,0,2,0,0,1,2,0,0,0,1,0,0,0,3.375,1,0
14,6,0,1,0,0,1,2,0,0,0,1,0,0,0,2.584962500721156,1,0
20,6,6,1,0,0,1,3,0,0,0,1,0,1,0,2.584962500721156,1,0
22,6,8,1,0,0,1,3,0,0,0,1,0,1,0,2.584962500721156,1,0
19,6,5,1,0,0,1,3,0,0,0,1,0,0,0,2.584962500721156,1,0
30,6,8,1,0,4,2,3,1,0,0,1,0,0,0,2.584962500721156,1,0
19,11,0,2,0,0,1,2,0,0,0,1,0,0,0,2.913977073182752,1,0
17,9,0,1,0,0,1,2,0,0,0,1,0,0,0,2.94770277922009,1,0
23,9,6,1,0,0,1,3,0,0,0,1,0,1,0,2.94770277922009,1,0
25,9,8,1,0,0,1,3,0,0,0,1,0,1,0,2.94770277922009,1,0
22,9,5,1,0,0,1,3,0,0,0,1,0,0,0,2.94770277922009,1,0
33,9,8,1,0,4,2,3,1,0,0,1,0,0,0,2.94770277922009,1,0
22,14,0,2,0,0,1,2,0,0,0,1,0,0,0,3.2359263506290326,1,0
20,12,0,1,0,0,1,2,0,0,0,1,0,0,0,3.2516291673878226,1,0
26,12,6,1,0,0,1,3,0,0,0,1,0,1,0,3.2516291673878226,1,0
28,12,8,1,0,0,1,3,0,0,0,1,0,1,0,3.2516291673878226,1,0
25,12,5,1,0,0,1,3,0,0,0,1,0,0,0,3.2516291673878226,1,0
36,12,8,1,0,4,2,3,1,0,0,1,0,0,0,3.2516291673878226,1,0
25,17,0,2,0,0,1,2,0,0,0,1,0,0,0,3.4992275471326924,1,0
21,13,0,1,0,0,1,2,0,0,0,1,0,0,0,2.931208948910323,1,0
27,13,6,1,0,0,1,3,0,0,0,1,0,1,0,2.931208948910323,1,0
29,13,8,1,0,0,1,3,0,0,0,1,0,1,0,2.931208948910323,1,0
26,13,5,1,0,0,1,3,0,0,0,1,0,0,0,2.931208948910323,1,0
37,13,8,1,0,4,2,3,1,0,0,1,0,0,0,2.931208948910323,1,0
26,18,0,2,0,0,1,2,0,0,0,1,0,0,0,3.3921472236645345,1,0
21,13,0,1,0,0,1,2,0,0,0,1,0,0,0,3.238901256602631,1,0
27,13,6,1,0,0,1,3,0,0,0,1,0,1,0,3.238901256602631,1,0
29,13,8,1,0,0,1,3,0,0,0,1,0,1,0,3.238901256602631,1,0
26,13,5,1,0,0,1,3,0,0,0,1,0,0,0,3.238901256602631,1,0
37,13,8,1,0,4,2,3,1,0,0,1,0,0,0,3.238901256602631,1,0
26,18,0,2,0,0,1,2,0,0,0,1,0,0,0,3.614369445886757,1,0
16,8,0,1,0,0,1,2,0,0,0,1,0,0,0,3.0,1,0
22,8,6,1,0,0,1,3,0,0,0,1,0,1,0,3.0,1,0
24,8,8,1,0,0,1,3,0,0,0,1,0,1,0,3.0,1,0
21,8,5,1,0,0,1,3,0,0,0,1,0,0,0,3.0,1,0
32,8,8,1,0,4,2,3,1,0,0,1,0,0,0,3.0,1,0
21,13,0,2,0,0,1,2,0,0,0,1,0,0,0,3.546593564294939,1,0
18,10,0,1,0,0,1,2,0,0,0,1,0,0,0,2.9219280948873623,1,0
24,10,6,1,0,0,1,3,0,0,0,1,0,1,0,2.9219280948873623,1,0
26,10,8,1,0,0,1,3,0,0,0,1,0,1,0,2.9219280948873623,1,0
23,10,5,1,0,0,1,3,0,0,0,1,0,0,0,2.9219280948873623,1,0
34,10,8,1,0,4,2,3,1,0,0,1,0,0,0,2.9219280948873623,1,0
23,15,0,2,0,0,1,2,0,0,0,1,0,0,0,3.1898980954642875,1,0
14,6,0,1,0,0,1,2,0,0,0,1,0,0,0,2.584962500721156,1,0
20,6,6,1,0,0,1,3,0,0,0,1,0,1,0,2.584962500721156,1,0
22,6,8,1,0,0,1,3,0,0,0,1,0,1,0,2.584962500721156,1,0
19,6,5,1,0,0,1,3,0,0,0,1,0,0,0,2.584962500721156,1,0
30,6,8,1,0,4,2,3,1,0,0,1,0,0,0,2.584962500721156,1,0
19,11,0,2,0,0,1,2,0,0,0,1,0,0,0,2.913977073182752,1,0
19,11,0,1,0,0,1,2,0,0,0,1,0,0,0,3.095795255000934,1,0
25,11,6,1,0,0,1,3,0,0,0,1,0,1,0,3.095795255000934,1,0
27,11,8,1,0,0,1,3,0,0,0,1,0,1,0,3.095795255000934,1,0
24,11,5,1,0,0,1,3,0,0,0,1,0,0,0,3.095795255000934,1,0
35,11,8,1,0,4,2,3,1,0,0,1,0,0,0,3.095795255000934,1,0
24,16,0,2,0,0,1,2,0,0,0,1,0,0,0,3.375,1,0
17,9,0,1,0,0,1,2,0,0,0,1,0,0,0,3.169925001442312,1,0
23,9,6,1,0,0,1,3,0,0,0,1,0,1,0,3.169925001442312,1,0
25,9,8,1,0,0,1,3,0,0,0,1,0,1,0,3.169925001442312,1,0
22,9,5,1,0,0,1,3,0,0,0,1,0,0,0,3.169925001442312,1,0
33,9,8,1,0,4,2,3,1,0,0,1,0,0,0,3.169925001442312,1,0
22,14,0,2,0,0,1,2,0,0,0,1,0,0,0,3.521640636343318,1,0
19,11,0,1,0,0,1,2,0,0,0,1,0,0,0,3.095795255000934,1,0
25,11,6,1,0,0,1,3,0,0,0,1,0,1,0,3.095795255000934,1,0
27,11,8,1,0,0,1,3,0,0,0,1,0,1,0,3.095795255000934,1,0
24,11,5,1,0,0,1,3,0,0,0,1,0,0,0,3.095795255000934,1,0
35,11,8,1,0,4,2,3,1,0,0,1,0,0,0,3.095795255000934,1,0
24,16,0,2,0,0,1,2,0,0,0,1,0,0,0,3.077819531114783,1,0
19,11,0,1,0,1,1,2,0,0,0,1,0,0,0,3.4594316186372973,1,0
25,11,6,1,0,1,1,3,0,0,0,1,0,1,0,3.4594316186372973,1,0
27,11,8,1,0,1,1,3,0,0,0,1,0,1,0,3.4594316186372973,1,0
24,11,5,1,0,1,1,3,0,0,0,1,0,0,0,3.4594316186372973,1,0
35,11,8,1,0,5,2,3,1,0,0,1,0,0,0,3.4594316186372973,1,0
24,16,0,2,0,1,1,2,0,0,0,1,0,0,0,3.625,1,0
18,10,0,1,0,0,1,2,0,0,0,1,0,0,0,3.1219280948873624,1,0
24,10,6,1,0,0,1,3,0,0,0,1,0,1,0,3.1219280948873624,1,0
26,10,8,1,0,0,1,3,0,0,0,1,0,1,0,3.1219280948873624,1,0
23,10,5,1,0,0,1,3,0,0,0,1,0,0,0,3.1219280948873624,1,0
34,10,8,1,0,4,2,3,1,0,0,1,0,0,0,3.1219280948873624,1,0
23,15,0,2,0,0,1,2,0,0,0,1,0,0,0,3.3735572622751855,1,0
15,7,0,1,0,1,1,2,0,0,0,1,0,0,0,2.8073549220576037,1,0
21,7,6,1,0,1,1,3,0,0,0,1,0,1,0,2.8073549220576037,1,0
23,7,8,1,0,1,1,3,0,0,0,1,0,1,0,2.8073549220576037,1,0
20,7,5,1,0,1,1,3,0,0,0,1,0,0,0,2.8073549220576037,1,0
31,7,8,1,0,5,2,3,1,0,0,1,0,0,0,2.8073549220576037,1,0
20,12,0,2,0,1,1,2,0,0,0,1,0,0,0,3.084962500721156,1,0
18,10,0,1,0,0,1,2,0,0,0,1,0,1,0,2.9219280948873623,1,0
24,10,6,1,0,0,1,3,0,0,0,1,0,1,0,2.9219280948873623,1,0
26,10,8,1,0,0,1,3,0,0,0,1,0,1,0,2.9219280948873623,1,0
23,10,5,1,0,0,1,3,0,0,0,1,0,1,0,2.9219280948873623,1,0
34,10,8,1,0,4,2,3,1,0,0,1,0,1,0,2.9219280948873623,1,0
23,15,0,2,0,0,1,2,0,0,0,1,0,1,0,3.056564762130954,1,0
24,16,0,1,0,0,1,2,0,0,0,1,0,0,0,3.5,1,0
30,16,6,1,0,0,1,3,0,0,0,1,0,1,0,3.5,1,0
32,16,8,1,0,0,1,3,0,0,0,1,0,1,0,3.5,1,0
29,16,5,1,0,0,1,3,0,0,0,1,0,0,0,3.5,1,0
40,16,8,1,0,4,2,3,1,0,0,1,0,0,0,3.5,1,0
29,21,0,2,0,0,1,2,0,0,0,1,0,0,0,3.558518613048906,1,0
28,20,0,1,0,0,1,2,0,0,0,1,0,0,0,3.5464393446710156,1,0
34,20,6,1,0,0,1,3,0,0,0,1,0,1,0,3.5464393446710156,1,0
36,20,8,1,0,0,1,3,0,0,0,1,0,1,0,3.5464393446710156,1,0
33,20,5,1,0,0,1,3,0,0,0,1,0,0,0,3.5464393446710156,1,0
44,20,8,1,0,4,2,3,1,0,0,1,0,0,0,3.5464393446710156,1,0
33,25,0,2,0,0,1,2,0,0,0,1,0,0,0,3.623465189601647,1,0
20,12,0,1,1,0,1,2,0,0,0,1,0,0,0,3.0220552088742005,1,0
26,12,6,1,1,0,1,3,0,0,0,1,0,1,0,3.0220552088742005,1,0
28,12,8,1,1,0,1,3,0,0,0,1,0,1,0,3.0220552088742005,1,0
25,12,5,1,1,0,1,3,0,0,0,1,0,0,0,3.0220552088742005,1,0
35,12,8,1,1,3,2,3,1,0,0,1,0,0,0,3.0220552088742005,1,0
25,17,0,2,1,0,1,2,0,0,0,1,0,0,0,3.4548223999466057,1,0
14,6,0,1,0,0,1,2,0,0,0,1,0,0,0,2.584962500721156,1,0
20,6,6,1,0,0,1,3,0,0,0,1,0,1,0,2.584962500721156,1,0
22,6,8,1,0,0,1,3,0,0,0,1,0,1,0,2.584962500721156,1,0
19,6,5,1,0,0,1,3,0,0,0,1,0,0,0,2.584962500721156,1,0
30,6,8,1,0,4,2,3,1,0,0,1,0,0,0,2.584962500721156,1,0
19,11,0,2,0,0,1,2,0,0,0,1,0,0,0,3.095795255000934,1,0
20,12,0,1,0,0,1,2,0,0,0,1,0,0,0,3.188721875540867,1,0
26,12,6,1,0,0,1,3,0,0,0,1,0,1,0,3.188721875540867,1,0
28,12,8,1,0,0,1,3,0,0,0,1,0,1,0,3.188721875540867,1,0
25,12,5,1,0,0,1,3,0,0,0,1,0,0,0,3.188721875540867,1,0
35,12,8,1,0,3,2,3,1,0,0,1,0,0,0,3.188721875540867,1,0
25,17,0,2,0,0,1,2,0,0,0,1,0,0,0,3.4548223999466057,1,0
12,4,0,1,0,0,1,2,0,0,0,1,0,0,0,2.0,1,0
18,4,6,1,0,0,1,3,0,0,0,1,0,1,0,2.0,1,0
20,4,8,1,0,0,1,3,0,0,0,1,0,1,0,2.0,1,0
17,4,5,1,0,0,1,3,0,0,0,1,0,0,0,2.0,1,0
28,4,8,1,0,4,2,3,1,0,0,1,0,0,0,2.0,1,0
17,9,0,2,0,0,1,2,0,0,0,1,0,0,0,2.725480556997868,1,0
18,10,0,1,0,0,1,2,0,0,0,1,0,0,0,2.9219280948873623,1,0
24,10,6,1,0,0,1,3,0,0,0,1,0,1,0,2.9219280948873623,1,0
26,10,8,1,0,0,1,3,0,0,0,1,0,1,0,2.9219280948873623,1,0
23,10,5,1,0,0,1,3,0,0,0,1,0,0,0,2.9219280948873623,1,0
34,10,8,1,0,4,2,3,1,0,0,1,0,0,0,2.9219280948873623,1,0
23,15,0,2,0,0,1,2,0,0,0,1,0,0,0,3.3735572622751855,1,0
17,9,0,1,0,0,1,2,0,0,0,1,0,0,0,2.725480556997868,1,0
23,9,6,1,0,0,1,3,0,0,0,1,0,1,0,2.725480556997868,1,0
25,9,8,1,0,0,1,3,0,0,0,1,0,1,0,2.725480556997868,1,0
22,9,5,1,0,0,1,3,0,0,0,1,0,0,0,2.725480556997868,1,0
33,9,8,1,0,4,2,3,1,0,0,1,0,0,0,2.725480556997868,1,0
22,14,0,2,0,0,1,2,0,0,0,1,0,0,0,3.2359263506290326,1,0
20,12,0,1,0,0,1,2,0,0,0,1,0,0,0,3.2516291673878226,1,0
26,12,6,1,0,0,1,3,0,0,0,1,0,1,0,3.2516291673878226,1,0
28,12,8,1,0,0,1,3,0,0,0,1,0,1,0,3.2516291673878226,1,0
25,12,5,1,0,0,1,3,0,0,0,1,0,0,0,3.2516291673878226,1,0
36,12,8,1,0,4,2,3,1,0,0,1,0,0,0,3.2516291673878226,1,0
25,17,0,2,0,0,1,2,0,0,0,1,0,0,0,3.4548223999466057,1,0
17,9,0,1,0,0,1,2,0,0,0,1,0,0,0,2.94770277922009,1,0
23,9,6,1,0,0,1,3,0,0,0,1,0,1,0,2.94770277922009,1,0
25,9,8,1,0,0,1,3,0,0,0,1,0,1,0,2.94770277922009,1,0
22,9,5,1,0,0,1,3,0,0,0,1,0,0,0,2.94770277922009,1,0
33,9,8,1,0,4,2,3,1,0,0,1,0,0,0,2.94770277922009,1,0
22,14,0,2,0,0,1,2,0,0,0,1,0,0,0,3.3248629576173565,1,0
18,10,0,1,0,0,1,2,0,0,0,1,0,0,0,2.9219280948873623,1,0
24,10,6,1,0,0,1,3,0,0,0,1,0,1,0,2.9219280948873623,1,0
26,10,8,1,0,0,1,3,0,0,0,1,0,1,0,2.9219280948873623,1,0
23,10,5,1,0,0,1,3,0,0,0,1,0,0,0,2.9219280948873623,1,0
34,10,8,1,0,4,2,3,1,0,0,1,0,0,0,2.9219280948873623,1,0
23,15,0,2,0,0,1,2,0,0,0,1,0,0,0,3.3735572622751855,1,0
27,19,0,1,1,0,1,2,0,0,0,1,0,0,0,3.5368867237421675,1,0
33,19,6,1,1,0,1,3,0,0,0,1,0,1,0,3.5368867237421675,1,0
35,19,8,1,1,0,1,3,0,0,0,1,0,1,0,3.5368867237421675,1,0
32,19,5,1,1,0,1,3,0,0,0,1,0,0,0,3.5368867237421675,1,0
42,19,8,1,1,3,2,3,1,0,0,1,0,0,0,3.5368867237421675,1,0
32,24,0,2,1,0,1,2,0,0,0,1,0,0,0,3.688721875540867,1,0
23,15,0,1,0,0,1,2,0,0,0,1,0,0,0,3.456564762130954,1,0
29,15,6,1,0,0,1,3,0,0,0,1,0,1,0,3.456564762130954,1,0
31,15,8,1,0,0,1,3,0,0,0,1,0,1,0,3.456564762130954,1,0
28,15,5,1,0,0,1,3,0,0,0,1,0,0,0,3.456564762130954,1,0
39,15,8,1,0,4,2,3,1,0,0,1,0,0,0,3.456564762130954,1,0
28,20,0,2,0,0,1,2,0,0,0,1,0,0,0,3.584183719779189,1,0
28,20,0,1,1,0,1,2,0,0,0,1,0,0,0,3.8841837197791893,1,0
34,20,6,1,1,0,1,3,0,0,0,1,0,1,0,3.8841837197791893,1,0
36,20,8,1,1,0,1,3,0,0,0,1,0,1,0,3.8841837197791893,1,0
33,20,5,1,1,0,1,3,0,0,0,1,0,0,0,3.8841837197791893,1,0
44,20,8,1,1,4,2,3,1,0,0,1,0,0,0,3.8841837197791893,1,0
33,25,0,2,1,0,1,2,0,0,0,1,0,0,0,4.053660689688186,1,0
27,19,0,1,1,0,1,2,0,0,0,1,0,0,0,3.5368867237421675,1,0
33,19,6,1,1,0,1,3,0,0,0,1,0,1,0,3.5368867237421675,1,0
35,19,8,1,1,0,1,3,0,0,0,1,0,1,0,3.5368867237421675,1,0
32,19,5,1,1,0,1,3,0,0,0,1,0,0,0,3.5368867237421675,1,0
43,19,8,1,1,4,2,3,1,0,0,1,0,0,0,3.5368867237421675,1,0
32,24,0,2,1,0,1,2,0,0,0,1,0,0,0,3.668295834054489,1,0
21,13,0,1,0,0,1,2,0,0,0,1,0,0,0,3.238901256602631,1,0
27,13,6,1,0,0,1,3,0,0,0,1,0,1,0,3.238901256602631,1,0
29,13,8,1,0,0,1,3,0,0,0,1,0,1,0,3.238901256602631,1,0
26,13,5,1,0,0,1,3,0,0,0,1,0,0,0,3.238901256602631,1,0
37,13,8,1,0,4,2,3,1,0,0,1,0,0,0,3.238901256602631,1,0
26,18,0,2,0,0,1,2,0,0,0,1,0,0,0,3.350209029099897,1,0
18,10,0,1,0,0,1,2,0,0,0,1,0,0,0,3.1219280948873624,1,0
24,10,6,1,0,0,1,3,0,0,0,1,0,1,0,3.1219280948873624,1,0
26,10,8,1,0,0,1,3,0,0,0,1,0,1,0,3.1219280948873624,1,0
23,10,5,1,0,0,1,3,0,0,0,1,0,0,0,3.1219280948873624,1,0
34,10,8,1,0,4,2,3,1,0,0,1,0,0,0,3.1219280948873624,1,0
23,15,0,2,0,0,1,2,0,0,0,1,0,0,0,3.456564762130954,1,0
18,10,0,1,0,0,1,2,0,0,0,1,0,0,0,3.1219280948873624,1,0
24,10,6,1,0,0,1,3,0,0,0,1,0,1,0,3.1219280948873624,1,0
26,10,8,1,0,0,1,3,0,0,0,1,0,1,0,3.1219280948873624,1,0
23,10,5,1,0,0,1,3,0,0,0,1,0,0,0,3.1219280948873624,1,0
34,10,8,1,0,4,2,3,1,0,0,1,0,0,0,3.1219280948873624,1,0
23,15,0,2,0,0,1,2,0,0,0,1,0,0,0,3.323231428797621,1,0
18,10,0,1,0,0,1,2,0,0,0,1,0,0,0,3.1219280948873624,1,0
24,10,6,1,0,0,1,3,0,0,0,1,0,1,0,3.1219280948873624,1,0
26,10,8,1,0,0,1,3,0,0,0,1,0,1,0,3.1219280948873624,1,0
23,10,5,1,0,0,1,3,0,0,0,1,0,0,0,3.1219280948873624,1,0
34,10,8,1,0,4,2,3,1,0,0,1,0,0,0,3.1219280948873624,1,0
23,15,0,2,0,0,1,2,0,0,0,1,0,0,0,3.3735572622751855,1,0
20,12,0,1,0,0,1,2,0,0,0,1,0,0,0,3.0220552088742005,1,0
26,12,6,1,0,0,1,3,0,0,0,1,0,1,0,3.0220552088742005,1,0
28,12,8,1,0,0,1,3,0,0,0,1,0,1,0,3.0220552088742005,1,0
25,12,5,1,0,0,1,3,0,0,0,1,0,0,0,3.0220552088742005,1,0
36,12,8,1,0,4,2,3,1,0,0,1,0,0,0,3.0220552088742005,1,0
25,17,0,2,0,0,1,2,0,0,0,1,0,0,0,3.2639334294856335,1,0
18,10,0,1,0,0,1,2,0,0,0,1,0,0,0,2.9219280948873623,1,0
24,10,6,1,0,0,1,3,0,0,0,1,0,1,0,2.9219280948873623,1,0
26,10,8,1,0,0,1,3,0,0,0,1,0,1,0,2.9219280948873623,1,0
23,10,5,1,0,0,1,3,0,0,0,1,0,0,0,2.9219280948873623,1,0
34,10,8,1,0,4,2,3,1,0,0,1,0,0,0,2.9219280948873623,1,0
23,15,0,2,0,0,1,2,0,0,0,1,0,0,0,3.506890595608519,1,0
19,11,0,1,0,0,1,2,0,0,0,1,0,0,0,2.7321588913645702,1,0
25,11,6,1,0,0,1,3,0,0,0,1,0,1,0,2.7321588913645702,1,0
27,11,8,1,0,0,1,3,0,0,0,1,0,1,0,2.7321588913645702,1,0
24,11,5,1,0,0,1,3,0,0,0,1,0,0,0,2.7321588913645702,1,0
35,11,8,1,0,4,2,3,1,0,0,1,0,0,0,2.7321588913645702,1,0
24,16,0,2,0,0,1,2,0,0,0,1,0,0,0,3.125,1,0
23,15,0,1,0,0,1,2,0,0,0,1,0,0,0,3.323231428797621,1,0
29,15,6,1,0,0,1,3,0,0,0,1,0,1,0,3.323231428797621,1,0
31,15,8,1,0,0,1,3,0,0,0,1,0,1,0,3.323231428797621,1,0
28,15,5,1,0,0,1,3,0,0,0,1,0,0,0,3.323231428797621,1,0
38,15,8,1,0,3,2,3,1,0,0,1,0,0,0,3.323231428797621,1,0
28,20,0,2,0,0,1,2,0,0,0,1,0,0,0,3.408694969562842,1,0
19,11,0,1,0,0,1,2,0,0,0,1,0,0,0,3.0271691184406184,1,0
25,11,6,1,0,0,1,3,0,0,0,1,0,1,0,3.0271691184406184,1,0
27,11,8,1,0,0,1,3,0,0,0,1,0,1,0,3.0271691184406184,1,0
24,11,5,1,0,0,1,3,0,0,0,1,0,0,0,3.0271691184406184,1,0
35,11,8,1,0,4,2,3,1,0,0,1,0,0,0,3.0271691184406184,1,0
24,16,0,2,0,0,1,2,0,0,0,1,0,0,0,3.452819531114783,1,0
16,8,0,1,0,1,1,2,0,0,0,1,0,0,0,3.0,1,0
22,8,6,1,0,1,1,3,0,0,0,1,0,1,0,3.0,1,0
24,8,8,1,0,1,1,3,0,0,0,1,0,1,0,3.0,1,0
21,8,5,1,0,1,1,3,0,0,0,1,0,0,0,3.0,1,0
32,8,8,1,0,5,2,3,1,0,0,1,0,0,0,3.0,1,0
21,13,0,2,0,1,1,2,0,0,0,1,0,0,0,3.3927474104487847,1,0
20,12,0,1,0,0,1,2,0,0,0,1,0,0,0,3.084962500721156,1,0
26,12,6,1,0,0,1,3,0,0,0,1,0,1,0,3.084962500721156,1,0
28,12,8,1,0,0,1,3,0,0,0,1,0,1,0,3.084962500721156,1,0
25,12,5,1,0,0,1,3,0,0,0,1,0,0,0,3.084962500721156,1,0
36,12,8,1,0,4,2,3,1,0,0,1,0,0,0,3.084962500721156,1,0
25,17,0,2,0,0,1,2,0,0,0,1,0,0,0,3.3371753411230767,1,0
34,26,0,1,2,0,1,2,0,0,0,1,0,0,0,3.8441065448145384,1,0
40,26,6,1,2,0,1,3,0,0,0,1,0,1,0,3.8441065448145384,1,0
42,26,8,1,2,0,1,3,0,0,0,1,0,1,0,3.8441065448145384,1,0
39,26,5,1,2,0,1,3,0,0,0,1,0,0,0,3.8441065448145384,1,0
50,26,8,1,2,4,2,3,1,0,0,1,0,0,0,3.8441065448145384,1,0
39,31,0,2,2,0,1,2,0,0,0,1,0,0,0,3.84888461662912,1,0
20,12,0,1,0,0,1,2,0,0,0,1,0,0,0,3.2516291673878226,1,0
26,12,6,1,0,0,1,3,0,0,0,1,0,1,0,3.2516291673878226,1,0
28,12,8,1,0,0,1,3,0,0,0,1,0,1,0,3.2516291673878226,1,0
25,12,5,1,0,0,1,3,0,0,0,1,0,0,0,3.2516291673878226,1,0
36,12,8,1,0,4,2,3,1,0,0,1,0,0,0,3.2516291673878226,1,0
25,17,0,2,0,0,1,2,0,0,0,1,0,0,0,3.4548223999466057,1,0
14,6,0,1,0,1,1,2,0,0,0,1,0,0,0,2.584962500721156,1,0
20,6,6,1,0,1,1,3,0,0,0,1,0,1,0,2.584962500721156,1,0
22,6,8,1,0,1,1,3,0,0,0,1,0,1,0,2.584962500721156,1,0
19,6,5,1,0,1,1,3,0,0,0,1,0,0,0,2.584962500721156,1,0
30,6,8,1,0,5,2,3,1,0,0,1,0,0,0,2.584962500721156,1,0
19,11,0,2,0,1,1,2,0,0,0,1,0,0,0,3.095795255000934,1,0
16,8,0,1,0,0,1,2,0,0,0,1,0,0,0,2.5,1,0
22,8,6,1,0,0,1,3,0,0,0,1,0,1,0,2.5,1,0
24,8,8,1,0,0,1,3,0,0,0,1,0,1,0,2.5,1,0
21,8,5,1,0,0,1,3,0,0,0,1,0,0,0,2.5,1,0
32,8,8,1,0,4,2,3,1,0,0,1,0,0,0,2.5,1,0
21,13,0,2,0,0,1,2,0,0,0,1,0,0,0,3.0850551027564768,1,0
18,10,0,1,0,0,1,2,0,0,0,1,0,0,0,2.721928094887362,1,0
24,10,6,1,0,0,1,3,0,0,0,1,0,1,0,2.721928094887362,1,0
26,10,8,1,0,0,1,3,0,0,0,1,0,1,0,2.721928094887362,1,0
23,10,5,1,0,0,1,3,0,0,0,1,0,0,0,2.721928094887362,1,0
34,10,8,1,0,4,2,3,1,0,0,1,0,0,0,2.721928094887362,1,0
23,15,0,2,0,0,1,2,0,0,0,1,0,0,0,2.872905595320056,1,0
23,15,0,1,0,0,1,2,0,0,0,1,0,0,0,2.9735572622751856,1,0
29,15,6,1,0,0,1,3,0,0,0,1,0,1,0,2.9735572622751856,1,0
31,15,8,1,0,0,1,3,0,0,0,1,0,1,0,2.9735572622751856,1,0
28,15,5,1,0,0,1,3,0,0,0,1,0,0,0,2.9735572622751856,1,0
39,15,8,1,0,4,2,3,1,0,0,1,0,0,0,2.9735572622751856,1,0
28,20,0,2,0,0,1,2,0,0,0,1,0,0,0,3.3219280948873626,1,0
18,10,0,1,0,0,1,2,0,0,0,1,0,0,0,2.9219280948873623,1,0
24,10,6,1,0,0,1,3,0,0,0,1,0,1,0,2.9219280948873623,1,0
26,10,8,1,0,0,1,3,0,0,0,1,0,1,0,2.9219280948873623,1,0
23,10,5,1,0,0,1,3,0,0,0,1,0,0,0,2.9219280948873623,1,0
34,10,8,1,0,4,2,3,1,0,0,1,0,0,0,2.9219280948873623,1,0
23,15,0,2,0,0,1,2,0,0,0,1,0,0,0,3.240223928941852,1,0
17,9,0,1,1,0,1,2,0,0,0,1,0,0,0,2.94770277922009,1,0
23,9,6,1,1,0,1,3,0,0,0,1,0,1,0,2.94770277922009,1,0
25,9,8,1,1,0,1,3,0,0,0,1,0,1,0,2.94770277922009,1,0
22,9,5,1,1,0,1,3,0,0,0,1,0,0,0,2.94770277922009,1,0
33,9,8,1,1,4,2,3,1,0,0,1,0,0,0,2.94770277922009,1,0
22,14,0,2,1,0,1,2,0,0,0,1,0,0,0,3.521640636343318,1,0
19,11,0,1,0,0,1,2,0,0,0,1,0,0,0,3.2776134368191157,1,0
25,11,6,1,0,0,1,3,0,0,0,1,0,1,0,3.2776134368191157,1,0
27,11,8,1,0,0,1,3,0,0,0,1,0,1,0,3.2776134368191157,1,0
24,11,5,1,0,0,1,3,0,0,0,1,0,0,0,3.2776134368191157,1,0
35,11,8,1,0,4,2,3,1,0,0,1,0,0,0,3.2776134368191157,1,0
24,16,0,2,0,0,1,2,0,0,0,1,0,0,0,3.5,1,0
15,7,0,1,0,0,1,2,0,0,0,1,0,0,0,1.9502120649147467,1,0
21,7,6,1,0,0,1,3,0,0,0,1,0,1,0,1.9502120649147467,1,0
23,7,8,1,0,0,1,3,0,0,0,1,0,1,0,1.9502120649147467,1,0
20,7,5,1,0,0,1,3,0,0,0,1,0,0,0,1.9502120649147467,1,0
31,7,8,1,0,4,2,3,1,0,0,1,0,0,0,1.9502120649147467,1,0
20,12,0,2,0,0,1,2,0,0,0,1,0,0,0,2.918295834054489,1,0
19,11,0,1,0,0,1,2,0,0,0,1,0,0,0,3.2776134368191157,1,0
25,11,6,1,0,0,1,3,0,0,0,1,0,1,0,3.2776134368191157,1,0
27,11,8,1,0,0,1,3,0,0,0,1,0,1,0,3.2776134368191157,1,0
24,11,5,1,0,0,1,3,0,0,0,1,0,0,0,3.2776134368191157,1,0
35,11,8,1,0,4,2,3,1,0,0,1,0,0,0,3.2776134368191157,1,0
24,16,0,2,0,0,1,2,0,0,0,1,0,0,0,3.5,1,0
20,12,0,1,0,0,1,2,0,0,0,1,0,0,0,3.2516291673878226,1,0
26,12,6,1,0,0,1,3,0,0,0,1,0,1,0,3.2516291673878226,1,0
28,12,8,1,0,0,1,3,0,0,0,1,0,1,0,3.2516291673878226,1,0
25,12,5,1,0,0,1,3,0,0,0,1,0,0,0,3.2516291673878226,1,0
36,12,8,1,0,4,2,3,1,0,0,1,0,0,0,3.2516291673878226,1,0
25,17,0,2,0,0,1,2,0,0,0,1,0,0,0,3.2639334294856335,1,0
15,7,0,1,0,0,1,2,0,0,0,1,0,0,0,2.8073549220576037,1,0
21,7,6,1,0,0,1,3,0,0,0,1,0,1,0,2.8073549220576037,1,0
23,7,8,1,0,0,1,3,0,0,0,1,0,1,0,2.8073549220576037,1,0
20,7,5,1,0,0,1,3,0,0,0,1,0,0,0,2.8073549220576037,1,0
31,7,8,1,0,4,2,3,1,0,0,1,0,0,0,2.8073549220576037,1,0
20,12,0,2,0,0,1,2,0,0,0,1,0,0,0,3.2516291673878226,1,0
21,13,0,1,1,0,1,2,0,0,0,1,0,0,0,3.334679141051595,1,0
27,13,6,1,1,0,1,3,0,0,0,1,0,1,0,3.334679141051595,1,0
29,13,8,1,1,0,1,3,0,0,0,1,0,1,0,3.334679141051595,1,0
26,13,5,1,1,0,1,3,0,0,0,1,0,0,0,3.334679141051595,1,0
37,13,8,1,1,4,2,3,1,0,0,1,0,0,0,3.334679141051595,1,0
26,18,0,2,1,0,1,2,0,0,0,1,0,0,0,3.5724312513221195,1,0
17,9,0,1,0,0,1,2,0,0,0,1,0,0,0,3.169925001442312,1,0
23,9,6,1,0,0,1,3,0,0,0,1,0,1,0,3.169925001442312,1,0
25,9,8,1,0,0,1,3,0,0,0,1,0,1,0,3.169925001442312,1,0
22,9,5,1,0,0,1,3,0,0,0,1,0,0,0,3.169925001442312,1,0
33,9,8,1,0,4,2,3,1,0,0,1,0,0,0,3.169925001442312,1,0
22,14,0,2,0,0,1,2,0,0,0,1,0,0,0,3.3787834934861753,1,0
22,14,0,1,1,0,1,2,0,0,0,1,0,0,0,3.4677201004744993,1,0
28,14,6,1,1,0,1,3,0,0,0,1,0,1,0,3.4677201004744993,1,0
30,14,8,1,1,0,1,3,0,0,0,1,0,1,0,3.4677201004744993,1,0
27,14,5,1,1,0,1,3,0,0,0,1,0,0,0,3.4677201004744993,1,0
38,14,8,1,1,4,2,3,1,0,0,1,0,0,0,3.4677201004744993,1,0
27,19,0,2,1,0,1,2,0,0,0,1,0,0,0,3.6818808028034025,1,0
18,10,0,1,0,0,1,2,0,0,0,1,0,0,0,3.1219280948873624,1,0
24,10,6,1,0,0,1,3,0,0,0,1,0,1,0,3.1219280948873624,1,0
26,10,8,1,0,0,1,3,0,0,0,1,0,1,0,3.1219280948873624,1,0
23,10,5,1,0,0,1,3,0,0,0,1,0,0,0,3.1219280948873624,1,0
34,10,8,1,0,4,2,3,1,0,0,1,0,0,0,3.1219280948873624,1,0
23,15,0,2,0,0,1,2,0,0,0,1,0,0,0,3.323231428797621,1,0
21,13,0,1,0,0,1,2,0,0,0,1,0,0,0,3.3927474104487847,1,0
27,13,6,1,0,0,1,3,0,0,0,1,0,1,0,3.3927474104487847,1,0
29,13,8,1,0,0,1,3,0,0,0,1,0,1,0,3.3927474104487847,1,0
26,13,5,1,0,0,1,3,0,0,0,1,0,0,0,3.3927474104487847,1,0
37,13,8,1,0,4,2,3,1,0,0,1,0,0,0,3.3927474104487847,1,0
26,18,0,2,0,0,1,2,0,0,0,1,0,0,0,3.614369445886757,1,0
19,11,0,2,0,0,1,2,0,0,0,1,0,0,0,3.095795255000934,0,0
25,11,6,2,0,0,1,3,0,0,0,1,0,1,0,3.095795255000934,0,0
27,11,8,2,0,0,1,3,0,0,0,1,0,1,0,3.095795255000934,0,0
24,11,5,2,0,0,1,3,0,0,0,1,0,0,0,3.095795255000934,0,0
34,11,8,2,0,3,2,3,1,0,0,1,0,0,0,3.095795255000934,0,0
24,16,0,3,0,0,1,2,0,0,0,1,0,0,0,3.2806390622295662,0,0
27,19,0,1,0,0,1,2,0,0,0,1,0,0,0,3.0503018554349817,1,0
33,19,6,1,0,0,1,3,0,0,0,1,0,1,0,3.0503018554349817,1,0
35,19,8,1,0,0,1,3,0,0,0,1,0,1,0,3.0503018554349817,1,0
32,19,5,1,0,0,1,3,0,0,0,1,0,0,0,3.0503018554349817,1,0
43,19,8,1,0,4,2,3,1,0,0,1,0,0,0,3.0503018554349817,1,0
32,24,0,2,0,0,1,2,0,0,0,1,0,0,0,3.438721875540867,1,0
17,9,0,1,0,2,1,2,0,0,0,1,0,0,0,2.94770277922009,1,0
23,9,6,1,0,2,1,3,0,0,0,1,0,1,0,2.94770277922009,1,0
25,9,8,1,0,2,1,3,0,0,0,1,0,1,0,2.94770277922009,1,0
22,9,5,1,0,2,1,3,0,0,0,1,0,0,0,2.94770277922009,1,0
33,9,8,1,0,6,2,3,1,0,0,1,0,0,0,2.94770277922009,1,0
22,14,0,2,0,2,1,2,0,0,0,1,0,0,0,3.521640636343318,1,0
17,9,0,1,0,0,1,2,0,0,0,1,0,0,0,2.94770277922009,1,0
23,9,6,1,0,0,1,3,0,0,0,1,0,1,0,2.94770277922009,1,0
25,9,8,1,0,0,1,3,0,0,0,1,0,1,0,2.94770277922009,1,0
22,9,5,1,0,0,1,3,0,0,0,1,0,0,0,2.94770277922009,1,0
33,9,8,1,0,4,2,3,1,0,0,1,0,0,0,2.94770277922009,1,0
22,14,0,2,0,0,1,2,0,0,0,1,0,0,0,3.3787834934861753,1,0
19,11,0,1,0,0,1,2,0,0,0,1,0,0,0,3.2776134368191157,1,0
25,11,6,1,0,0,1,3,0,0,0,1,0,1,0,3.2776134368191157,1,0
27,11,8,1,0,0,1,3,0,0,0,1,0,1,0,3.2776134368191157,1,0
24,11,5,1,0,0,1,3,0,0,0,1,0,0,0,3.2776134368191157,1,0
35,11,8,1,0,4,2,3,1,0,0,1,0,0,0,3.2776134368191157,1,0
24,16,0,2,0,0,1,2,0,0,0,1,0,0,0,3.452819531114783,1,0
22,14,0,1,1,0,1,2,0,0,0,1,0,0,0,3.3248629576173565,1,0
28,14,6,1,1,0,1,3,0,0,0,1,0,1,0,3.3248629576173565,1,0
30,14,8,1,1,0,1,3,0,0,0,1,0,1,0,3.3248629576173565,1,0
27,14,5,1,1,0,1,3,0,0,0,1,0,0,0,3.3248629576173565,1,0
38,14,8,1,1,4,2,3,1,0,0,1,0,0,0,3.3248629576173565,1,0
27,19,0,2,1,0,1,2,0,0,0,1,0,0,0,3.6818808028034025,1,0
29,21,0,1,1,0,1,2,0,0,0,1,0,0,0,3.386630971409058,1,0
35,21,6,1,1,0,1,3,0,0,0,1,0,1,0,3.386630971409058,1,0
37,21,8,1,1,0,1,3,0,0,0,1,0,1,0,3.386630971409058,1,0
34,21,5,1,1,0,1,3,0,0,0,1,0,0,0,3.386630971409058,1,0
44,21,8,1,1,3,2,3,1,0,0,1,0,0,0,3.386630971409058,1,0
34,26,0,2,1,0,1,2,0,0,0,1,0,0,0,3.580462199727102,1,0
19,11,0,1,0,0,1,2,0,0,0,1,0,0,0,2.913977073182752,1,0
25,11,6,1,0,0,1,3,0,0,0,1,0,1,0,2.913977073182752,1,0
27,11,8,1,0,0,1,3,0,0,0,1,0,1,0,2.913977073182752,1,0
24,11,5,1,0,0,1,3,0,0,0,1,0,0,0,2.913977073182752,1,0
35,11,8,1,0,4,2,3,1,0,0,1,0,0,0,2.913977073182752,1,0
24,16,0,2,0,0,1,2,0,0,0,1,0,0,0,3.25,1,0
14,6,0,1,0,0,1,2,0,0,0,1,0,0,0,2.2516291673878226,1,0
20,6,6,1,0,0,1,3,0,0,0,1,0,1,0,2.2516291673878226,1,0
22,6,8,1,0,0,1,3,0,0,0,1,0,1,0,2.2516291673878226,1,0
19,6,5,1,0,0,1,3,0,0,0,1,0,0,0,2.2516291673878226,1,0
30,6,8,1,0,4,2,3,1,0,0,1,0,0,0,2.2516291673878226,1,0
19,11,0,2,0,0,1,2,0,0,0,1,0,0,0,3.095795255000934,1,0
23,15,0,1,0,1,1,2,0,0,0,1,0,0,0,3.3735572622751855,1,0
29,15,6,1,0,1,1,3,0,0,0,1,0,1,0,3.3735572622751855,1,0
31,15,8,1,0,1,1,3,0,0,0,1,0,1,0,3.3735572622751855,1,0
28,15,5,1,0,1,1,3,0,0,0,1,0,0,0,3.3735572622751855,1,0
39,15,8,1,0,5,2,3,1,0,0,1,0,0,0,3.3735572622751855,1,0
28,20,0,2,0,1,1,2,0,0,0,1,0,0,0,3.8219280948873626,1,0
22,14,0,1,0,0,1,2,0,0,0,1,0,0,0,3.3787834934861753,1,0
28,14,6,1,0,0,1,3,0,0,0,1,0,1,0,3.3787834934861753,1,0
30,14,8,1,0,0,1,3,0,0,0,1,0,1,0,3.3787834934861753,1,0
27,14,5,1,0,0,1,3,0,0,0,1,0,0,0,3.3787834934861753,1,0
38,14,8,1,0,4,2,3,1,0,0,1,0,0,0,3.3787834934861753,1,0
27,19,0,2,0,0,1,2,0,0,0,1,0,0,0,3.826874881864638,1,0
20,12,0,1,0,0,1,2,0,0,0,1,0,0,0,3.4182958340544896,1,0
26,12,6,1,0,0,1,3,0,0,0,1,0,1,0,3.4182958340544896,1,0
28,12,8,1,0,0,1,3,0,0,0,1,0,1,0,3.4182958340544896,1,0
25,12,5,1,0,0,1,3,0,0,0,1,0,0,0,3.4182958340544896,1,0
36,12,8,1,0,4,2,3,1,0,0,1,0,0,0,3.4182958340544896,1,0
25,17,0,2,0,0,1,2,0,0,0,1,0,0,0,3.381580488309163,1,0
19,11,0,1,0,0,1,2,0,0,0,1,0,0,0,3.2776134368191157,1,0
25,11,6,1,0,0,1,3,0,0,0,1,0,1,0,3.2776134368191157,1,0
27,11,8,1,0,0,1,3,0,0,0,1,0,1,0,3.2776134368191157,1,0
24,11,5,1,0,0,1,3,0,0,0,1,0,0,0,3.2776134368191157,1,0
35,11,8,1,0,4,2,3,1,0,0,1,0,0,0,3.2776134368191157,1,0
24,16,0,2,0,0,1,2,0,0,0,1,0,0,0,3.5,1,0
15,7,0,1,0,0,1,2,0,0,0,1,0,0,0,2.8073549220576037,1,0
21,7,6,1,0,0,1,3,0,0,0,1,0,1,0,2.8073549220576037,1,0
23,7,8,1,0,0,1,3,0,0,0,1,0,1,0,2.8073549220576037,1,0
20,7,5,1,0,0,1,3,0,0,0,1,0,0,0,2.8073549220576037,1,0
31,7,8,1,0,4,2,3,1,0,0,1,0,0,0,2.8073549220576037,1,0
20,12,0,2,0,0,1,2,0,0,0,1,0,0,0,3.2516291673878226,1,0
24,16,0,1,1,0,1,2,0,0,0,1,0,0,0,3.5,1,0
30,16,6,1,1,0,1,3,0,0,0,1,0,1,0,3.5,1,0
32,16,8,1,1,0,1,3,0,0,0,1,0,1,0,3.5,1,0
29,16,5,1,1,0,1,3,0,0,0,1,0,0,0,3.5,1,0
40,16,8,1,1,4,2,3,1,0,0,1,0,0,0,3.5,1,0
29,21,0,2,1,0,1,2,0,0,0,1,0,0,0,3.7256507561120933,1,0
21,13,0,1,1,0,1,2,0,0,0,1,0,0,0,3.3927474104487847,1,0
27,13,6,1,1,0,1,3,0,0,0,1,0,1,0,3.3927474104487847,1,0
29,13,8,1,1,0,1,3,0,0,0,1,0,1,0,3.3927474104487847,1,0
26,13,5,1,1,0,1,3,0,0,0,1,0,0,0,3.3927474104487847,1,0
37,13,8,1,1,4,2,3,1,0,0,1,0,0,0,3.3927474104487847,1,0
26,18,0,2,1,0,1,2,0,0,0,1,0,0,0,3.5032583347756456,1,0
22,14,0,1,0,0,1,2,0,0,0,1,0,0,0,3.0391486719030705,1,0
28,14,6,1,0,0,1,3,0,0,0,1,0,1,0,3.0391486719030705,1,0
30,14,8,1,0,0,1,3,0,0,0,1,0,1,0,3.0391486719030705,1,0
27,14,5,1,0,0,1,3,0,0,0,1,0,0,0,3.0391486719030705,1,0
38,14,8,1,0,4,2,3,1,0,0,1,0,0,0,3.0391486719030705,1,0
27,19,0,2,0,0,1,2,0,0,0,1,0,0,0,3.155565013329719,1,0
19,11,0,1,0,0,1,2,0,0,0,1,0,0,0,3.2776134368191157,1,0
25,11,6,1,0,0,1,3,0,0,0,1,0,1,0,3.2776134368191157,1,0
27,11,8,1,0,0,1,3,0,0,0,1,0,1,0,3.2776134368191157,1,0
24,11,5,1,0,0,1,3,0,0,0,1,0,0,0,3.2776134368191157,1,0
35,11,8,1,0,4,2,3,1,0,0,1,0,0,0,3.2776134368191157,1,0
24,16,0,2,0,0,1,2,0,0,0,1,0,0,0,3.625,1,0
17,9,0,1,0,0,1,2,0,0,0,1,0,0,0,2.4193819456463714,1,0
23,9,6,1,0,0,1,3,0,0,0,1,0,1,0,2.4193819456463714,1,0
25,9,8,1,0,0,1,3,0,0,0,1,0,1,0,2.4193819456463714,1,0
22,9,5,1,0,0,1,3,0,0,0,1,0,0,0,2.4193819456463714,1,0
32,9,8,1,0,3,2,3,1,0,0,1,0,0,0,2.4193819456463714,1,0
22,14,0,2,0,0,1,2,0,0,0,1,0,0,0,3.0391486719030705,1,0
18,10,0,1,0,0,1,2,0,0,0,1,0,0,0,3.1219280948873624,1,0
24,10,6,1,0,0,1,3,0,0,0,1,0,1,0,3.1219280948873624,1,0
26,10,8,1,0,0,1,3,0,0,0,1,0,1,0,3.1219280948873624,1,0
23,10,5,1,0,0,1,3,0,0,0,1,0,0,0,3.1219280948873624,1,0
34,10,8,1,0,4,2,3,1,0,0,1,0,0,0,3.1219280948873624,1,0
23,15,0,2,0,0,1,2,0,0,0,1,0,0,0,3.240223928941852,1,0
19,11,0,1,0,0,1,2,0,0,0,1,0,0,0,2.8453509366224368,1,0
25,11,6,1,0,0,1,3,0,0,0,1,0,1,0,2.8453509366224368,1,0
27,11,8,1,0,0,1,3,0,0,0,1,0,1,0,2.8453509366224368,1,0
24,11,5,1,0,0,1,3,0,0,0,1,0,0,0,2.8453509366224368,1,0
35,11,8,1,0,4,2,3,1,0,0,1,0,0,0,2.8453509366224368,1,0
24,16,0,2,0,0,1,2,0,0,0,1,0,0,0,3.202819531114783,1,0
19,11,0,1,0,0,1,2,0,0,0,1,0,0,0,3.4594316186372973,1,0
25,11,6,1,0,0,1,3,0,0,0,1,0,1,0,3.4594316186372973,1,0
27,11,8,1,0,0,1,3,0,0,0,1,0,1,0,3.4594316186372973,1,0
24,11,5,1,0,0,1,3,0,0,0,1,0,0,0,3.4594316186372973,1,0
35,11,8,1,0,4,2,3,1,0,0,1,0,0,0,3.4594316186372973,1,0
24,16,0,2,0,0,1,2,0,0,0,1,0,0,0,3.5,1,0
24,16,0,1,0,0,1,2,0,0,0,1,0,0,0,3.1556390622295662,1,0
30,16,6,1,0,0,1,3,0,0,0,1,0,1,0,3.1556390622295662,1,0
32,16,8,1,0,0,1,3,0,0,0,1,0,1,0,3.1556390622295662,1,0
29,16,5,1,0,0,1,3,0,0,0,1,0,0,0,3.1556390622295662,1,0
40,16,8,1,0,4,2,3,1,0,0,1,0,0,0,3.1556390622295662,1,0
29,21,0,2,0,0,1,2,0,0,0,1,0,0,0,3.08232813685843,1,0
16,8,0,1,0,0,1,2,0,0,0,1,0,0,0,2.75,1,0
22,8,6,1,0,0,1,3,0,0,0,1,0,1,0,2.75,1,0
24,8,8,1,0,0,1,3,0,0,0,1,0,1,0,2.75,1,0
21,8,5,1,0,0,1,3,0,0,0,1,0,0,0,2.75,1,0
32,8,8,1,0,4,2,3,1,0,0,1,0,0,0,2.75,1,0
21,13,0,2,0,0,1,2,0,0,0,1,0,0,0,3.0850551027564768,1,0
22,14,0,1,0,0,1,2,0,0,0,1,0,0,0,3.0391486719030705,1,0
28,14,6,1,0,0,1,3,0,0,0,1,0,1,0,3.0391486719030705,1,0
30,14,8,1,0,0,1,3,0,0,0,1,0,1,0,3.0391486719030705,1,0
27,14,5,1,0,0,1,3,0,0,0,1,0,0,0,3.0391486719030705,1,0
38,14,8,1,0,4,2,3,1,0,0,1,0,0,0,3.0391486719030705,1,0
27,19,0,2,0,0,1,2,0,0,0,1,0,0,0,3.3660913291191923,1,0
19,11,0,1,0,0,1,2,0,0,0,1,0,0,0,3.095795255000934,1,0
25,11,6,1,0,0,1,3,0,0,0,1,0,1,0,3.095795255000934,1,0
27,11,8,1,0,0,1,3,0,0,0,1,0,1,0,3.095795255000934,1,0
24,11,5,1,0,0,1,3,0,0,0,1,0,0,0,3.095795255000934,1,0
35,11,8,1,0,4,2,3,1,0,0,1,0,0,0,3.095795255000934,1,0
24,16,0,2,0,0,1,2,0,0,0,1,0,0,0,3.202819531114783,1,0
19,11,0,1,0,0,1,2,0,0,0,1,0,0,0,3.2776134368191157,1,0
25,11,6,1,0,0,1,3,0,0,0,1,0,1,0,3.2776134368191157,1,0
27,11,8,1,0,0,1,3,0,0,0,1,0,1,0,3.2776134368191157,1,0
24,11,5,1,0,0,1,3,0,0,0,1,0,0,0,3.2776134368191157,1,0
35,11,8,1,0,4,2,3,1,0,0,1,0,0,0,3.2776134368191157,1,0
24,16,0,2,0,0,1,2,0,0,0,1,0,0,0,3.5,1,0
17,9,0,1,0,0,1,2,0,0,0,1,0,0,0,2.94770277922009,1,0
23,9,6,1,0,0,1,3,0,0,0,1,0,1,0,2.94770277922009,1,0
25,9,8,1,0,0,1,3,0,0,0,1,0,1,0,2.94770277922009,1,0
22,9,5,1,0,0,1,3,0,0,0,1,0,0,0,2.94770277922009,1,0
32,9,8,1,0,3,2,3,1,0,0,1,0,0,0,2.94770277922009,1,0
22,14,0,2,0,0,1,2,0,0,0,1,0,0,0,3.3787834934861753,1,0
26,18,0,1,0,0,1,2,0,0,0,1,0,0,0,3.530493056757482,1,0
32,18,6,1,0,0,1,3,0,0,0,1,0,1,0,3.530493056757482,1,0
34,18,8,1,0,0,1,3,0,0,0,1,0,1,0,3.530493056757482,1,0
31,18,5,1,0,0,1,3,0,0,0,1,0,0,0,3.530493056757482,1,0
42,18,8,1,0,4,2,3,1,0,0,1,0,0,0,3.530493056757482,1,0
31,23,0,2,0,0,1,2,0,0,0,1,0,0,0,3.762267390651494,1,0
18,10,0,1,0,0,1,2,0,0,0,1,0,0,0,3.3219280948873626,1,0
24,10,6,1,0,0,1,3,0,0,0,1,0,1,0,3.3219280948873626,1,0
26,10,8,1,0,0,1,3,0,0,0,1,0,1,0,3.3219280948873626,1,0
23,10,5,1,0,0,1,3,0,0,0,1,0,0,0,3.3219280948873626,1,0
34,10,8,1,0,4,2,3,1,0,0,1,0,0,0,3.3219280948873626,1,0
23,15,0,2,0,0,1,2,0,0,0,1,0,0,0,3.506890595608519,1,0
15,7,0,1,0,0,1,2,0,0,0,1,0,0,0,2.2359263506290326,1,0
21,7,6,1,0,0,1,3,0,0,0,1,0,1,0,2.2359263506290326,1,0
23,7,8,1,0,0,1,3,0,0,0,1,0,1,0,2.2359263506290326,1,0
20,7,5,1,0,0,1,3,0,0,0,1,0,0,0,2.2359263506290326,1,0
31,7,8,1,0,4,2,3,1,0,0,1,0,0,0,2.2359263506290326,1,0
20,12,0,2,0,0,1,2,0,0,0,1,0,0,0,2.918295834054489,1,0
18,10,0,1,0,0,1,2,0,0,0,1,0,0,0,2.8464393446710154,1,0
24,10,6,1,0,0,1,3,0,0,0,1,0,1,0,2.8464393446710154,1,0
26,10,8,1,0,0,1,3,0,0,0,1,0,1,0,2.8464393446710154,1,0
23,10,5,1,0,0,1,3,0,0,0,1,0,0,0,2.8464393446710154,1,0
34,10,8,1,0,4,2,3,1,0,0,1,0,0,0,2.8464393446710154,1,0
23,15,0,2,0,0,1,2,0,0,0,1,0,0,0,3.106890595608519,1,0
25,17,0,1,0,0,1,2,0,0,0,1,0,0,0,3.381580488309163,1,0
31,17,6,1,0,0,1,3,0,0,0,1,0,1,0,3.381580488309163,1,0
33,17,8,1,0,0,1,3,0,0,0,1,0,1,0,3.381580488309163,1,0
30,17,5,1,0,0,1,3,0,0,0,1,0,0,0,3.381580488309163,1,0
41,17,8,1,0,4,2,3,1,0,0,1,0,0,0,3.381580488309163,1,0
30,22,0,2,0,0,1,2,0,0,0,1,0,0,0,3.641249800455479,1,0
14,6,0,1,0,1,1,2,0,0,0,1,0,0,0,2.584962500721156,1,0
20,6,6,1,0,1,1,3,0,0,0,1,0,1,0,2.584962500721156,1,0
22,6,8,1,0,1,1,3,0,0,0,1,0,1,0,2.584962500721156,1,0
19,6,5,1,0,1,1,3,0,0,0,1,0,0,0,2.584962500721156,1,0
30,6,8,1,0,5,2,3,1,0,0,1,0,0,0,2.584962500721156,1,0
19,11,0,2,0,1,1,2,0,0,0,1,0,0,0,3.2776134368191157,1,0
23,15,0,1,1,0,1,2,0,0,0,1,0,0,0,3.456564762130954,1,0
29,15,6,1,1,0,1,3,0,0,0,1,0,1,0,3.456564762130954,1,0
31,15,8,1,1,0,1,3,0,0,0,1,0,1,0,3.456564762130954,1,0
28,15,5,1,1,0,1,3,0,0,0,1,0,0,0,3.456564762130954,1,0
39,15,8,1,1,4,2,3,1,0,0,1,0,0,0,3.456564762130954,1,0
28,20,0,2,1,0,1,2,0,0,0,1,0,0,0,3.784183719779189,1,0
17,9,0,1,0,0,1,2,0,0,0,1,0,0,0,2.94770277922009,1,0
23,9,6,1,0,0,1,3,0,0,0,1,0,1,0,2.94770277922009,1,0
25,9,8,1,0,0,1,3,0,0,0,1,0,1,0,2.94770277922009,1,0
22,9,5,1,0,0,1,3,0,0,0,1,0,0,0,2.94770277922009,1,0
33,9,8,1,0,4,2,3,1,0,0,1,0,0,0,2.94770277922009,1,0
22,14,0,2,0,0,1,2,0,0,0,1,0,0,0,3.1820058147602133,1,0
14,6,0,1,0,0,1,2,0,0,0,1,0,0,0,2.584962500721156,1,0
20,6,6,1,0,0,1,3,0,0,0,1,0,1,0,2.584962500721156,1,0
22,6,8,1,0,0,1,3,0,0,0,1,0,1,0,2.584962500721156,1,0
19,6,5,1,0,0,1,3,0,0,0,1,0,0,0,2.584962500721156,1,0
30,6,8,1,0,4,2,3,1,0,0,1,0,0,0,2.584962500721156,1,0
19,11,0,2,0,0,1,2,0,0,0,1,0,0,0,3.095795255000934,1,0
18,10,0,1,0,0,1,2,0,0,0,1,0,0,0,2.8464393446710154,1,0
24,10,6,1,0,0,1,3,0,0,0,1,0,1,0,2.8464393446710154,1,0
26,10,8,1,0,0,1,3,0,0,0,1,0,1,0,2.8464393446710154,1,0
23,10,5,1,0,0,1,3,0,0,0,1,0,0,0,2.8464393446710154,1,0
34,10,8,1,0,4,2,3,1,0,0,1,0,0,0,2.8464393446710154,1,0
23,15,0,2,0,0,1,2,0,0,0,1,0,0,0,3.1898980954642875,1,0
17,9,0,1,0,0,1,2,0,0,0,1,0,0,0,3.169925001442312,1,0
23,9,6,1,0,0,1,3,0,0,0,1,0,1,0,3.169925001442312,1,0
25,9,8,1,0,0,1,3,0,0,0,1,0,1,0,3.169925001442312,1,0
22,9,5,1,0,0,1,3,0,0,0,1,0,0,0,3.169925001442312,1,0
33,9,8,1,0,4,2,3,1,0,0,1,0,0,0,3.169925001442312,1,0
22,14,0,2,0,0,1,2,0,0,0,1,0,0,0,3.3787834934861753,1,0
19,11,0,1,0,0,1,2,0,0,0,1,0,0,0,2.8453509366224368,1,0
25,11,6,1,0,0,1,3,0,0,0,1,0,1,0,2.8453509366224368,1,0
27,11,8,1,0,0,1,3,0,0,0,1,0,1,0,2.8453509366224368,1,0
24,11,5,1,0,0,1,3,0,0,0,1,0,0,0,2.8453509366224368,1,0
35,11,8,1,0,4,2,3,1,0,0,1,0,0,0,2.8453509366224368,1,0
24,16,0,2,0,0,1,2,0,0,0,1,0,0,0,3.0306390622295662,1,0
23,15,0,1,0,0,1,2,0,0,0,1,0,0,0,3.773557262275186,1,0
29,15,6,1,0,0,1,3,0,0,0,1,0,1,0,3.773557262275186,1,0
31,15,8,1,0,0,1,3,0,0,0,1,0,1,0,3.773557262275186,1,0
28,15,5,1,0,0,1,3,0,0,0,1,0,0,0,3.773557262275186,1,0
38,15,8,1,0,3,2,3,1,0,0,1,0,0,0,3.773557262275186,1,0
28,20,0,2,0,0,1,2,0,0,0,1,0,0,0,3.784183719779189,1,0
18,10,0,1,0,0,1,2,0,0,0,1,0,0,0,3.3219280948873626,1,0
24,10,6,1,0,0,1,3,0,0,0,1,0,1,0,3.3219280948873626,1,0
26,10,8,1,0,0,1,3,0,0,0,1,0,1,0,3.3219280948873626,1,0
23,10,5,1,0,0,1,3,0,0,0,1,0,0,0,3.3219280948873626,1,0
34,10,8,1,0,4,2,3,1,0,0,1,0,0,0,3.3219280948873626,1,0
23,15,0,2,0,0,1,2,0,0,0,1,0,0,0,3.506890595608519,1,0
16,8,0,1,0,0,1,2,0,0,0,1,0,0,0,3.0,1,0
22,8,6,1,0,0,1,3,0,0,0,1,0,1,0,3.0,1,0
24,8,8,1,0,0,1,3,0,0,0,1,0,1,0,3.0,1,0
21,8,5,1,0,0,1,3,0,0,0,1,0,0,0,3.0,1,0
32,8,8,1,0,4,2,3,1,0,0,1,0,0,0,3.0,1,0
21,13,0,2,0,0,1,2,0,0,0,1,0,0,0,3.3927474104487847,1,0
18,10,0,1,0,1,1,2,0,0,0,1,0,0,0,3.1219280948873624,1,0
24,10,6,1,0,1,1,3,0,0,0,1,0,1,0,3.1219280948873624,1,0
26,10,8,1,0,1,1,3,0,0,0,1,0,1,0,3.1219280948873624,1,0
23,10,5,1,0,1,1,3,0,0,0,1,0,0,0,3.1219280948873624,1,0
34,10,8,1,0,5,2,3,1,0,0,1,0,0,0,3.1219280948873624,1,0
23,15,0,2,0,1,1,2,0,0,0,1,0,0,0,3.506890595608519,1,0
17,9,0,1,0,0,1,2,0,0,0,1,0,0,0,2.94770277922009,1,0
23,9,6,1,0,0,1,3,0,0,0,1,0,1,0,2.94770277922009,1,0
25,9,8,1,0,0,1,3,0,0,0,1,0,1,0,2.94770277922009,1,0
22,9,5,1,0,0,1,3,0,0,0,1,0,0,0,2.94770277922009,1,0
33,9,8,1,0,4,2,3,1,0,0,1,0,0,0,2.94770277922009,1,0
22,14,0,2,0,0,1,2,0,0,0,1,0,0,0,3.3787834934861753,1,0
18,10,0,1,0,0,1,2,0,0,0,1,0,0,0,2.8464393446710154,1,0
24,10,6,1,0,0,1,3,0,0,0,1,0,1,0,2.8464393446710154,1,0
26,10,8,1,0,0,1,3,0,0,0,1,0,1,0,2.8464393446710154,1,0
23,10,5,1,0,0,1,3,0,0,0,1,0,0,0,2.8464393446710154,1,0
34,10,8,1,0,4,2,3,1,0,0,1,0,0,0,2.8464393446710154,1,0
23,15,0,2,0,0,1,2,0,0,0,1,0,0,0,3.323231428797621,1,0
18,10,0,1,0,0,1,2,0,0,0,1,0,0,0,3.1219280948873624,1,0
24,10,6,1,0,0,1,3,0,0,0,1,0,1,0,3.1219280948873624,1,0
26,10,8,1,0,0,1,3,0,0,0,1,0,1,0,3.1219280948873624,1,0
23,10,5,1,0,0,1,3,0,0,0,1,0,0,0,3.1219280948873624,1,0
34,10,8,1,0,4,2,3,1,0,0,1,0,0,0,3.1219280948873624,1,0
23,15,0,2,0,0,1,2,0,0,0,1,0,0,0,3.506890595608519,1,0
27,19,0,1,0,0,1,2,0,0,0,1,0,0,0,3.5766176449086657,1,0
33,19,6,1,0,0,1,3,0,0,0,1,0,1,0,3.5766176449086657,1,0
35,19,8,1,0,0,1,3,0,0,0,1,0,1,0,3.5766176449086657,1,0
32,19,5,1,0,0,1,3,0,0,0,1,0,0,0,3.5766176449086657,1,0
41,19,8,1,0,2,2,3,1,0,0,1,0,0,0,3.5766176449086657,1,0
32,24,0,2,0,0,1,2,0,0,0,1,0,0,0,3.688721875540867,1,0
23,15,0,1,0,0,1,2,0,0,0,1,0,0,0,3.323231428797621,1,0
29,15,6,1,0,0,1,3,0,0,0,1,0,1,0,3.323231428797621,1,0
31,15,8,1,0,0,1,3,0,0,0,1,0,1,0,3.323231428797621,1,0
28,15,5,1,0,0,1,3,0,0,0,1,0,0,0,3.323231428797621,1,0
39,15,8,1,0,4,2,3,1,0,0,1,0,0,0,3.323231428797621,1,0
28,20,0,2,0,0,1,2,0,0,0,1,0,0,0,3.4464393446710155,1,0
18,10,0,1,0,0,1,2,0,0,0,1,0,0,0,3.1219280948873624,1,0
24,10,6,1,0,0,1,3,0,0,0,1,0,1,0,3.1219280948873624,1,0
26,10,8,1,0,0,1,3,0,0,0,1,0,1,0,3.1219280948873624,1,0
23,10,5,1,0,0,1,3,0,0,0,1,0,0,0,3.1219280948873624,1,0
34,10,8,1,0,4,2,3,1,0,0,1,0,0,0,3.1219280948873624,1,0
23,15,0,2,0,0,1,2,0,0,0,1,0,0,0,3.506890595608519,1,0
31,23,0,1,0,0,1,2,0,0,0,1,0,0,0,3.795088586397732,1,0
37,23,6,1,0,0,1,3,0,0,0,1,0,1,0,3.795088586397732,1,0
39,23,8,1,0,0,1,3,0,0,0,1,0,1,0,3.795088586397732,1,0
36,23,5,1,0,0,1,3,0,0,0,1,0,0,0,3.795088586397732,1,0
47,23,8,1,0,4,2,3,1,0,0,1,0,0,0,3.795088586397732,1,0
36,28,0,2,0,0,1,2,0,0,0,1,0,0,0,3.8248629576173565,1,0
15,7,0,1,0,0,1,2,0,0,0,1,0,0,0,2.521640636343318,1,0
21,7,6,1,0,0,1,3,0,0,0,1,0,1,0,2.521640636343318,1,0
23,7,8,1,0,0,1,3,0,0,0,1,0,1,0,2.521640636343318,1,0
20,7,5,1,0,0,1,3,0,0,0,1,0,0,0,2.521640636343318,1,0
31,7,8,1,0,4,2,3,1,0,0,1,0,0,0,2.521640636343318,1,0
20,12,0,2,0,0,1,2,0,0,0,1,0,0,0,3.2516291673878226,1,0
22,14,0,1,0,0,1,2,0,0,0,1,0,0,0,3.1820058147602133,1,0
28,14,6,1,0,0,1,3,0,0,0,1,0,1,0,3.1820058147602133,1,0
30,14,8,1,0,0,1,3,0,0,0,1,0,1,0,3.1820058147602133,1,0
27,14,5,1,0,0,1,3,0,0,0,1,0,0,0,3.1820058147602133,1,0
38,14,8,1,0,4,2,3,1,0,0,1,0,0,0,3.1820058147602133,1,0
27,19,0,2,0,0,1,2,0,0,0,1,0,0,0,3.431623565847431,1,0
17,9,0,1,0,0,1,2,0,0,0,1,0,0,0,2.6416041678685938,1,0
23,9,6,1,0,0,1,3,0,0,0,1,0,1,0,2.6416041678685938,1,0
25,9,8,1,0,0,1,3,0,0,0,1,0,1,0,2.6416041678685938,1,0
22,9,5,1,0,0,1,3,0,0,0,1,0,0,0,2.6416041678685938,1,0
33,9,8,1,0,4,2,3,1,0,0,1,0,0,0,2.6416041678685938,1,0
22,14,0,2,0,0,1,2,0,0,0,1,0,0,0,3.1820058147602133,1,0
12,4,0,1,0,0,1,2,0,0,0,1,0,0,0,2.0,1,0
18,4,6,1,0,0,1,3,0,0,0,1,0,1,0,2.0,1,0
20,4,8,1,0,0,1,3,0,0,0,1,0,1,0,2.0,1,0
17,4,5,1,0,0,1,3,0,0,0,1,0,0,0,2.0,1,0
27,4,8,1,0,3,2,3,1,0,0,1,0,0,0,2.0,1,0
17,9,0,2,0,0,1,2,0,0,0,1,0,0,0,2.94770277922009,1,0
21,13,0,1,0,0,1,2,0,0,0,1,0,0,0,3.334679141051595,1,0
27,13,6,1,0,0,1,3,0,0,0,1,0,1,0,3.334679141051595,1,0
29,13,8,1,0,0,1,3,0,0,0,1,0,1,0,3.334679141051595,1,0
26,13,5,1,0,0,1,3,0,0,0,1,0,0,0,3.334679141051595,1,0
35,13,8,1,0,2,2,3,1,0,0,1,0,0,0,3.334679141051595,1,0
26,18,0,2,0,0,1,2,0,0,0,1,0,0,0,3.5724312513221195,1,0
21,13,0,1,0,0,1,2,0,0,0,1,0,0,0,3.085055102756477,1,0
27,13,6,1,0,0,1,3,0,0,0,1,0,1,0,3.085055102756477,1,0
29,13,8,1,0,0,1,3,0,0,0,1,0,1,0,3.085055102756477,1,0
26,13,5,1,0,0,1,3,0,0,0,1,0,0,0,3.085055102756477,1,0
37,13,8,1,0,4,2,3,1,0,0,1,0,0,0,3.085055102756477,1,0
26,18,0,2,0,0,1,2,0,0,0,1,0,0,0,3.5032583347756456,1,0
15,7,0,1,0,0,1,2,0,0,0,1,0,0,0,2.2359263506290326,1,0
21,7,6,1,0,0,1,3,0,0,0,1,0,1,0,2.2359263506290326,1,0
23,7,8,1,0,0,1,3,0,0,0,1,0,1,0,2.2359263506290326,1,0
20,7,5,1,0,0,1,3,0,0,0,1,0,0,0,2.2359263506290326,1,0
31,7,8,1,0,4,2,3,1,0,0,1,0,0,0,2.2359263506290326,1,0
20,12,0,2,0,0,1,2,0,0,0,1,0,0,0,2.918295834054489,1,0
16,8,0,1,0,0,1,2,0,0,0,1,0,0,0,2.5,1,0
22,8,6,1,0,0,1,3,0,0,0,1,0,1,0,2.5,1,0
24,8,8,1,0,0,1,3,0,0,0,1,0,1,0,2.5,1,0
21,8,5,1,0,0,1,3,0,0,0,1,0,0,0,2.5,1,0
32,8,8,1,0,4,2,3,1,0,0,1,0,0,0,2.5,1,0
21,13,0,2,0,0,1,2,0,0,0,1,0,0,0,2.8150724101159437,1,0
17,9,0,2,0,0,1,2,0,0,0,1,0,0,0,2.5032583347756456,0,0
23,9,6,2,0,0,1,3,0,0,0,1,0,1,0,2.5032583347756456,0,0
25,9,8,2,0,0,1,3,0,0,0,1,0,1,0,2.5032583347756456,0,0
22,9,5,2,0,0,1,3,0,0,0,1,0,0,0,2.5032583347756456,0,0
33,9,8,2,0,4,2,3,1,0,0,1,0,0,0,2.5032583347756456,0,0
22,14,0,3,0,0,1,2,0,0,0,1,0,0,0,3.1820058147602133,0,0
16,8,0,1,0,0,1,2,0,0,0,1,0,0,0,3.0,1,0
22,8,6,1,0,0,1,3,0,0,0,1,0,1,0,3.0,1,0
24,8,8,1,0,0,1,3,0,0,0,1,0,1,0,3.0,1,0
21,8,5,1,0,0,1,3,0,0,0,1,0,0,0,3.0,1,0
32,8,8,1,0,4,2,3,1,0,0,1,0,0,0,3.0,1,0
21,13,0,2,0,0,1,2,0,0,0,1,0,0,0,3.3927474104487847,1,0
23,15,0,1,0,0,1,2,0,0,0,1,0,0,0,3.323231428797621,1,0
29,15,6,1,0,0,1,3,0,0,0,1,0,1,0,3.323231428797621,1,0
31,15,8,1,0,0,1,3,0,0,0,1,0,1,0,3.323231428797621,1,0
28,15,5,1,0,0,1,3,0,0,0,1,0,0,0,3.323231428797621,1,0
39,15,8,1,0,4,2,3,1,0,0,1,0,0,0,3.323231428797621,1,0
28,20,0,2,0,0,1,2,0,0,0,1,0,0,0,3.784183719779189,1,0
20,12,0,1,0,0,1,2,0,0,0,1,0,0,0,3.2516291673878226,1,0
26,12,6,1,0,0,1,3,0,0,0,1,0,1,0,3.2516291673878226,1,0
28,12,8,1,0,0,1,3,0,0,0,1,0,1,0,3.2516291673878226,1,0
25,12,5,1,0,0,1,3,0,0,0,1,0,0,0,3.2516291673878226,1,0
36,12,8,1,0,4,2,3,1,0,0,1,0,0,0,3.2516291673878226,1,0
25,17,0,2,0,0,1,2,0,0,0,1,0,0,0,3.3371753411230767,1,0
19,11,0,1,0,0,1,2,0,0,0,1,0,0,0,3.095795255000934,1,0
25,11,6,1,0,0,1,3,0,0,0,1,0,1,0,3.095795255000934,1,0
27,11,8,1,0,0,1,3,0,0,0,1,0,1,0,3.095795255000934,1,0
24,11,5,1,0,0,1,3,0,0,0,1,0,0,0,3.095795255000934,1,0
35,11,8,1,0,4,2,3,1,0,0,1,0,0,0,3.095795255000934,1,0
24,16,0,2,0,0,1,2,0,0,0,1,0,0,0,3.375,1,0
15,7,0,1,0,0,1,2,0,0,0,1,0,0,0,2.8073549220576037,1,0
21,7,6,1,0,0,1,3,0,0,0,1,0,1,0,2.8073549220576037,1,0
23,7,8,1,0,0,1,3,0,0,0,1,0,1,0,2.8073549220576037,1,0
20,7,5,1,0,0,1,3,0,0,0,1,0,0,0,2.8073549220576037,1,0
31,7,8,1,0,4,2,3,1,0,0,1,0,0,0,2.8073549220576037,1,0
20,12,0,2,0,0,1,2,0,0,0,1,0,0,0,3.084962500721156,1,0
18,10,0,1,0,0,1,2,0,0,0,1,0,0,0,2.8464393446710154,1,0
24,10,6,1,0,0,1,3,0,0,0,1,0,1,0,2.8464393446710154,1,0
26,10,8,1,0,0,1,3,0,0,0,1,0,1,0,2.8464393446710154,1,0
23,10,5,1,0,0,1,3,0,0,0,1,0,0,0,2.8464393446710154,1,0
34,10,8,1,0,4,2,3,1,0,0,1,0,0,0,2.8464393446710154,1,0
23,15,0,2,0,0,1,2,0,0,0,1,0,0,0,3.323231428797621,1,0
25,17,0,1,0,0,1,2,0,0,0,1,0,0,0,3.219528282299547,1,0
31,17,6,1,0,0,1,3,0,0,0,1,0,1,0,3.219528282299547,1,0
33,17,8,1,0,0,1,3,0,0,0,1,0,1,0,3.219528282299547,1,0
30,17,5,1,0,0,1,3,0,0,0,1,0,0,0,3.219528282299547,1,0
41,17,8,1,0,4,2,3,1,0,0,1,0,0,0,3.219528282299547,1,0
30,22,0,2,0,0,1,2,0,0,0,1,0,0,0,3.481714572986073,1,0
18,10,0,1,0,0,1,2,0,0,0,1,0,0,0,2.9219280948873623,1,0
24,10,6,1,0,0,1,3,0,0,0,1,0,1,0,2.9219280948873623,1,0
26,10,8,1,0,0,1,3,0,0,0,1,0,1,0,2.9219280948873623,1,0
23,10,5,1,0,0,1,3,0,0,0,1,0,0,0,2.9219280948873623,1,0
34,10,8,1,0,4,2,3,1,0,0,1,0,0,0,2.9219280948873623,1,0
23,15,0,2,0,0,1,2,0,0,0,1,0,0,0,3.106890595608519,1,0
24,16,0,1,0,0,1,2,0,0,0,1,0,0,0,3.125,1,0
30,16,6,1,0,0,1,3,0,0,0,1,0,1,0,3.125,1,0
32,16,8,1,0,0,1,3,0,0,0,1,0,1,0,3.125,1,0
29,16,5,1,0,0,1,3,0,0,0,1,0,0,0,3.125,1,0
40,16,8,1,0,4,2,3,1,0,0,1,0,0,0,3.125,1,0
29,21,0,2,0,0,1,2,0,0,0,1,0,0,0,3.499227541723357,1,0
18,10,0,1,0,0,1,2,0,0,0,1,0,0,0,2.8464393446710154,1,0
24,10,6,1,0,0,1,3,0,0,0,1,0,1,0,2.8464393446710154,1,0
26,10,8,1,0,0,1,3,0,0,0,1,0,1,0,2.8464393446710154,1,0
23,10,5,1,0,0,1,3,0,0,0,1,0,0,0,2.8464393446710154,1,0
34,10,8,1,0,4,2,3,1,0,0,1,0,0,0,2.8464393446710154,1,0
23,15,0,2,0,0,1,2,0,0,0,1,0,0,0,3.323231428797621,1,0
17,9,0,1,0,0,1,2,0,0,0,1,0,0,0,2.4193819456463714,1,0
23,9,6,1,0,0,1,3,0,0,0,1,0,1,0,2.4193819456463714,1,0
25,9,8,1,0,0,1,3,0,0,0,1,0,1,0,2.4193819456463714,1,0
22,9,5,1,0,0,1,3,0,0,0,1,0,0,0,2.4193819456463714,1,0
32,9,8,1,0,3,2,3,1,0,0,1,0,0,0,2.4193819456463714,1,0
22,14,0,2,0,0,1,2,0,0,0,1,0,0,0,2.8962915290459277,1,0
19,11,0,1,0,0,1,2,0,0,0,1,0,0,0,3.2776134368191157,1,0
25,11,6,1,0,0,1,3,0,0,0,1,0,1,0,3.2776134368191157,1,0
27,11,8,1,0,0,1,3,0,0,0,1,0,1,0,3.2776134368191157,1,0
24,11,5,1,0,0,1,3,0,0,0,1,0,0,0,3.2776134368191157,1,0
35,11,8,1,0,4,2,3,1,0,0,1,0,0,0,3.2776134368191157,1,0
24,16,0,2,0,0,1,2,0,0,0,1,0,0,0,3.5,1,0
19,11,0,1,0,0,1,2,0,0,0,1,0,0,0,3.4594316186372973,1,0
25,11,6,1,0,0,1,3,0,0,0,1,0,1,0,3.4594316186372973,1,0
27,11,8,1,0,0,1,3,0,0,0,1,0,1,0,3.4594316186372973,1,0
24,11,5,1,0,0,1,3,0,0,0,1,0,0,0,3.4594316186372973,1,0
35,11,8,1,0,4,2,3,1,0,0,1,0,0,0,3.4594316186372973,1,0
24,16,0,2,0,0,1,2,0,0,0,1,0,0,0,3.5,1,0
17,9,0,1,0,0,1,2,0,0,0,1,0,0,0,2.94770277922009,1,0
23,9,6,1,0,0,1,3,0,0,0,1,0,1,0,2.94770277922009,1,0
25,9,8,1,0,0,1,3,0,0,0,1,0,1,0,2.94770277922009,1,0
22,9,5,1,0,0,1,3,0,0,0,1,0,0,0,2.94770277922009,1,0
33,9,8,1,0,4,2,3,1,0,0,1,0,0,0,2.94770277922009,1,0
22,14,0,2,0,0,1,2,0,0,0,1,0,0,0,2.8962915290459277,1,0
17,9,0,1,0,0,1,2,0,0,0,1,0,0,0,2.725480556997868,1,0
23,9,6,1,0,0,1,3,0,0,0,1,0,1,0,2.725480556997868,1,0
25,9,8,1,0,0,1,3,0,0,0,1,0,1,0,2.725480556997868,1,0
22,9,5,1,0,0,1,3,0,0,0,1,0,0,0,2.725480556997868,1,0
33,9,8,1,0,4,2,3,1,0,0,1,0,0,0,2.725480556997868,1,0
22,14,0,2,0,0,1,2,0,0,0,1,0,0,0,3.0391486719030705,1,0
18,10,0,1,0,0,1,2,0,0,0,1,0,0,0,2.9219280948873623,1,0
24,10,6,1,0,0,1,3,0,0,0,1,0,1,0,2.9219280948873623,1,0
26,10,8,1,0,0,1,3,0,0,0,1,0,1,0,2.9219280948873623,1,0
23,10,5,1,0,0,1,3,0,0,0,1,0,0,0,2.9219280948873623,1,0
33,10,8,1,0,3,2,3,1,0,0,1,0,0,0,2.9219280948873623,1,0
23,15,0,2,0,0,1,2,0,0,0,1,0,0,0,3.240223928941852,1,0
18,10,0,1,0,0,1,2,0,0,0,1,0,0,0,2.6464393446710157,1,0
24,10,6,1,0,0,1,3,0,0,0,1,0,1,0,2.6464393446710157,1,0
26,10,8,1,0,0,1,3,0,0,0,1,0,1,0,2.6464393446710157,1,0
23,10,5,1,0,0,1,3,0,0,0,1,0,0,0,2.6464393446710157,1,0
34,10,8,1,0,4,2,3,1,0,0,1,0,0,0,2.6464393446710157,1,0
23,15,0,2,0,0,1,2,0,0,0,1,0,0,0,3.1898980954642875,1,0
16,8,0,1,0,0,1,2,0,0,0,1,0,0,0,3.0,1,0
22,8,6,1,0,0,1,3,0,0,0,1,0,1,0,3.0,1,0
24,8,8,1,0,0,1,3,0,0,0,1,0,1,0,3.0,1,0
21,8,5,1,0,0,1,3,0,0,0,1,0,0,0,3.0,1,0
32,8,8,1,0,4,2,3,1,0,0,1,0,0,0,3.0,1,0
21,13,0,2,0,0,1,2,0,0,0,1,0,0,0,3.238901256602631,1,0
15,7,0,1,0,0,1,2,0,0,0,1,0,0,0,2.521640636343318,1,0
21,7,6,1,0,0,1,3,0,0,0,1,0,1,0,2.521640636343318,1,0
23,7,8,1,0,0,1,3,0,0,0,1,0,1,0,2.521640636343318,1,0
20,7,5,1,0,0,1,3,0,0,0,1,0,0,0,2.521640636343318,1,0
31,7,8,1,0,4,2,3,1,0,0,1,0,0,0,2.521640636343318,1,0
20,12,0,2,0,0,1,2,0,0,0,1,0,0,0,3.084962500721156,1,0
16,8,0,1,0,0,1,2,0,0,0,1,0,0,0,2.75,1,0
22,8,6,1,0,0,1,3,0,0,0,1,0,1,0,2.75,1,0
24,8,8,1,0,0,1,3,0,0,0,1,0,1,0,2.75,1,0
21,8,5,1,0,0,1,3,0,0,0,1,0,0,0,2.75,1,0
32,8,8,1,0,4,2,3,1,0,0,1,0,0,0,2.75,1,0
21,13,0,2,0,0,1,2,0,0,0,1,0,0,0,3.238901256602631,1,0
22,14,0,1,0,0,1,2,0,0,0,1,0,0,0,3.3248629576173565,1,0
28,14,6,1,0,0,1,3,0,0,0,1,0,1,0,3.3248629576173565,1,0
30,14,8,1,0,0,1,3,0,0,0,1,0,1,0,3.3248629576173565,1,0
27,14,5,1,0,0,1,3,0,0,0,1,0,0,0,3.3248629576173565,1,0
38,14,8,1,0,4,2,3,1,0,0,1,0,0,0,3.3248629576173565,1,0
27,19,0,2,0,0,1,2,0,0,0,1,0,0,0,3.300559092390954,1,0
19,11,0,1,0,0,1,2,0,0,0,1,0,0,0,3.095795255000934,1,0
25,11,6,1,0,0,1,3,0,0,0,1,0,1,0,3.095795255000934,1,0
27,11,8,1,0,0,1,3,0,0,0,1,0,1,0,3.095795255000934,1,0
24,11,5,1,0,0,1,3,0,0,0,1,0,0,0,3.095795255000934,1,0
35,11,8,1,0,4,2,3,1,0,0,1,0,0,0,3.095795255000934,1,0
24,16,0,2,0,0,1,2,0,0,0,1,0,0,0,3.25,1,0
21,13,0,1,0,0,1,2,0,0,0,1,0,0,0,3.180832987205441,1,0
27,13,6,1,0,0,1,3,0,0,0,1,0,1,0,3.180832987205441,1,0
29,13,8,1,0,0,1,3,0,0,0,1,0,1,0,3.180832987205441,1,0
26,13,5,1,0,0,1,3,0,0,0,1,0,0,0,3.180832987205441,1,0
37,13,8,1,0,4,2,3,1,0,0,1,0,0,0,3.180832987205441,1,0
26,18,0,2,0,0,1,2,0,0,0,1,0,0,0,3.2810361125534233,1,0
17,9,0,1,0,0,1,2,0,0,0,1,0,0,0,2.94770277922009,1,0
23,9,6,1,0,0,1,3,0,0,0,1,0,1,0,2.94770277922009,1,0
25,9,8,1,0,0,1,3,0,0,0,1,0,1,0,2.94770277922009,1,0
22,9,5,1,0,0,1,3,0,0,0,1,0,0,0,2.94770277922009,1,0
33,9,8,1,0,4,2,3,1,0,0,1,0,0,0,2.94770277922009,1,0
22,14,0,2,0,0,1,2,0,0,0,1,0,0,0,3.3787834934861753,1,0
28,20,0,1,1,0,1,2,0,0,0,1,0,0,0,3.441446071165522,1,0
34,20,6,1,1,0,1,3,0,0,0,1,0,1,0,3.441446071165522,1,0
36,20,8,1,1,0,1,3,0,0,0,1,0,1,0,3.441446071165522,1,0
33,20,5,1,1,0,1,3,0,0,0,1,0,0,0,3.441446071165522,1,0
44,20,8,1,1,4,2,3,1,0,0,1,0,0,0,3.441446071165522,1,0
33,25,0,2,1,0,1,2,0,0,0,1,0,0,0,3.699470570797252,1,0
29,21,0,1,0,0,1,2,0,0,0,1,0,0,0,3.1182751607709758,1,0
35,21,6,1,0,0,1,3,0,0,0,1,0,1,0,3.1182751607709758,1,0
37,21,8,1,0,0,1,3,0,0,0,1,0,1,0,3.1182751607709758,1,0
34,21,5,1,0,0,1,3,0,0,0,1,0,0,0,3.1182751607709758,1,0
45,21,8,1,0,4,2,3,1,0,0,1,0,0,0,3.1182751607709758,1,0
34,26,0,2,0,0,1,2,0,0,0,1,0,0,0,3.4116022179746714,1,0
18,10,0,1,0,0,1,2,0,0,0,1,0,0,0,3.1219280948873624,1,0
24,10,6,1,0,0,1,3,0,0,0,1,0,1,0,3.1219280948873624,1,0
26,10,8,1,0,0,1,3,0,0,0,1,0,1,0,3.1219280948873624,1,0
23,10,5,1,0,0,1,3,0,0,0,1,0,0,0,3.1219280948873624,1,0
34,10,8,1,0,4,2,3,1,0,0,1,0,0,0,3.1219280948873624,1,0
23,15,0,2,0,0,1,2,0,0,0,1,0,0,0,3.1898980954642875,1,0
16,8,0,1,0,0,1,2,0,0,0,1,0,0,0,2.75,1,0
22,8,6,1,0,0,1,3,0,0,0,1,0,1,0,2.75,1,0
24,8,8,1,0,0,1,3,0,0,0,1,0,1,0,2.75,1,0
21,8,5,1,0,0,1,3,0,0,0,1,0,0,0,2.75,1,0
32,8,8,1,0,4,2,3,1,0,0,1,0,0,0,2.75,1,0
21,13,0,2,0,0,1,2,0,0,0,1,0,0,0,3.0269868333592873,1,0
19,11,0,1,0,0,1,2,0,0,0,1,0,0,0,2.8453509366224368,1,0
25,11,6,1,0,0,1,3,0,0,0,1,0,1,0,2.8453509366224368,1,0
27,11,8,1,0,0,1,3,0,0,0,1,0,1,0,2.8453509366224368,1,0
24,11,5,1,0,0,1,3,0,0,0,1,0,0,0,2.8453509366224368,1,0
35,11,8,1,0,4,2,3,1,0,0,1,0,0,0,2.8453509366224368,1,0
24,16,0,2,0,0,1,2,0,0,0,1,0,0,0,3.2806390622295662,1,0
22,14,0,1,0,0,1,2,0,0,0,1,0,0,0,3.2359263506290326,1,0
28,14,6,1,0,0,1,3,0,0,0,1,0,1,0,3.2359263506290326,1,0
30,14,8,1,0,0,1,3,0,0,0,1,0,1,0,3.2359263506290326,1,0
27,14,5,1,0,0,1,3,0,0,0,1,0,0,0,3.2359263506290326,1,0
38,14,8,1,0,4,2,3,1,0,0,1,0,0,0,3.2359263506290326,1,0
27,19,0,2,0,0,1,2,0,0,0,1,0,0,0,3.4058222502856905,1,0
17,9,0,1,0,0,1,2,0,0,0,1,0,0,0,2.94770277922009,1,0
23,9,6,1,0,0,1,3,0,0,0,1,0,1,0,2.94770277922009,1,0
25,9,8,1,0,0,1,3,0,0,0,1,0,1,0,2.94770277922009,1,0
22,9,5,1,0,0,1,3,0,0,0,1,0,0,0,2.94770277922009,1,0
32,9,8,1,0,3,2,3,1,0,0,1,0,0,0,2.94770277922009,1,0
22,14,0,2,0,0,1,2,0,0,0,1,0,0,0,3.0930692077718898,1,0
22,14,0,1,0,0,1,2,0,0,0,1,0,0,0,3.807354922057604,1,0
28,14,6,1,0,0,1,3,0,0,0,1,0,1,0,3.807354922057604,1,0
30,14,8,1,0,0,1,3,0,0,0,1,0,1,0,3.807354922057604,1,0
27,14,5,1,0,0,1,3,0,0,0,1,0,0,0,3.807354922057604,1,0
38,14,8,1,0,4,2,3,1,0,0,1,0,0,0,3.807354922057604,1,0
27,19,0,2,0,0,1,2,0,0,0,1,0,0,0,3.721611723969901,1,0
22,14,0,1,0,0,1,2,0,0,0,1,0,0,0,3.1820058147602133,1,0
28,14,6,1,0,0,1,3,0,0,0,1,0,1,0,3.1820058147602133,1,0
30,14,8,1,0,0,1,3,0,0,0,1,0,1,0,3.1820058147602133,1,0
27,14,5,1,0,0,1,3,0,0,0,1,0,0,0,3.1820058147602133,1,0
37,14,8,1,0,3,2,3,1,0,0,1,0,0,0,3.1820058147602133,1,0
27,19,0,2,0,0,1,2,0,0,0,1,0,0,0,3.300559092390954,1,0
23,15,0,1,0,0,1,2,0,0,0,1,0,0,0,3.1898980954642875,1,0
29,15,6,1,0,0,1,3,0,0,0,1,0,1,0,3.1898980954642875,1,0
31,15,8,1,0,0,1,3,0,0,0,1,0,1,0,3.1898980954642875,1,0
28,15,5,1,0,0,1,3,0,0,0,1,0,0,0,3.1898980954642875,1,0
39,15,8,1,0,4,2,3,1,0,0,1,0,0,0,3.1898980954642875,1,0
28,20,0,2,0,0,1,2,0,0,0,1,0,0,0,3.184183719779189,1,0
24,16,0,1,0,0,1,2,0,0,0,1,0,1,0,3.75,1,0
30,16,6,1,0,0,1,3,0,0,0,1,0,1,0,3.75,1,0
32,16,8,1,0,0,1,3,0,0,0,1,0,1,0,3.75,1,0
29,16,5,1,0,0,1,3,0,0,0,1,0,1,0,3.75,1,0
40,16,8,1,0,4,2,3,1,0,0,1,0,1,0,3.75,1,0
29,21,0,2,0,0,1,2,0,0,0,1,0,1,0,3.8208888513501886,1,0
17,9,0,1,0,0,1,2,0,0,0,1,0,0,0,2.94770277922009,1,0
23,9,6,1,0,0,1,3,0,0,0,1,0,1,0,2.94770277922009,1,0
25,9,8,1,0,0,1,3,0,0,0,1,0,1,0,2.94770277922009,1,0
22,9,5,1,0,0,1,3,0,0,0,1,0,0,0,2.94770277922009,1,0
33,9,8,1,0,4,2,3,1,0,0,1,0,0,0,2.94770277922009,1,0
22,14,0,2,0,0,1,2,0,0,0,1,0,0,0,3.2359263506290326,1,0
24,16,0,1,0,0,1,2,0,0,0,1,0,0,0,3.202819531114783,1,0
30,16,6,1,0,0,1,3,0,0,0,1,0,1,0,3.202819531114783,1,0
32,16,8,1,0,0,1,3,0,0,0,1,0,1,0,3.202819531114783,1,0
29,16,5,1,0,0,1,3,0,0,0,1,0,0,0,3.202819531114783,1,0
39,16,8,1,0,3,2,3,1,0,0,1,0,0,0,3.202819531114783,1,0
29,21,0,2,0,0,1,2,0,0,0,1,0,0,0,3.3680424225727155,1,0
19,11,0,1,0,0,1,2,0,0,0,1,0,0,0,3.2776134368191157,1,0
25,11,6,1,0,0,1,3,0,0,0,1,0,1,0,3.2776134368191157,1,0
27,11,8,1,0,0,1,3,0,0,0,1,0,1,0,3.2776134368191157,1,0
24,11,5,1,0,0,1,3,0,0,0,1,0,0,0,3.2776134368191157,1,0
35,11,8,1,0,4,2,3,1,0,0,1,0,0,0,3.2776134368191157,1,0
24,16,0,2,0,0,1,2,0,0,0,1,0,0,0,3.452819531114783,1,0
19,11,0,1,0,0,1,2,0,0,0,1,0,0,0,3.2776134368191157,1,0
25,11,6,1,0,0,1,3,0,0,0,1,0,1,0,3.2776134368191157,1,0
27,11,8,1,0,0,1,3,0,0,0,1,0,1,0,3.2776134368191157,1,0
24,11,5,1,0,0,1,3,0,0,0,1,0,0,0,3.2776134368191157,1,0
35,11,8,1,0,4,2,3,1,0,0,1,0,0,0,3.2776134368191157,1,0
24,16,0,2,0,0,1,2,0,0,0,1,0,0,0,3.625,1,0
15,7,0,1,0,0,1,2,0,0,0,1,0,0,0,2.8073549220576037,1,0
21,7,6,1,0,0,1,3,0,0,0,1,0,1,0,2.8073549220576037,1,0
23,7,8,1,0,0,1,3,0,0,0,1,0,1,0,2.8073549220576037,1,0
20,7,5,1,0,0,1,3,0,0,0,1,0,0,0,2.8073549220576037,1,0
31,7,8,1,0,4,2,3,1,0,0,1,0,0,0,2.8073549220576037,1,0
20,12,0,2,0,0,1,2,0,0,0,1,0,0,0,3.2516291673878226,1,0
20,12,0,1,0,0,1,2,0,0,0,1,0,0,0,3.2516291673878226,1,0
26,12,6,1,0,0,1,3,0,0,0,1,0,1,0,3.2516291673878226,1,0
28,12,8,1,0,0,1,3,0,0,0,1,0,1,0,3.2516291673878226,1,0
25,12,5,1,0,0,1,3,0,0,0,1,0,0,0,3.2516291673878226,1,0
36,12,8,1,0,4,2,3,1,0,0,1,0,0,0,3.2516291673878226,1,0
25,17,0,2,0,0,1,2,0,0,0,1,0,0,0,3.616874605956222,1,0
19,11,0,1,1,0,1,2,0,0,0,1,0,0,0,2.913977073182752,1,0
25,11,6,1,1,0,1,3,0,0,0,1,0,1,0,2.913977073182752,1,0
27,11,8,1,1,0,1,3,0,0,0,1,0,1,0,2.913977073182752,1,0
24,11,5,1,1,0,1,3,0,0,0,1,0,0,0,2.913977073182752,1,0
35,11,8,1,1,4,2,3,1,0,0,1,0,0,0,2.913977073182752,1,0
24,16,0,2,1,0,1,2,0,0,0,1,0,0,0,3.327819531114783,1,0
18,10,0,1,0,0,1,2,0,0,0,1,0,0,0,3.3219280948873626,1,0
24,10,6,1,0,0,1,3,0,0,0,1,0,1,0,3.3219280948873626,1,0
26,10,8,1,0,0,1,3,0,0,0,1,0,1,0,3.3219280948873626,1,0
23,10,5,1,0,0,1,3,0,0,0,1,0,0,0,3.3219280948873626,1,0
34,10,8,1,0,4,2,3,1,0,0,1,0,0,0,3.3219280948873626,1,0
23,15,0,2,0,0,1,2,0,0,0,1,0,0,0,3.506890595608519,1,0
19,11,0,1,0,0,1,2,0,0,0,1,0,0,0,3.2776134368191157,1,0
25,11,6,1,0,0,1,3,0,0,0,1,0,1,0,3.2776134368191157,1,0
27,11,8,1,0,0,1,3,0,0,0,1,0,1,0,3.2776134368191157,1,0
24,11,5,1,0,0,1,3,0,0,0,1,0,0,0,3.2776134368191157,1,0
35,11,8,1,0,4,2,3,1,0,0,1,0,0,0,3.2776134368191157,1,0
24,16,0,2,0,0,1,2,0,0,0,1,0,0,0,3.5,1,0
22,14,0,1,1,0,1,2,0,0,0,1,0,0,0,3.3248629576173565,1,0
28,14,6,1,1,0,1,3,0,0,0,1,0,1,0,3.3248629576173565,1,0
30,14,8,1,1,0,1,3,0,0,0,1,0,1,0,3.3248629576173565,1,0
27,14,5,1,1,0,1,3,0,0,0,1,0,0,0,3.3248629576173565,1,0
38,14,8,1,1,4,2,3,1,0,0,1,0,0,0,3.3248629576173565,1,0
27,19,0,2,1,0,1,2,0,0,0,1,0,0,0,3.6818808028034025,1,0
22,14,0,1,0,0,1,2,0,0,0,1,0,0,0,3.521640636343318,1,0
28,14,6,1,0,0,1,3,0,0,0,1,0,1,0,3.521640636343318,1,0
30,14,8,1,0,0,1,3,0,0,0,1,0,1,0,3.521640636343318,1,0
27,14,5,1,0,0,1,3,0,0,0,1,0,0,0,3.521640636343318,1,0
38,14,8,1,0,4,2,3,1,0,0,1,0,0,0,3.521640636343318,1,0
27,19,0,2,0,0,1,2,0,0,0,1,0,0,0,3.6818808028034025,1,0
17,9,0,1,0,0,1,2,0,0,0,1,0,0,0,2.4193819456463714,1,0
23,9,6,1,0,0,1,3,0,0,0,1,0,1,0,2.4193819456463714,1,0
25,9,8,1,0,0,1,3,0,0,0,1,0,1,0,2.4193819456463714,1,0
22,9,5,1,0,0,1,3,0,0,0,1,0,0,0,2.4193819456463714,1,0
33,9,8,1,0,4,2,3,1,0,0,1,0,0,0,2.4193819456463714,1,0
22,14,0,2,0,0,1,2,0,0,0,1,0,0,0,3.1820058147602133,1,0
18,10,0,1,0,0,1,2,0,0,0,1,0,0,0,3.1219280948873624,1,0
24,10,6,1,0,0,1,3,0,0,0,1,0,1,0,3.1219280948873624,1,0
26,10,8,1,0,0,1,3,0,0,0,1,0,1,0,3.1219280948873624,1,0
23,10,5,1,0,0,1,3,0,0,0,1,0,0,0,3.1219280948873624,1,0
34,10,8,1,0,4,2,3,1,0,0,1,0,0,0,3.1219280948873624,1,0
23,15,0,2,0,0,1,2,0,0,0,1,0,0,0,3.506890595608519,1,0
18,10,0,1,0,0,1,2,0,0,0,1,0,0,0,3.1219280948873624,1,0
24,10,6,1,0,0,1,3,0,0,0,1,0,1,0,3.1219280948873624,1,0
26,10,8,1,0,0,1,3,0,0,0,1,0,1,0,3.1219280948873624,1,0
23,10,5,1,0,0,1,3,0,0,0,1,0,0,0,3.1219280948873624,1,0
34,10,8,1,0,4,2,3,1,0,0,1,0,0,0,3.1219280948873624,1,0
23,15,0,2,0,0,1,2,0,0,0,1,0,0,0,3.240223928941852,1,0
14,6,0,1,0,0,1,2,0,0,0,1,0,0,0,2.584962500721156,1,0
20,6,6,1,0,0,1,3,0,0,0,1,0,1,0,2.584962500721156,1,0
22,6,8,1,0,0,1,3,0,0,0,1,0,1,0,2.584962500721156,1,0
19,6,5,1,0,0,1,3,0,0,0,1,0,0,0,2.584962500721156,1,0
30,6,8,1,0,4,2,3,1,0,0,1,0,0,0,2.584962500721156,1,0
19,11,0,2,0,0,1,2,0,0,0,1,0,0,0,3.095795255000934,1,0
18,10,0,1,0,0,1,2,0,0,0,1,0,0,0,3.3219280948873626,1,0
24,10,6,1,0,0,1,3,0,0,0,1,0,1,0,3.3219280948873626,1,0
26,10,8,1,0,0,1,3,0,0,0,1,0,1,0,3.3219280948873626,1,0
23,10,5,1,0,0,1,3,0,0,0,1,0,0,0,3.3219280948873626,1,0
34,10,8,1,0,4,2,3,1,0,0,1,0,0,0,3.3219280948873626,1,0
23,15,0,2,0,0,1,2,0,0,0,1,0,0,0,3.506890595608519,1,0
18,10,0,1,0,0,1,2,0,0,0,1,0,0,0,2.721928094887362,1,0
24,10,6,1,0,0,1,3,0,0,0,1,0,1,0,2.721928094887362,1,0
26,10,8,1,0,0,1,3,0,0,0,1,0,1,0,2.721928094887362,1,0
23,10,5,1,0,0,1,3,0,0,0,1,0,0,0,2.721928094887362,1,0
34,10,8,1,0,4,2,3,1,0,0,1,0,0,0,2.721928094887362,1,0
23,15,0,2,0,0,1,2,0,0,0,1,0,0,0,3.0062389286533895,1,0
21,13,0,1,0,0,1,2,0,0,0,1,0,0,0,3.3927474104487847,1,0
27,13,6,1,0,0,1,3,0,0,0,1,0,1,0,3.3927474104487847,1,0
29,13,8,1,0,0,1,3,0,0,0,1,0,1,0,3.3927474104487847,1,0
26,13,5,1,0,0,1,3,0,0,0,1,0,0,0,3.3927474104487847,1,0
37,13,8,1,0,4,2,3,1,0,0,1,0,0,0,3.3927474104487847,1,0
26,18,0,2,0,0,1,2,0,0,0,1,0,0,0,3.5724312513221195,1,0
19,11,0,1,0,0,1,2,0,0,0,1,0,0,0,2.913977073182752,1,0
25,11,6,1,0,0,1,3,0,0,0,1,0,1,0,2.913977073182752,1,0
27,11,8,1,0,0,1,3,0,0,0,1,0,1,0,2.913977073182752,1,0
24,11,5,1,0,0,1,3,0,0,0,1,0,0,0,2.913977073182752,1,0
35,11,8,1,0,4,2,3,1,0,0,1,0,0,0,2.913977073182752,1,0
24,16,0,2,0,0,1,2,0,0,0,1,0,0,0,2.9056390622295662,1,0
20,12,0,1,0,0,1,2,0,0,0,1,0,0,0,2.918295834054489,1,0
26,12,6,1,0,0,1,3,0,0,0,1,0,1,0,2.918295834054489,1,0
28,12,8,1,0,0,1,3,0,0,0,1,0,1,0,2.918295834054489,1,0
25,12,5,1,0,0,1,3,0,0,0,1,0,0,0,2.918295834054489,1,0
36,12,8,1,0,4,2,3,1,0,0,1,0,0,0,2.918295834054489,1,0
25,17,0,2,0,0,1,2,0,0,0,1,0,0,0,3.1751231351134606,1,0
23,15,0,1,1,0,1,2,0,0,0,1,0,0,0,3.773557262275186,1,0
29,15,6,1,1,0,1,3,0,0,0,1,0,1,0,3.773557262275186,1,0
31,15,8,1,1,0,1,3,0,0,0,1,0,1,0,3.773557262275186,1,0
28,15,5,1,1,0,1,3,0,0,0,1,0,0,0,3.773557262275186,1,0
39,15,8,1,1,4,2,3,1,0,0,1,0,0,0,3.773557262275186,1,0
28,20,0,2,1,0,1,2,0,0,0,1,0,0,0,3.8219280948873626,1,0
20,12,0,1,0,0,1,2,0,0,0,1,0,0,0,3.4182958340544896,1,0
26,12,6,1,0,0,1,3,0,0,0,1,0,1,0,3.4182958340544896,1,0
28,12,8,1,0,0,1,3,0,0,0,1,0,1,0,3.4182958340544896,1,0
25,12,5,1,0,0,1,3,0,0,0,1,0,0,0,3.4182958340544896,1,0
36,12,8,1,0,4,2,3,1,0,0,1,0,0,0,3.4182958340544896,1,0
25,17,0,2,0,0,1,2,0,0,0,1,0,0,0,3.4548223999466057,1,0
18,10,0,1,0,0,1,2,0,0,0,1,0,0,0,2.9219280948873623,1,0
24,10,6,1,0,0,1,3,0,0,0,1,0,1,0,2.9219280948873623,1,0
26,10,8,1,0,0,1,3,0,0,0,1,0,1,0,2.9219280948873623,1,0
23,10,5,1,0,0,1,3,0,0,0,1,0,0,0,2.9219280948873623,1,0
34,10,8,1,0,4,2,3,1,0,0,1,0,0,0,2.9219280948873623,1,0
23,15,0,2,0,0,1,2,0,0,0,1,0,0,0,3.506890595608519,1,0
15,7,0,1,0,0,1,2,0,0,0,1,0,0,0,2.521640636343318,1,0
21,7,6,1,0,0,1,3,0,0,0,1,0,1,0,2.521640636343318,1,0
23,7,8,1,0,0,1,3,0,0,0,1,0,1,0,2.521640636343318,1,0
20,7,5,1,0,0,1,3,0,0,0,1,0,0,0,2.521640636343318,1,0
29,7,8,1,0,2,2,3,1,0,0,1,0,0,0,2.521640636343318,1,0
20,12,0,2,0,0,1,2,0,0,0,1,0,0,0,3.084962500721156,1,0
19,11,0,1,0,0,1,2,0,0,0,1,0,0,0,2.913977073182752,1,0
25,11,6,1,0,0,1,3,0,0,0,1,0,1,0,2.913977073182752,1,0
27,11,8,1,0,0,1,3,0,0,0,1,0,1,0,2.913977073182752,1,0
24,11,5,1,0,0,1,3,0,0,0,1,0,0,0,2.913977073182752,1,0
35,11,8,1,0,4,2,3,1,0,0,1,0,0,0,2.913977073182752,1,0
24,16,0,2,0,0,1,2,0,0,0,1,0,0,0,3.077819531114783,1,0
17,9,0,1,0,0,1,2,0,0,0,1,0,0,0,2.725480556997868,1,0
23,9,6,1,0,0,1,3,0,0,0,1,0,1,0,2.725480556997868,1,0
25,9,8,1,0,0,1,3,0,0,0,1,0,1,0,2.725480556997868,1,0
22,9,5,1,0,0,1,3,0,0,0,1,0,0,0,2.725480556997868,1,0
33,9,8,1,0,4,2,3,1,0,0,1,0,0,0,2.725480556997868,1,0
22,14,0,2,0,0,1,2,0,0,0,1,0,0,0,3.0930692077718898,1,0
21,13,0,1,0,0,1,2,0,0,0,1,0,0,0,3.334679141051595,1,0
27,13,6,1,0,0,1,3,0,0,0,1,0,1,0,3.334679141051595,1,0
29,13,8,1,0,0,1,3,0,0,0,1,0,1,0,3.334679141051595,1,0
26,13,5,1,0,0,1,3,0,0,0,1,0,0,0,3.334679141051595,1,0
37,13,8,1,0,4,2,3,1,0,0,1,0,0,0,3.334679141051595,1,0
26,18,0,2,0,0,1,2,0,0,0,1,0,0,0,3.3921472236645345,1,0
21,13,0,1,0,0,1,2,0,0,0,1,0,0,0,3.0269868333592873,1,0
27,13,6,1,0,0,1,3,0,0,0,1,0,1,0,3.0269868333592873,1,0
29,13,8,1,0,0,1,3,0,0,0,1,0,1,0,3.0269868333592873,1,0
26,13,5,1,0,0,1,3,0,0,0,1,0,0,0,3.0269868333592873,1,0
37,13,8,1,0,4,2,3,1,0,0,1,0,0,0,3.0269868333592873,1,0
26,18,0,2,0,0,1,2,0,0,0,1,0,0,0,3.1279868068776753,1,0
19,11,0,1,0,0,1,2,0,0,0,1,0,0,0,3.4594316186372973,1,0
25,11,6,1,0,0,1,3,0,0,0,1,0,1,0,3.4594316186372973,1,0
27,11,8,1,0,0,1,3,0,0,0,1,0,1,0,3.4594316186372973,1,0
24,11,5,1,0,0,1,3,0,0,0,1,0,0,0,3.4594316186372973,1,0
35,11,8,1,0,4,2,3,1,0,0,1,0,0,0,3.4594316186372973,1,0
24,16,0,2,0,0,1,2,0,0,0,1,0,0,0,3.5,1,0
21,13,0,1,0,0,1,2,0,0,0,1,0,0,0,3.546593564294939,1,0
27,13,6,1,0,0,1,3,0,0,0,1,0,1,0,3.546593564294939,1,0
29,13,8,1,0,0,1,3,0,0,0,1,0,1,0,3.546593564294939,1,0
26,13,5,1,0,0,1,3,0,0,0,1,0,0,0,3.546593564294939,1,0
37,13,8,1,0,4,2,3,1,0,0,1,0,0,0,3.546593564294939,1,0
26,18,0,2,0,0,1,2,0,0,0,1,0,0,0,3.614369445886757,1,0
24,16,0,1,0,0,1,2,0,0,0,1,0,0,0,3.375,1,0
30,16,6,1,0,0,1,3,0,0,0,1,0,1,0,3.375,1,0
32,16,8,1,0,0,1,3,0,0,0,1,0,1,0,3.375,1,0
29,16,5,1,0,0,1,3,0,0,0,1,0,0,0,3.375,1,0
40,16,8,1,0,4,2,3,1,0,0,1,0,0,0,3.375,1,0
29,21,0,2,0,0,1,2,0,0,0,1,0,0,0,3.4992275417233567,1,0
24,16,0,1,1,0,1,2,0,0,0,1,0,0,0,3.2806390622295662,1,0
30,16,6,1,1,0,1,3,0,0,0,1,0,1,0,3.2806390622295662,1,0
32,16,8,1,1,0,1,3,0,0,0,1,0,1,0,3.2806390622295662,1,0
29,16,5,1,1,0,1,3,0,0,0,1,0,0,0,3.2806390622295662,1,0
40,16,8,1,1,4,2,3,1,0,0,1,0,0,0,3.2806390622295662,1,0
29,21,0,2,1,0,1,2,0,0,0,1,0,0,0,3.3446983751597124,1,0
13,5,0,1,0,0,1,2,0,0,0,1,0,0,0,2.321928094887362,1,0
19,5,6,1,0,0,1,3,0,0,0,1,0,1,0,2.321928094887362,1,0
21,5,8,1,0,0,1,3,0,0,0,1,0,1,0,2.321928094887362,1,0
18,5,5,1,0,0,1,3,0,0,0,1,0,0,0,2.321928094887362,1,0
29,5,8,1,0,4,2,3,1,0,0,1,0,0,0,2.321928094887362,1,0
18,10,0,2,0,0,1,2,0,0,0,1,0,0,0,3.1219280948873624,1,0
22,14,0,1,0,0,1,2,0,0,0,1,0,0,0,3.2359263506290326,1,0
28,14,6,1,0,0,1,3,0,0,0,1,0,1,0,3.2359263506290326,1,0
30,14,8,1,0,0,1,3,0,0,0,1,0,1,0,3.2359263506290326,1,0
27,14,5,1,0,0,1,3,0,0,0,1,0,0,0,3.2359263506290326,1,0
37,14,8,1,0,3,2,3,1,0,0,1,0,0,0,3.2359263506290326,1,0
27,19,0,2,0,0,1,2,0,0,0,1,0,0,0,3.326360407952694,1,0
14,6,0,1,0,0,1,2,0,0,0,1,0,0,0,2.584962500721156,1,0
20,6,6,1,0,0,1,3,0,0,0,1,0,1,0,2.584962500721156,1,0
22,6,8,1,0,0,1,3,0,0,0,1,0,1,0,2.584962500721156,1,0
19,6,5,1,0,0,1,3,0,0,0,1,0,0,0,2.584962500721156,1,0
30,6,8,1,0,4,2,3,1,0,0,1,0,0,0,2.584962500721156,1,0
19,11,0,2,0,0,1,2,0,0,0,1,0,0,0,2.913977073182752,1,0
24,16,0,1,0,0,1,2,0,0,0,1,0,0,0,3.625,1,0
30,16,6,1,0,0,1,3,0,0,0,1,0,1,0,3.625,1,0
32,16,8,1,0,0,1,3,0,0,0,1,0,1,0,3.625,1,0
29,16,5,1,0,0,1,3,0,0,0,1,0,0,0,3.625,1,0
40,16,8,1,0,4,2,3,1,0,0,1,0,0,0,3.625,1,0
29,21,0,2,0,0,1,2,0,0,0,1,0,0,0,3.6537567082870015,1,0
17,9,0,1,0,0,1,2,0,0,0,1,0,0,0,2.725480556997868,1,0
23,9,6,1,0,0,1,3,0,0,0,1,0,1,0,2.725480556997868,1,0
25,9,8,1,0,0,1,3,0,0,0,1,0,1,0,2.725480556997868,1,0
22,9,5,1,0,0,1,3,0,0,0,1,0,0,0,2.725480556997868,1,0
33,9,8,1,0,4,2,3,1,0,0,1,0,0,0,2.725480556997868,1,0
22,14,0,2,0,0,1,2,0,0,0,1,0,0,0,3.3787834934861753,1,0
24,16,0,1,0,0,1,2,0,0,0,1,0,0,0,3.625,1,0
30,16,6,1,0,0,1,3,0,0,0,1,0,1,0,3.625,1,0
32,16,8,1,0,0,1,3,0,0,0,1,0,1,0,3.625,1,0
29,16,5,1,0,0,1,3,0,0,0,1,0,0,0,3.625,1,0
40,16,8,1,0,4,2,3,1,0,0,1,0,0,0,3.625,1,0
29,21,0,2,0,0,1,2,0,0,0,1,0,0,0,3.594465636961452,1,0
20,12,0,1,0,0,1,2,0,0,0,1,0,0,0,3.084962500721156,1,0
26,12,6,1,0,0,1,3,0,0,0,1,0,1,0,3.084962500721156,1,0
28,12,8,1,0,0,1,3,0,0,0,1,0,1,0,3.084962500721156,1,0
25,12,5,1,0,0,1,3,0,0,0,1,0,0,0,3.084962500721156,1,0
36,12,8,1,0,4,2,3,1,0,0,1,0,0,0,3.084962500721156,1,0
25,17,0,2,0,0,1,2,0,0,0,1,0,0,0,3.2195282822995472,1,0
20,12,0,1,0,0,1,2,0,0,0,1,0,0,0,3.4182958340544896,1,0
26,12,6,1,0,0,1,3,0,0,0,1,0,1,0,3.4182958340544896,1,0
28,12,8,1,0,0,1,3,0,0,0,1,0,1,0,3.4182958340544896,1,0
25,12,5,1,0,0,1,3,0,0,0,1,0,0,0,3.4182958340544896,1,0
36,12,8,1,0,4,2,3,1,0,0,1,0,0,0,3.4182958340544896,1,0
25,17,0,2,0,0,1,2,0,0,0,1,0,0,0,3.616874605956222,1,0
20,12,0,1,0,0,1,2,0,0,0,1,0,0,0,3.4182958340544896,1,0
26,12,6,1,0,0,1,3,0,0,0,1,0,1,0,3.4182958340544896,1,0
28,12,8,1,0,0,1,3,0,0,0,1,0,1,0,3.4182958340544896,1,0
25,12,5,1,0,0,1,3,0,0,0,1,0,0,0,3.4182958340544896,1,0
36,12,8,1,0,4,2,3,1,0,0,1,0,0,0,3.4182958340544896,1,0
25,17,0,2,0,0,1,2,0,0,0,1,0,0,0,3.616874605956222,1,0
19,11,0,1,0,0,1,2,0,0,0,1,0,0,0,3.0271691184406184,1,0
25,11,6,1,0,0,1,3,0,0,0,1,0,1,0,3.0271691184406184,1,0
27,11,8,1,0,0,1,3,0,0,0,1,0,1,0,3.0271691184406184,1,0
24,11,5,1,0,0,1,3,0,0,0,1,0,0,0,3.0271691184406184,1,0
35,11,8,1,0,4,2,3,1,0,0,1,0,0,0,3.0271691184406184,1,0
24,16,0,2,0,0,1,2,0,0,0,1,0,0,0,3.327819531114783,1,0
21,13,0,1,0,0,1,2,0,0,0,1,0,0,0,3.180832987205441,1,0
27,13,6,1,0,0,1,3,0,0,0,1,0,1,0,3.180832987205441,1,0
29,13,8,1,0,0,1,3,0,0,0,1,0,1,0,3.180832987205441,1,0
26,13,5,1,0,0,1,3,0,0,0,1,0,0,0,3.180832987205441,1,0
37,13,8,1,0,4,2,3,1,0,0,1,0,0,0,3.180832987205441,1,0
26,18,0,2,0,0,1,2,0,0,0,1,0,0,0,3.4613201402110083,1,0
19,11,0,1,0,0,1,2,0,0,0,1,0,0,0,3.095795255000934,1,0
25,11,6,1,0,0,1,3,0,0,0,1,0,1,0,3.095795255000934,1,0
27,11,8,1,0,0,1,3,0,0,0,1,0,1,0,3.095795255000934,1,0
24,11,5,1,0,0,1,3,0,0,0,1,0,0,0,3.095795255000934,1,0
35,11,8,1,0,4,2,3,1,0,0,1,0,0,0,3.095795255000934,1,0
24,16,0,2,0,0,1,2,0,0,0,1,0,0,0,3.5,1,0
16,8,0,1,0,0,1,2,0,0,0,1,0,0,0,3.0,1,0
22,8,6,1,0,0,1,3,0,0,0,1,0,1,0,3.0,1,0
24,8,8,1,0,0,1,3,0,0,0,1,0,1,0,3.0,1,0
21,8,5,1,0,0,1,3,0,0,0,1,0,0,0,3.0,1,0
32,8,8,1,0,4,2,3,1,0,0,1,0,0,0,3.0,1,0
21,13,0,2,0,0,1,2,0,0,0,1,0,0,0,3.3927474104487847,1,0
22,14,0,1,0,0,1,2,0,0,0,1,0,0,0,2.753434386188785,1,0
28,14,6,1,0,0,1,3,0,0,0,1,0,1,0,2.753434386188785,1,0
30,14,8,1,0,0,1,3,0,0,0,1,0,1,0,2.753434386188785,1,0
27,14,5,1,0,0,1,3,0,0,0,1,0,0,0,2.753434386188785,1,0
38,14,8,1,0,4,2,3,1,0,0,1,0,0,0,2.753434386188785,1,0
27,19,0,2,0,0,1,2,0,0,0,1,0,0,0,3.11583409216322,1,0
19,11,0,1,0,0,1,2,0,0,0,1,0,0,0,2.8453509366224368,1,0
25,11,6,1,0,0,1,3,0,0,0,1,0,1,0,2.8453509366224368,1,0
27,11,8,1,0,0,1,3,0,0,0,1,0,1,0,2.8453509366224368,1,0
24,11,5,1,0,0,1,3,0,0,0,1,0,0,0,2.8453509366224368,1,0
35,11,8,1,0,4,2,3,1,0,0,1,0,0,0,2.8453509366224368,1,0
24,16,0,2,0,0,1,2,0,0,0,1,0,0,0,2.875,1,0
22,14,0,1,0,0,1,2,0,0,0,1,0,0,0,3.3787834934861753,1,0
28,14,6,1,0,0,1,3,0,0,0,1,0,1,0,3.3787834934861753,1,0
30,14,8,1,0,0,1,3,0,0,0,1,0,1,0,3.3787834934861753,1,0
27,14,5,1,0,0,1,3,0,0,0,1,0,0,0,3.3787834934861753,1,0
38,14,8,1,0,4,2,3,1,0,0,1,0,0,0,3.3787834934861753,1,0
27,19,0,2,0,0,1,2,0,0,0,1,0,0,0,3.6163485660751644,1,0
18,10,0,2,0,0,1,2,0,0,0,1,0,0,0,2.6464393446710157,0,0
24,10,6,2,0,0,1,3,0,0,0,1,0,1,0,2.6464393446710157,0,0
26,10,8,2,0,0,1,3,0,0,0,1,0,1,0,2.6464393446710157,0,0
23,10,5,2,0,0,1,3,0,0,0,1,0,0,0,2.6464393446710157,0,0
34,10,8,2,0,4,2,3,1,0,0,1,0,0,0,2.6464393446710157,0,0
23,15,0,3,0,0,1,2,0,0,0,1,0,0,0,3.272905595320056,0,0
23,15,0,1,1,0,1,2,0,0,0,1,0,0,0,3.773557262275186,1,0
29,15,6,1,1,0,1,3,0,0,0,1,0,1,0,3.773557262275186,1,0
31,15,8,1,1,0,1,3,0,0,0,1,0,1,0,3.773557262275186,1,0
28,15,5,1,1,0,1,3,0,0,0,1,0,0,0,3.773557262275186,1,0
39,15,8,1,1,4,2,3,1,0,0,1,0,0,0,3.773557262275186,1,0
28,20,0,2,1,0,1,2,0,0,0,1,0,0,0,3.8219280948873626,1,0
24,16,0,1,0,0,1,2,0,0,0,1,0,0,0,3.452819531114783,1,0
30,16,6,1,0,0,1,3,0,0,0,1,0,1,0,3.452819531114783,1,0
32,16,8,1,0,0,1,3,0,0,0,1,0,1,0,3.452819531114783,1,0
29,16,5,1,0,0,1,3,0,0,0,1,0,0,0,3.452819531114783,1,0
40,16,8,1,0,4,2,3,1,0,0,1,0,0,0,3.452819531114783,1,0
29,21,0,2,0,0,1,2,0,0,0,1,0,0,0,3.6537567082870015,1,0
15,7,0,1,0,0,1,2,0,0,0,1,0,0,0,2.521640636343318,1,0
21,7,6,1,0,0,1,3,0,0,0,1,0,1,0,2.521640636343318,1,0
23,7,8,1,0,0,1,3,0,0,0,1,0,1,0,2.521640636343318,1,0
20,7,5,1,0,0,1,3,0,0,0,1,0,0,0,2.521640636343318,1,0
31,7,8,1,0,4,2,3,1,0,0,1,0,0,0,2.521640636343318,1,0
20,12,0,2,0,0,1,2,0,0,0,1,0,0,0,2.8553885422075336,1,0
18,10,0,1,0,0,1,2,0,0,0,1,0,0,0,2.9219280948873623,1,0
24,10,6,1,0,0,1,3,0,0,0,1,0,1,0,2.9219280948873623,1,0
26,10,8,1,0,0,1,3,0,0,0,1,0,1,0,2.9219280948873623,1,0
23,10,5,1,0,0,1,3,0,0,0,1,0,0,0,2.9219280948873623,1,0
33,10,8,1,0,3,2,3,1,0,0,1,0,0,0,2.9219280948873623,1,0
23,15,0,2,0,0,1,2,0,0,0,1,0,0,0,3.3735572622751855,1,0
18,10,0,1,0,0,1,2,0,0,0,1,0,0,0,3.1219280948873624,1,0
24,10,6,1,0,0,1,3,0,0,0,1,0,1,0,3.1219280948873624,1,0
26,10,8,1,0,0,1,3,0,0,0,1,0,1,0,3.1219280948873624,1,0
23,10,5,1,0,0,1,3,0,0,0,1,0,0,0,3.1219280948873624,1,0
34,10,8,1,0,4,2,3,1,0,0,1,0,0,0,3.1219280948873624,1,0
23,15,0,2,0,0,1,2,0,0,0,1,0,0,0,3.3735572622751855,1,0
17,9,0,1,0,0,1,2,0,0,0,1,0,0,0,2.94770277922009,1,0
23,9,6,1,0,0,1,3,0,0,0,1,0,1,0,2.94770277922009,1,0
25,9,8,1,0,0,1,3,0,0,0,1,0,1,0,2.94770277922009,1,0
22,9,5,1,0,0,1,3,0,0,0,1,0,0,0,2.94770277922009,1,0
33,9,8,1,0,4,2,3,1,0,0,1,0,0,0,2.94770277922009,1,0
22,14,0,2,0,0,1,2,0,0,0,1,0,0,0,3.0930692077718898,1,0
20,12,0,1,0,0,1,2,0,0,0,1,0,0,0,3.4182958340544896,1,0
26,12,6,1,0,0,1,3,0,0,0,1,0,1,0,3.4182958340544896,1,0
28,12,8,1,0,0,1,3,0,0,0,1,0,1,0,3.4182958340544896,1,0
25,12,5,1,0,0,1,3,0,0,0,1,0,0,0,3.4182958340544896,1,0
36,12,8,1,0,4,2,3,1,0,0,1,0,0,0,3.4182958340544896,1,0
25,17,0,2,0,0,1,2,0,0,0,1,0,0,0,3.616874605956222,1,0
23,15,0,1,0,0,1,2,0,0,0,1,0,0,0,3.773557262275186,1,0
29,15,6,1,0,0,1,3,0,0,0,1,0,1,0,3.773557262275186,1,0
31,15,8,1,0,0,1,3,0,0,0,1,0,1,0,3.773557262275186,1,0
28,15,5,1,0,0,1,3,0,0,0,1,0,0,0,3.773557262275186,1,0
39,15,8,1,0,4,2,3,1,0,0,1,0,0,0,3.773557262275186,1,0
28,20,0,2,0,0,1,2,0,0,0,1,0,0,0,3.784183719779189,1,0
20,12,0,1,0,0,1,2,0,0,0,1,0,0,0,2.584962500721156,1,0
26,12,6,1,0,0,1,3,0,0,0,1,0,1,0,2.584962500721156,1,0
28,12,8,1,0,0,1,3,0,0,0,1,0,1,0,2.584962500721156,1,0
25,12,5,1,0,0,1,3,0,0,0,1,0,0,0,2.584962500721156,1,0
36,12,8,1,0,4,2,3,1,0,0,1,0,0,0,2.584962500721156,1,0
25,17,0,2,0,0,1,2,0,0,0,1,0,0,0,2.771902372038558,1,0
23,15,0,1,0,0,1,2,0,0,0,1,0,0,0,3.240223928941852,1,0
29,15,6,1,0,0,1,3,0,0,0,1,0,1,0,3.240223928941852,1,0
31,15,8,1,0,0,1,3,0,0,0,1,0,1,0,3.240223928941852,1,0
28,15,5,1,0,0,1,3,0,0,0,1,0,0,0,3.240223928941852,1,0
39,15,8,1,0,4,2,3,1,0,0,1,0,0,0,3.240223928941852,1,0
28,20,0,2,0,0,1,2,0,0,0,1,0,0,0,3.4464393446710155,1,0
14,6,0,1,0,0,1,2,0,0,0,1,0,0,0,2.2516291673878226,1,0
20,6,6,1,0,0,1,3,0,0,0,1,0,1,0,2.2516291673878226,1,0
22,6,8,1,0,0,1,3,0,0,0,1,0,1,0,2.2516291673878226,1,0
19,6,5,1,0,0,1,3,0,0,0,1,0,0,0,2.2516291673878226,1,0
30,6,8,1,0,4,2,3,1,0,0,1,0,0,0,2.2516291673878226,1,0
19,11,0,2,0,0,1,2,0,0,0,1,0,0,0,2.8453509366224368,1,0
20,12,0,2,0,0,1,2,0,0,0,1,0,0,0,3.084962500721156,0,0
26,12,6,2,0,0,1,3,0,0,0,1,0,1,0,3.084962500721156,0,0
28,12,8,2,0,0,1,3,0,0,0,1,0,1,0,3.084962500721156,0,0
25,12,5,2,0,0,1,3,0,0,0,1,0,0,0,3.084962500721156,0,0
36,12,8,2,0,4,2,3,1,0,0,1,0,0,0,3.084962500721156,0,0
25,17,0,3,0,0,1,2,0,0,0,1,0,0,0,3.29277019393699,0,0
15,7,0,1,0,0,1,2,0,0,0,1,0,0,0,2.521640636343318,1,0
21,7,6,1,0,0,1,3,0,0,0,1,0,1,0,2.521640636343318,1,0
23,7,8,1,0,0,1,3,0,0,0,1,0,1,0,2.521640636343318,1,0
20,7,5,1,0,0,1,3,0,0,0,1,0,0,0,2.521640636343318,1,0
31,7,8,1,0,4,2,3,1,0,0,1,0,0,0,2.521640636343318,1,0
20,12,0,2,0,0,1,2,0,0,0,1,0,0,0,3.2516291673878226,1,0
19,11,0,1,0,0,1,2,0,0,0,1,0,0,0,2.913977073182752,1,0
25,11,6,1,0,0,1,3,0,0,0,1,0,1,0,2.913977073182752,1,0
27,11,8,1,0,0,1,3,0,0,0,1,0,1,0,2.913977073182752,1,0
24,11,5,1,0,0,1,3,0,0,0,1,0,0,0,2.913977073182752,1,0
34,11,8,1,0,3,2,3,1,0,0,1,0,0,0,2.913977073182752,1,0
24,16,0,2,0,0,1,2,0,0,0,1,0,0,0,3.327819531114783,1,0
20,12,0,1,1,0,1,2,0,0,0,1,0,0,0,3.4182958340544896,1,0
26,12,6,1,1,0,1,3,0,0,0,1,0,1,0,3.4182958340544896,1,0
28,12,8,1,1,0,1,3,0,0,0,1,0,1,0,3.4182958340544896,1,0
25,12,5,1,1,0,1,3,0,0,0,1,0,0,0,3.4182958340544896,1,0
36,12,8,1,1,4,2,3,1,0,0,1,0,0,0,3.4182958340544896,1,0
25,17,0,2,1,0,1,2,0,0,0,1,0,0,0,3.4992275471326924,1,0
26,18,0,1,1,0,1,2,0,0,0,1,0,0,0,3.6835423624332306,1,0
32,18,6,1,1,0,1,3,0,0,0,1,0,1,0,3.6835423624332306,1,0
34,18,8,1,1,0,1,3,0,0,0,1,0,1,0,3.6835423624332306,1,0
31,18,5,1,1,0,1,3,0,0,0,1,0,0,0,3.6835423624332306,1,0
42,18,8,1,1,4,2,3,1,0,0,1,0,0,0,3.6835423624332306,1,0
31,23,0,2,1,0,1,2,0,0,0,1,0,0,0,3.762267390651494,1,0
18,10,0,1,0,0,1,2,0,0,0,1,0,0,0,3.3219280948873626,1,0
24,10,6,1,0,0,1,3,0,0,0,1,0,1,0,3.3219280948873626,1,0
26,10,8,1,0,0,1,3,0,0,0,1,0,1,0,3.3219280948873626,1,0
23,10,5,1,0,0,1,3,0,0,0,1,0,0,0,3.3219280948873626,1,0
34,10,8,1,0,4,2,3,1,0,0,1,0,0,0,3.3219280948873626,1,0
23,15,0,2,0,0,1,2,0,0,0,1,0,0,0,3.506890595608519,1,0
18,10,0,1,0,0,1,2,0,0,0,1,0,0,0,3.3219280948873626,1,0
24,10,6,1,0,0,1,3,0,0,0,1,0,1,0,3.3219280948873626,1,0
26,10,8,1,0,0,1,3,0,0,0,1,0,1,0,3.3219280948873626,1,0
23,10,5,1,0,0,1,3,0,0,0,1,0,0,0,3.3219280948873626,1,0
34,10,8,1,0,4,2,3,1,0,0,1,0,0,0,3.3219280948873626,1,0
23,15,0,2,0,0,1,2,0,0,0,1,0,0,0,3.506890595608519,1,0
23,15,0,1,0,0,1,2,0,0,0,1,0,0,0,3.456564762130954,1,0
29,15,6,1,0,0,1,3,0,0,0,1,0,1,0,3.456564762130954,1,0
31,15,8,1,0,0,1,3,0,0,0,1,0,1,0,3.456564762130954,1,0
28,15,5,1,0,0,1,3,0,0,0,1,0,0,0,3.456564762130954,1,0
39,15,8,1,0,4,2,3,1,0,0,1,0,0,0,3.456564762130954,1,0
28,20,0,2,0,0,1,2,0,0,0,1,0,0,0,3.484183719779189,1,0
17,9,0,1,0,0,1,2,0,0,0,1,0,0,0,3.169925001442312,1,0
23,9,6,1,0,0,1,3,0,0,0,1,0,1,0,3.169925001442312,1,0
25,9,8,1,0,0,1,3,0,0,0,1,0,1,0,3.169925001442312,1,0
22,9,5,1,0,0,1,3,0,0,0,1,0,0,0,3.169925001442312,1,0
32,9,8,1,0,3,2,3,1,0,0,1,0,0,0,3.169925001442312,1,0
22,14,0,2,0,0,1,2,0,0,0,1,0,0,0,3.2359263506290326,1,0
17,9,0,1,0,0,1,2,0,0,0,1,0,0,0,2.94770277922009,1,0
23,9,6,1,0,0,1,3,0,0,0,1,0,1,0,2.94770277922009,1,0
25,9,8,1,0,0,1,3,0,0,0,1,0,1,0,2.94770277922009,1,0
22,9,5,1,0,0,1,3,0,0,0,1,0,0,0,2.94770277922009,1,0
33,9,8,1,0,4,2,3,1,0,0,1,0,0,0,2.94770277922009,1,0
22,14,0,2,0,0,1,2,0,0,0,1,0,0,0,3.0930692077718898,1,0
21,13,0,1,0,0,1,2,0,0,0,1,0,0,0,3.238901256602631,1,0
27,13,6,1,0,0,1,3,0,0,0,1,0,1,0,3.238901256602631,1,0
29,13,8,1,0,0,1,3,0,0,0,1,0,1,0,3.238901256602631,1,0
26,13,5,1,0,0,1,3,0,0,0,1,0,0,0,3.238901256602631,1,0
37,13,8,1,0,4,2,3,1,0,0,1,0,0,0,3.238901256602631,1,0
26,18,0,2,0,0,1,2,0,0,0,1,0,0,0,3.350209029099897,1,0
19,11,0,1,0,0,1,2,0,0,0,1,0,0,0,3.095795255000934,1,0
25,11,6,1,0,0,1,3,0,0,0,1,0,1,0,3.095795255000934,1,0
27,11,8,1,0,0,1,3,0,0,0,1,0,1,0,3.095795255000934,1,0
24,11,5,1,0,0,1,3,0,0,0,1,0,0,0,3.095795255000934,1,0
34,11,8,1,0,3,2,3,1,0,0,1,0,0,0,3.095795255000934,1,0
24,16,0,2,0,0,1,2,0,0,0,1,0,0,0,3.5,1,0
17,9,0,1,0,0,1,2,0,0,0,1,0,0,0,2.725480556997868,1,0
23,9,6,1,0,0,1,3,0,0,0,1,0,1,0,2.725480556997868,1,0
25,9,8,1,0,0,1,3,0,0,0,1,0,1,0,2.725480556997868,1,0
22,9,5,1,0,0,1,3,0,0,0,1,0,0,0,2.725480556997868,1,0
33,9,8,1,0,4,2,3,1,0,0,1,0,0,0,2.725480556997868,1,0
22,14,0,2,0,0,1,2,0,0,0,1,0,0,0,3.0930692077718898,1,0
21,13,0,1,0,0,1,2,0,0,0,1,0,0,0,3.0269868333592873,1,0
27,13,6,1,0,0,1,3,0,0,0,1,0,1,0,3.0269868333592873,1,0
29,13,8,1,0,0,1,3,0,0,0,1,0,1,0,3.0269868333592873,1,0
26,13,5,1,0,0,1,3,0,0,0,1,0,0,0,3.0269868333592873,1,0
37,13,8,1,0,4,2,3,1,0,0,1,0,0,0,3.0269868333592873,1,0
26,18,0,2,0,0,1,2,0,0,0,1,0,0,0,3.197159723424149,1,0
19,11,0,1,0,0,1,2,0,0,0,1,0,0,0,3.095795255000934,1,0
25,11,6,1,0,0,1,3,0,0,0,1,0,1,0,3.095795255000934,1,0
27,11,8,1,0,0,1,3,0,0,0,1,0,1,0,3.095795255000934,1,0
24,11,5,1,0,0,1,3,0,0,0,1,0,0,0,3.095795255000934,1,0
35,11,8,1,0,4,2,3,1,0,0,1,0,0,0,3.095795255000934,1,0
24,16,0,2,0,0,1,2,0,0,0,1,0,0,0,3.327819531114783,1,0
17,9,0,1,0,0,1,2,0,0,0,1,0,0,0,2.94770277922009,1,0
23,9,6,1,0,0,1,3,0,0,0,1,0,1,0,2.94770277922009,1,0
25,9,8,1,0,0,1,3,0,0,0,1,0,1,0,2.94770277922009,1,0
22,9,5,1,0,0,1,3,0,0,0,1,0,0,0,2.94770277922009,1,0
33,9,8,1,0,4,2,3,1,0,0,1,0,0,0,2.94770277922009,1,0
22,14,0,2,0,0,1,2,0,0,0,1,0,0,0,3.2359263506290326,1,0
18,10,0,1,0,0,1,2,0,0,0,1,0,0,0,3.3219280948873626,1,0
24,10,6,1,0,0,1,3,0,0,0,1,0,1,0,3.3219280948873626,1,0
26,10,8,1,0,0,1,3,0,0,0,1,0,1,0,3.3219280948873626,1,0
23,10,5,1,0,0,1,3,0,0,0,1,0,0,0,3.3219280948873626,1,0
34,10,8,1,0,4,2,3,1,0,0,1,0,0,0,3.3219280948873626,1,0
23,15,0,2,0,0,1,2,0,0,0,1,0,0,0,3.240223928941852,1,0
18,10,0,1,0,0,1,2,0,0,0,1,0,0,0,2.8464393446710154,1,0
24,10,6,1,0,0,1,3,0,0,0,1,0,1,0,2.8464393446710154,1,0
26,10,8,1,0,0,1,3,0,0,0,1,0,1,0,2.8464393446710154,1,0
23,10,5,1,0,0,1,3,0,0,0,1,0,0,0,2.8464393446710154,1,0
34,10,8,1,0,4,2,3,1,0,0,1,0,0,0,2.8464393446710154,1,0
23,15,0,2,0,0,1,2,0,0,0,1,0,0,0,3.1898980954642875,1,0
20,12,0,1,0,0,1,2,0,0,0,1,0,0,0,3.2516291673878226,1,0
26,12,6,1,0,0,1,3,0,0,0,1,0,1,0,3.2516291673878226,1,0
28,12,8,1,0,0,1,3,0,0,0,1,0,1,0,3.2516291673878226,1,0
25,12,5,1,0,0,1,3,0,0,0,1,0,0,0,3.2516291673878226,1,0
36,12,8,1,0,4,2,3,1,0,0,1,0,0,0,3.2516291673878226,1,0
25,17,0,2,0,0,1,2,0,0,0,1,0,0,0,3.4992275471326924,1,0
25,17,0,1,0,0,1,2,0,0,0,1,0,0,0,3.3371753411230767,1,0
31,17,6,1,0,0,1,3,0,0,0,1,0,1,0,3.3371753411230767,1,0
33,17,8,1,0,0,1,3,0,0,0,1,0,1,0,3.3371753411230767,1,0
30,17,5,1,0,0,1,3,0,0,0,1,0,0,0,3.3371753411230767,1,0
41,17,8,1,0,4,2,3,1,0,0,1,0,0,0,3.3371753411230767,1,0
30,22,0,2,0,0,1,2,0,0,0,1,0,0,0,3.5383105956150063,1,0
21,13,0,1,0,0,1,2,0,0,0,1,0,0,0,3.0850551027564768,1,0
27,13,6,1,0,0,1,3,0,0,0,1,0,1,0,3.0850551027564768,1,0
29,13,8,1,0,0,1,3,0,0,0,1,0,1,0,3.0850551027564768,1,0
26,13,5,1,0,0,1,3,0,0,0,1,0,0,0,3.0850551027564768,1,0
37,13,8,1,0,4,2,3,1,0,0,1,0,0,0,3.0850551027564768,1,0
26,18,0,2,0,0,1,2,0,0,0,1,0,0,0,3.3921472236645345,1,0
22,14,0,1,0,0,1,2,0,0,0,1,0,0,0,3.3248629576173565,1,0
28,14,6,1,0,0,1,3,0,0,0,1,0,1,0,3.3248629576173565,1,0
30,14,8,1,0,0,1,3,0,0,0,1,0,1,0,3.3248629576173565,1,0
27,14,5,1,0,0,1,3,0,0,0,1,0,0,0,3.3248629576173565,1,0
38,14,8,1,0,4,2,3,1,0,0,1,0,0,0,3.3248629576173565,1,0
27,19,0,2,0,0,1,2,0,0,0,1,0,0,0,3.5766176449086657,1,0
20,12,0,1,1,0,1,2,0,0,0,1,0,0,0,3.2516291673878226,1,0
26,12,6,1,1,0,1,3,0,0,0,1,0,1,0,3.2516291673878226,1,0
28,12,8,1,1,0,1,3,0,0,0,1,0,1,0,3.2516291673878226,1,0
25,12,5,1,1,0,1,3,0,0,0,1,0,0,0,3.2516291673878226,1,0
36,12,8,1,1,4,2,3,1,0,0,1,0,0,0,3.2516291673878226,1,0
25,17,0,2,1,0,1,2,0,0,0,1,0,0,0,3.3371753411230767,1,0
25,17,0,1,0,0,1,2,0,0,0,1,0,0,0,3.616874605956222,1,0
31,17,6,1,0,0,1,3,0,0,0,1,0,1,0,3.616874605956222,1,0
33,17,8,1,0,0,1,3,0,0,0,1,0,1,0,3.616874605956222,1,0
30,17,5,1,0,0,1,3,0,0,0,1,0,0,0,3.616874605956222,1,0
41,17,8,1,0,4,2,3,1,0,0,1,0,0,0,3.616874605956222,1,0
30,22,0,2,0,0,1,2,0,0,0,1,0,0,0,3.6069367321753214,1,0
19,11,0,1,0,0,1,2,0,0,0,1,0,0,0,3.4594316186372973,1,0
25,11,6,1,0,0,1,3,0,0,0,1,0,1,0,3.4594316186372973,1,0
27,11,8,1,0,0,1,3,0,0,0,1,0,1,0,3.4594316186372973,1,0
24,11,5,1,0,0,1,3,0,0,0,1,0,0,0,3.4594316186372973,1,0
35,11,8,1,0,4,2,3,1,0,0,1,0,0,0,3.4594316186372973,1,0
24,16,0,2,0,0,1,2,0,0,0,1,0,0,0,3.5,1,0
20,12,0,1,0,0,1,2,0,0,0,1,0,0,0,3.188721875540867,1,0
26,12,6,1,0,0,1,3,0,0,0,1,0,1,0,3.188721875540867,1,0
28,12,8,1,0,0,1,3,0,0,0,1,0,1,0,3.188721875540867,1,0
25,12,5,1,0,0,1,3,0,0,0,1,0,0,0,3.188721875540867,1,0
36,12,8,1,0,4,2,3,1,0,0,1,0,0,0,3.188721875540867,1,0
25,17,0,2,0,0,1,2,0,0,0,1,0,0,0,3.2639334294856335,1,0
18,10,0,1,0,0,1,2,0,0,0,1,0,0,0,2.9219280948873623,1,0
24,10,6,1,0,0,1,3,0,0,0,1,0,1,0,2.9219280948873623,1,0
26,10,8,1,0,0,1,3,0,0,0,1,0,1,0,2.9219280948873623,1,0
23,10,5,1,0,0,1,3,0,0,0,1,0,0,0,2.9219280948873623,1,0
34,10,8,1,0,4,2,3,1,0,0,1,0,0,0,2.9219280948873623,1,0
23,15,0,2,0,0,1,2,0,0,0,1,0,0,0,3.3735572622751855,1,0
26,18,0,1,0,0,1,2,0,0,0,1,0,0,0,3.5724312513221195,1,0
32,18,6,1,0,0,1,3,0,0,0,1,0,1,0,3.5724312513221195,1,0
34,18,8,1,0,0,1,3,0,0,0,1,0,1,0,3.5724312513221195,1,0
31,18,5,1,0,0,1,3,0,0,0,1,0,0,0,3.5724312513221195,1,0
42,18,8,1,0,4,2,3,1,0,0,1,0,0,0,3.5724312513221195,1,0
31,23,0,2,0,0,1,2,0,0,0,1,0,0,0,3.7081320646586016,1,0
18,10,0,1,0,0,1,2,0,0,0,1,0,0,0,3.3219280948873626,1,0
24,10,6,1,0,0,1,3,0,0,0,1,0,1,0,3.3219280948873626,1,0
26,10,8,1,0,0,1,3,0,0,0,1,0,1,0,3.3219280948873626,1,0
23,10,5,1,0,0,1,3,0,0,0,1,0,0,0,3.3219280948873626,1,0
34,10,8,1,0,4,2,3,1,0,0,1,0,0,0,3.3219280948873626,1,0
23,15,0,2,0,0,1,2,0,0,0,1,0,0,0,3.240223928941852,1,0
27,19,0,1,0,0,1,2,0,0,0,1,0,0,0,3.471354487013929,1,0
33,19,6,1,0,0,1,3,0,0,0,1,0,1,0,3.471354487013929,1,0
35,19,8,1,0,0,1,3,0,0,0,1,0,1,0,3.471354487013929,1,0
32,19,5,1,0,0,1,3,0,0,0,1,0,0,0,3.471354487013929,1,0
43,19,8,1,0,4,2,3,1,0,0,1,0,0,0,3.471354487013929,1,0
32,24,0,2,0,0,1,2,0,0,0,1,0,0,0,3.688721875540867,1,0
15,7,0,1,0,0,1,2,0,0,0,1,0,0,0,2.521640636343318,1,0
21,7,6,1,0,0,1,3,0,0,0,1,0,1,0,2.521640636343318,1,0
23,7,8,1,0,0,1,3,0,0,0,1,0,1,0,2.521640636343318,1,0
20,7,5,1,0,0,1,3,0,0,0,1,0,0,0,2.521640636343318,1,0
31,7,8,1,0,4,2,3,1,0,0,1,0,0,0,2.521640636343318,1,0
20,12,0,2,0,0,1,2,0,0,0,1,0,0,0,3.2516291673878226,1,0
15,7,0,1,0,0,1,2,0,0,0,1,0,0,0,2.521640636343318,1,0
21,7,6,1,0,0,1,3,0,0,0,1,0,1,0,2.521640636343318,1,0
23,7,8,1,0,0,1,3,0,0,0,1,0,1,0,2.521640636343318,1,0
20,7,5,1,0,0,1,3,0,0,0,1,0,0,0,2.521640636343318,1,0
30,7,8,1,0,3,2,3,1,0,0,1,0,0,0,2.521640636343318,1,0
20,12,0,2,0,0,1,2,0,0,0,1,0,0,0,3.2516291673878226,1,0
21,13,0,1,0,0,1,2,0,0,0,1,0,0,0,3.238901256602631,1,0
27,13,6,1,0,0,1,3,0,0,0,1,0,1,0,3.238901256602631,1,0
29,13,8,1,0,0,1,3,0,0,0,1,0,1,0,3.238901256602631,1,0
26,13,5,1,0,0,1,3,0,0,0,1,0,0,0,3.238901256602631,1,0
37,13,8,1,0,4,2,3,1,0,0,1,0,0,0,3.238901256602631,1,0
26,18,0,2,0,0,1,2,0,0,0,1,0,0,0,3.4613201402110083,1,0
23,15,0,1,0,0,1,2,0,0,0,1,0,0,0,3.240223928941852,1,0
29,15,6,1,0,0,1,3,0,0,0,1,0,1,0,3.240223928941852,1,0
31,15,8,1,0,0,1,3,0,0,0,1,0,1,0,3.240223928941852,1,0
28,15,5,1,0,0,1,3,0,0,0,1,0,0,0,3.240223928941852,1,0
38,15,8,1,0,3,2,3,1,0,0,1,0,0,0,3.240223928941852,1,0
28,20,0,2,0,0,1,2,0,0,0,1,0,0,0,3.6219280948873624,1,0
20,12,0,1,0,0,1,2,0,0,0,1,0,0,0,3.084962500721156,1,0
26,12,6,1,0,0,1,3,0,0,0,1,0,1,0,3.084962500721156,1,0
28,12,8,1,0,0,1,3,0,0,0,1,0,1,0,3.084962500721156,1,0
25,12,5,1,0,0,1,3,0,0,0,1,0,0,0,3.084962500721156,1,0
36,12,8,1,0,4,2,3,1,0,0,1,0,0,0,3.084962500721156,1,0
25,17,0,2,0,0,1,2,0,0,0,1,0,0,0,3.2639334294856335,1,0
16,8,0,1,0,1,1,2,0,0,0,1,0,0,0,3.0,1,0
22,8,6,1,0,1,1,3,0,0,0,1,0,1,0,3.0,1,0
24,8,8,1,0,1,1,3,0,0,0,1,0,1,0,3.0,1,0
21,8,5,1,0,1,1,3,0,0,0,1,0,0,0,3.0,1,0
32,8,8,1,0,5,2,3,1,0,0,1,0,0,0,3.0,1,0
21,13,0,2,0,1,1,2,0,0,0,1,0,0,0,3.3927474104487847,1,0
17,9,0,1,0,1,1,2,0,0,0,1,0,0,0,3.169925001442312,1,0
23,9,6,1,0,1,1,3,0,0,0,1,0,1,0,3.169925001442312,1,0
25,9,8,1,0,1,1,3,0,0,0,1,0,1,0,3.169925001442312,1,0
22,9,5,1,0,1,1,3,0,0,0,1,0,0,0,3.169925001442312,1,0
33,9,8,1,0,5,2,3,1,0,0,1,0,0,0,3.169925001442312,1,0
22,14,0,2,0,1,1,2,0,0,0,1,0,0,0,3.2359263506290326,1,0
25,17,0,1,1,0,1,2,0,0,0,1,0,0,0,3.4548223999466057,1,0
31,17,6,1,1,0,1,3,0,0,0,1,0,1,0,3.4548223999466057,1,0
33,17,8,1,1,0,1,3,0,0,0,1,0,1,0,3.4548223999466057,1,0
30,17,5,1,1,0,1,3,0,0,0,1,0,0,0,3.4548223999466057,1,0
41,17,8,1,1,4,2,3,1,0,0,1,0,0,0,3.4548223999466057,1,0
30,22,0,2,1,0,1,2,0,0,0,1,0,0,0,3.572623663895164,1,0
17,9,0,1,0,0,1,2,0,0,0,1,0,0,0,3.169925001442312,1,0
23,9,6,1,0,0,1,3,0,0,0,1,0,1,0,3.169925001442312,1,0
25,9,8,1,0,0,1,3,0,0,0,1,0,1,0,3.169925001442312,1,0
22,9,5,1,0,0,1,3,0,0,0,1,0,0,0,3.169925001442312,1,0
33,9,8,1,0,4,2,3,1,0,0,1,0,0,0,3.169925001442312,1,0
22,14,0,2,0,0,1,2,0,0,0,1,0,0,0,3.3787834934861753,1,0
25,17,0,1,1,0,1,2,0,0,0,1,0,0,0,3.572469458770135,1,0
31,17,6,1,1,0,1,3,0,0,0,1,0,1,0,3.572469458770135,1,0
33,17,8,1,1,0,1,3,0,0,0,1,0,1,0,3.572469458770135,1,0
30,17,5,1,1,0,1,3,0,0,0,1,0,0,0,3.572469458770135,1,0
41,17,8,1,1,4,2,3,1,0,0,1,0,0,0,3.572469458770135,1,0
30,22,0,2,1,0,1,2,0,0,0,1,0,0,0,3.641249800455479,1,0
15,7,0,1,0,0,1,2,0,0,0,1,0,0,0,2.8073549220576037,1,0
21,7,6,1,0,0,1,3,0,0,0,1,0,1,0,2.8073549220576037,1,0
23,7,8,1,0,0,1,3,0,0,0,1,0,1,0,2.8073549220576037,1,0
20,7,5,1,0,0,1,3,0,0,0,1,0,0,0,2.8073549220576037,1,0
31,7,8,1,0,4,2,3,1,0,0,1,0,0,0,2.8073549220576037,1,0
20,12,0,2,0,0,1,2,0,0,0,1,0,0,0,3.2516291673878226,1,0
21,13,0,1,0,0,1,2,0,0,0,1,0,0,0,3.334679141051595,1,0
27,13,6,1,0,0,1,3,0,0,0,1,0,1,0,3.334679141051595,1,0
29,13,8,1,0,0,1,3,0,0,0,1,0,1,0,3.334679141051595,1,0
26,13,5,1,0,0,1,3,0,0,0,1,0,0,0,3.334679141051595,1,0
37,13,8,1,0,4,2,3,1,0,0,1,0,0,0,3.334679141051595,1,0
26,18,0,2,0,0,1,2,0,0,0,1,0,0,0,3.4613201402110083,1,0
14,6,0,1,0,0,1,2,0,0,0,1,0,0,0,2.2516291673878226,1,0
20,6,6,1,0,0,1,3,0,0,0,1,0,1,0,2.2516291673878226,1,0
22,6,8,1,0,0,1,3,0,0,0,1,0,1,0,2.2516291673878226,1,0
19,6,5,1,0,0,1,3,0,0,0,1,0,0,0,2.2516291673878226,1,0
30,6,8,1,0,4,2,3,1,0,0,1,0,0,0,2.2516291673878226,1,0
19,11,0,2,0,0,1,2,0,0,0,1,0,0,0,2.6635327548042547,1,0
21,13,0,1,0,0,1,2,0,0,0,1,0,0,0,2.6612262562697895,1,0
27,13,6,1,0,0,1,3,0,0,0,1,0,1,0,2.6612262562697895,1,0
29,13,8,1,0,0,1,3,0,0,0,1,0,1,0,2.6612262562697895,1,0
26,13,5,1,0,0,1,3,0,0,0,1,0,0,0,2.6612262562697895,1,0
37,13,8,1,0,4,2,3,1,0,0,1,0,0,0,2.6612262562697895,1,0
26,18,0,2,0,0,1,2,0,0,0,1,0,0,0,3.0441104177484006,1,0
20,12,0,1,0,0,1,2,0,0,0,1,0,0,0,3.2516291673878226,1,0
26,12,6,1,0,0,1,3,0,0,0,1,0,1,0,3.2516291673878226,1,0
28,12,8,1,0,0,1,3,0,0,0,1,0,1,0,3.2516291673878226,1,0
25,12,5,1,0,0,1,3,0,0,0,1,0,0,0,3.2516291673878226,1,0
36,12,8,1,0,4,2,3,1,0,0,1,0,0,0,3.2516291673878226,1,0
25,17,0,2,0,0,1,2,0,0,0,1,0,0,0,3.616874605956222,1,0
20,12,0,1,0,0,1,2,0,0,0,1,0,0,0,3.084962500721156,1,0
26,12,6,1,0,0,1,3,0,0,0,1,0,1,0,3.084962500721156,1,0
28,12,8,1,0,0,1,3,0,0,0,1,0,1,0,3.084962500721156,1,0
25,12,5,1,0,0,1,3,0,0,0,1,0,0,0,3.084962500721156,1,0
36,12,8,1,0,4,2,3,1,0,0,1,0,0,0,3.084962500721156,1,0
25,17,0,2,0,0,1,2,0,0,0,1,0,0,0,3.1751231351134606,1,0
14,6,0,1,0,0,1,2,0,0,0,1,0,0,0,2.584962500721156,1,0
20,6,6,1,0,0,1,3,0,0,0,1,0,1,0,2.584962500721156,1,0
22,6,8,1,0,0,1,3,0,0,0,1,0,1,0,2.584962500721156,1,0
19,6,5,1,0,0,1,3,0,0,0,1,0,0,0,2.584962500721156,1,0
30,6,8,1,0,4,2,3,1,0,0,1,0,0,0,2.584962500721156,1,0
19,11,0,2,0,0,1,2,0,0,0,1,0,0,0,3.2776134368191157,1,0
19,11,0,1,0,0,1,2,0,0,0,1,0,0,0,3.2776134368191157,1,0
25,11,6,1,0,0,1,3,0,0,0,1,0,1,0,3.2776134368191157,1,0
27,11,8,1,0,0,1,3,0,0,0,1,0,1,0,3.2776134368191157,1,0
24,11,5,1,0,0,1,3,0,0,0,1,0,0,0,3.2776134368191157,1,0
35,11,8,1,0,4,2,3,1,0,0,1,0,0,0,3.2776134368191157,1,0
24,16,0,2,0,0,1,2,0,0,0,1,0,0,0,3.327819531114783,1,0
18,10,0,1,1,0,1,2,0,0,0,1,0,0,0,2.9219280948873623,1,0
24,10,6,1,1,0,1,3,0,0,0,1,0,1,0,2.9219280948873623,1,0
26,10,8,1,1,0,1,3,0,0,0,1,0,1,0,2.9219280948873623,1,0
23,10,5,1,1,0,1,3,0,0,0,1,0,0,0,2.9219280948873623,1,0
34,10,8,1,1,4,2,3,1,0,0,1,0,0,0,2.9219280948873623,1,0
23,15,0,2,1,0,1,2,0,0,0,1,0,0,0,3.506890595608519,1,0
32,24,0,1,0,0,1,2,0,0,0,1,0,0,0,3.584962500721156,1,0
38,24,6,1,0,0,1,3,0,0,0,1,0,1,0,3.584962500721156,1,0
40,24,8,1,0,0,1,3,0,0,0,1,0,1,0,3.584962500721156,1,0
37,24,5,1,0,0,1,3,0,0,0,1,0,0,0,3.584962500721156,1,0
48,24,8,1,0,4,2,3,1,0,0,1,0,0,0,3.584962500721156,1,0
37,29,0,2,0,0,1,2,0,0,0,1,0,0,0,3.630062358078027,1,0
23,15,0,2,0,0,1,2,0,0,0,1,0,0,0,3.3735572622751855,0,0
29,15,6,2,0,0,1,3,0,0,0,1,0,1,0,3.3735572622751855,0,0
31,15,8,2,0,0,1,3,0,0,0,1,0,1,0,3.3735572622751855,0,0
28,15,5,2,0,0,1,3,0,0,0,1,0,0,0,3.3735572622751855,0,0
39,15,8,2,0,4,2,3,1,0,0,1,0,0,0,3.3735572622751855,0,0
28,20,0,3,0,0,1,2,0,0,0,1,0,0,0,3.2709505944546686,0,0
15,7,0,1,0,0,1,2,0,0,0,1,0,0,0,2.8073549220576037,1,0
21,7,6,1,0,0,1,3,0,0,0,1,0,1,0,2.8073549220576037,1,0
23,7,8,1,0,0,1,3,0,0,0,1,0,1,0,2.8073549220576037,1,0
20,7,5,1,0,0,1,3,0,0,0,1,0,0,0,2.8073549220576037,1,0
31,7,8,1,0,4,2,3,1,0,0,1,0,0,0,2.8073549220576037,1,0
20,12,0,2,0,0,1,2,0,0,0,1,0,0,0,3.084962500721156,1,0
32,24,0,1,0,0,1,2,0,0,0,1,0,0,0,3.5220552088742005,1,0
38,24,6,1,0,0,1,3,0,0,0,1,0,1,0,3.5220552088742005,1,0
40,24,8,1,0,0,1,3,0,0,0,1,0,1,0,3.5220552088742005,1,0
37,24,5,1,0,0,1,3,0,0,0,1,0,0,0,3.5220552088742005,1,0
48,24,8,1,0,4,2,3,1,0,0,1,0,0,0,3.5220552088742005,1,0
37,29,0,2,0,0,1,2,0,0,0,1,0,0,0,3.581444787932611,1,0
22,14,0,1,1,0,1,2,0,0,0,1,0,0,0,3.1820058147602133,1,0
28,14,6,1,1,0,1,3,0,0,0,1,0,1,0,3.1820058147602133,1,0
30,14,8,1,1,0,1,3,0,0,0,1,0,1,0,3.1820058147602133,1,0
27,14,5,1,1,0,1,3,0,0,0,1,0,0,0,3.1820058147602133,1,0
38,14,8,1,1,4,2,3,1,0,0,1,0,0,0,3.1820058147602133,1,0
27,19,0,2,1,0,1,2,0,0,0,1,0,0,0,3.431623565847431,1,0
13,5,0,1,0,0,1,2,0,0,0,1,0,0,0,2.321928094887362,1,0
19,5,6,1,0,0,1,3,0,0,0,1,0,1,0,2.321928094887362,1,0
21,5,8,1,0,0,1,3,0,0,0,1,0,1,0,2.321928094887362,1,0
18,5,5,1,0,0,1,3,0,0,0,1,0,0,0,2.321928094887362,1,0
29,5,8,1,0,4,2,3,1,0,0,1,0,0,0,2.321928094887362,1,0
18,10,0,2,0,0,1,2,0,0,0,1,0,0,0,3.1219280948873624,1,0
20,12,0,1,0,0,1,2,0,0,0,1,0,0,0,3.2516291673878226,1,0
26,12,6,1,0,0,1,3,0,0,0,1,0,1,0,3.2516291673878226,1,0
28,12,8,1,0,0,1,3,0,0,0,1,0,1,0,3.2516291673878226,1,0
25,12,5,1,0,0,1,3,0,0,0,1,0,0,0,3.2516291673878226,1,0
36,12,8,1,0,4,2,3,1,0,0,1,0,0,0,3.2516291673878226,1,0
25,17,0,2,0,0,1,2,0,0,0,1,0,0,0,3.381580488309163,1,0
25,17,0,1,2,0,1,2,0,0,0,1,0,0,0,3.4548223999466057,1,0
31,17,6,1,2,0,1,3,0,0,0,1,0,1,0,3.4548223999466057,1,0
33,17,8,1,2,0,1,3,0,0,0,1,0,1,0,3.4548223999466057,1,0
30,17,5,1,2,0,1,3,0,0,0,1,0,0,0,3.4548223999466057,1,0
41,17,8,1,2,4,2,3,1,0,0,1,0,0,0,3.4548223999466057,1,0
30,22,0,2,2,0,1,2,0,0,0,1,0,0,0,3.6069367321753214,1,0
20,12,0,1,0,0,1,2,0,0,0,1,0,0,0,3.2516291673878226,1,0
26,12,6,1,0,0,1,3,0,0,0,1,0,1,0,3.2516291673878226,1,0
28,12,8,1,0,0,1,3,0,0,0,1,0,1,0,3.2516291673878226,1,0
25,12,5,1,0,0,1,3,0,0,0,1,0,0,0,3.2516291673878226,1,0
36,12,8,1,0,4,2,3,1,0,0,1,0,0,0,3.2516291673878226,1,0
25,17,0,2,0,0,1,2,0,0,0,1,0,0,0,3.4992275471326924,1,0
21,13,0,1,0,0,1,2,0,0,0,1,0,0,0,3.0269868333592873,1,0
27,13,6,1,0,0,1,3,0,0,0,1,0,1,0,3.0269868333592873,1,0
29,13,8,1,0,0,1,3,0,0,0,1,0,1,0,3.0269868333592873,1,0
26,13,5,1,0,0,1,3,0,0,0,1,0,0,0,3.0269868333592873,1,0
37,13,8,1,0,4,2,3,1,0,0,1,0,0,0,3.0269868333592873,1,0
26,18,0,2,0,0,1,2,0,0,0,1,0,0,0,3.3082708345352603,1,0
16,8,0,1,0,0,1,2,0,0,0,1,0,0,0,2.75,1,0
22,8,6,1,0,0,1,3,0,0,0,1,0,1,0,2.75,1,0
24,8,8,1,0,0,1,3,0,0,0,1,0,1,0,2.75,1,0
21,8,5,1,0,0,1,3,0,0,0,1,0,0,0,2.75,1,0
32,8,8,1,0,4,2,3,1,0,0,1,0,0,0,2.75,1,0
21,13,0,2,0,0,1,2,0,0,0,1,0,0,0,3.0269868333592873,1,0
23,15,0,1,0,0,1,2,0,0,0,1,0,0,0,3.323231428797621,1,0
29,15,6,1,0,0,1,3,0,0,0,1,0,1,0,3.323231428797621,1,0
31,15,8,1,0,0,1,3,0,0,0,1,0,1,0,3.323231428797621,1,0
28,15,5,1,0,0,1,3,0,0,0,1,0,0,0,3.323231428797621,1,0
39,15,8,1,0,4,2,3,1,0,0,1,0,0,0,3.323231428797621,1,0
28,20,0,2,0,0,1,2,0,0,0,1,0,0,0,3.308694969562842,1,0
30,22,0,1,0,0,1,2,0,0,0,1,0,0,0,4.004886164091843,1,0
36,22,6,1,0,0,1,3,0,0,0,1,0,1,0,4.004886164091843,1,0
38,22,8,1,0,0,1,3,0,0,0,1,0,1,0,4.004886164091843,1,0
35,22,5,1,0,0,1,3,0,0,0,1,0,0,0,4.004886164091843,1,0
46,22,8,1,0,4,2,3,1,0,0,1,0,0,0,4.004886164091843,1,0
35,27,0,2,0,0,1,2,0,0,0,1,0,0,0,3.9582291686698783,1,0
18,10,0,1,0,0,1,2,0,0,0,1,0,0,0,3.1219280948873624,1,0
24,10,6,1,0,0,1,3,0,0,0,1,0,1,0,3.1219280948873624,1,0
26,10,8,1,0,0,1,3,0,0,0,1,0,1,0,3.1219280948873624,1,0
23,10,5,1,0,0,1,3,0,0,0,1,0,0,0,3.1219280948873624,1,0
34,10,8,1,0,4,2,3,1,0,0,1,0,0,0,3.1219280948873624,1,0
23,15,0,2,0,0,1,2,0,0,0,1,0,0,0,3.1898980954642875,1,0
23,15,0,2,0,0,1,2,0,0,0,1,0,0,0,3.640223928941852,0,0
29,15,6,2,0,0,1,3,0,0,0,1,0,1,0,3.640223928941852,0,0
31,15,8,2,0,0,1,3,0,0,0,1,0,1,0,3.640223928941852,0,0
28,15,5,2,0,0,1,3,0,0,0,1,0,0,0,3.640223928941852,0,0
39,15,8,2,0,4,2,3,1,0,0,1,0,0,0,3.640223928941852,0,0
28,20,0,3,0,0,1,2,0,0,0,1,0,0,0,3.784183719779189,0,0
18,10,0,1,0,0,1,2,0,0,0,1,0,0,0,3.3219280948873626,1,0
24,10,6,1,0,0,1,3,0,0,0,1,0,1,0,3.3219280948873626,1,0
26,10,8,1,0,0,1,3,0,0,0,1,0,1,0,3.3219280948873626,1,0
23,10,5,1,0,0,1,3,0,0,0,1,0,0,0,3.3219280948873626,1,0
34,10,8,1,0,4,2,3,1,0,0,1,0,0,0,3.3219280948873626,1,0
23,15,0,2,0,0,1,2,0,0,0,1,0,0,0,3.240223928941852,1,0
14,6,0,1,0,0,1,2,0,0,0,1,0,0,0,2.2516291673878226,1,0
20,6,6,1,0,0,1,3,0,0,0,1,0,1,0,2.2516291673878226,1,0
22,6,8,1,0,0,1,3,0,0,0,1,0,1,0,2.2516291673878226,1,0
19,6,5,1,0,0,1,3,0,0,0,1,0,0,0,2.2516291673878226,1,0
30,6,8,1,0,4,2,3,1,0,0,1,0,0,0,2.2516291673878226,1,0
19,11,0,2,0,0,1,2,0,0,0,1,0,0,0,2.913977073182752,1,0
20,12,0,1,0,0,1,2,0,0,0,1,0,0,0,3.4182958340544896,1,0
26,12,6,1,0,0,1,3,0,0,0,1,0,1,0,3.4182958340544896,1,0
28,12,8,1,0,0,1,3,0,0,0,1,0,1,0,3.4182958340544896,1,0
25,12,5,1,0,0,1,3,0,0,0,1,0,0,0,3.4182958340544896,1,0
36,12,8,1,0,4,2,3,1,0,0,1,0,0,0,3.4182958340544896,1,0
25,17,0,2,0,0,1,2,0,0,0,1,0,0,0,3.7345216647797512,1,0
20,12,0,1,0,0,1,2,0,0,0,1,0,0,0,3.2516291673878226,1,0
26,12,6,1,0,0,1,3,0,0,0,1,0,1,0,3.2516291673878226,1,0
28,12,8,1,0,0,1,3,0,0,0,1,0,1,0,3.2516291673878226,1,0
25,12,5,1,0,0,1,3,0,0,0,1,0,0,0,3.2516291673878226,1,0
35,12,8,1,0,3,2,3,1,0,0,1,0,0,0,3.2516291673878226,1,0
25,17,0,2,0,0,1,2,0,0,0,1,0,0,0,3.4104172527605194,1,0
19,11,0,1,1,0,1,2,0,0,0,1,0,0,0,3.4594316186372973,1,0
25,11,6,1,1,0,1,3,0,0,0,1,0,1,0,3.4594316186372973,1,0
27,11,8,1,1,0,1,3,0,0,0,1,0,1,0,3.4594316186372973,1,0
24,11,5,1,1,0,1,3,0,0,0,1,0,0,0,3.4594316186372973,1,0
35,11,8,1,1,4,2,3,1,0,0,1,0,0,0,3.4594316186372973,1,0
24,16,0,2,1,0,1,2,0,0,0,1,0,0,0,3.5,1,0
20,12,0,1,0,0,1,2,0,0,0,1,0,0,0,3.584962500721156,1,0
26,12,6,1,0,0,1,3,0,0,0,1,0,1,0,3.584962500721156,1,0
28,12,8,1,0,0,1,3,0,0,0,1,0,1,0,3.584962500721156,1,0
25,12,5,1,0,0,1,3,0,0,0,1,0,0,0,3.584962500721156,1,0
36,12,8,1,0,4,2,3,1,0,0,1,0,0,0,3.584962500721156,1,0
25,17,0,2,0,0,1,2,0,0,0,1,0,0,0,3.616874605956222,1,0
27,19,0,1,0,0,1,2,0,0,0,1,0,0,0,3.3660913291191923,1,0
33,19,6,1,0,0,1,3,0,0,0,1,0,1,0,3.3660913291191923,1,0
35,19,8,1,0,0,1,3,0,0,0,1,0,1,0,3.3660913291191923,1,0
32,19,5,1,0,0,1,3,0,0,0,1,0,0,0,3.3660913291191923,1,0
42,19,8,1,0,3,2,3,1,0,0,1,0,0,0,3.3660913291191923,1,0
32,24,0,2,0,0,1,2,0,0,0,1,0,0,0,3.584962500721156,1,0
15,7,0,1,0,0,1,2,0,0,0,1,0,0,0,2.521640636343318,1,0
21,7,6,1,0,0,1,3,0,0,0,1,0,1,0,2.521640636343318,1,0
23,7,8,1,0,0,1,3,0,0,0,1,0,1,0,2.521640636343318,1,0
20,7,5,1,0,0,1,3,0,0,0,1,0,0,0,2.521640636343318,1,0
31,7,8,1,0,4,2,3,1,0,0,1,0,0,0,2.521640636343318,1,0
20,12,0,2,0,0,1,2,0,0,0,1,0,0,0,3.2516291673878226,1,0
19,11,0,1,0,0,1,2,0,0,0,1,0,0,0,2.913977073182752,1,0
25,11,6,1,0,0,1,3,0,0,0,1,0,1,0,2.913977073182752,1,0
27,11,8,1,0,0,1,3,0,0,0,1,0,1,0,2.913977073182752,1,0
24,11,5,1,0,0,1,3,0,0,0,1,0,0,0,2.913977073182752,1,0
35,11,8,1,0,4,2,3,1,0,0,1,0,0,0,2.913977073182752,1,0
24,16,0,2,0,0,1,2,0,0,0,1,0,0,0,3.25,1,0
19,11,0,1,0,0,1,2,0,0,0,1,0,0,0,3.2776134368191157,1,0
25,11,6,1,0,0,1,3,0,0,0,1,0,1,0,3.2776134368191157,1,0
27,11,8,1,0,0,1,3,0,0,0,1,0,1,0,3.2776134368191157,1,0
24,11,5,1,0,0,1,3,0,0,0,1,0,0,0,3.2776134368191157,1,0
35,11,8,1,0,4,2,3,1,0,0,1,0,0,0,3.2776134368191157,1,0
24,16,0,2,0,0,1,2,0,0,0,1,0,0,0,3.625,1,0
16,8,0,1,0,0,1,2,0,0,0,1,0,0,0,2.75,1,0
22,8,6,1,0,0,1,3,0,0,0,1,0,1,0,2.75,1,0
24,8,8,1,0,0,1,3,0,0,0,1,0,1,0,2.75,1,0
21,8,5,1,0,0,1,3,0,0,0,1,0,0,0,2.75,1,0
32,8,8,1,0,4,2,3,1,0,0,1,0,0,0,2.75,1,0
21,13,0,2,0,0,1,2,0,0,0,1,0,0,0,3.180832987205441,1,0
17,9,0,1,0,0,1,2,0,0,0,1,0,0,0,2.94770277922009,1,0
23,9,6,1,0,0,1,3,0,0,0,1,0,1,0,2.94770277922009,1,0
25,9,8,1,0,0,1,3,0,0,0,1,0,1,0,2.94770277922009,1,0
22,9,5,1,0,0,1,3,0,0,0,1,0,0,0,2.94770277922009,1,0
33,9,8,1,0,4,2,3,1,0,0,1,0,0,0,2.94770277922009,1,0
22,14,0,2,0,0,1,2,0,0,0,1,0,0,0,3.3787834934861753,1,0
22,14,0,1,0,0,1,2,0,0,0,1,0,0,0,3.1820058147602133,1,0
28,14,6,1,0,0,1,3,0,0,0,1,0,1,0,3.1820058147602133,1,0
30,14,8,1,0,0,1,3,0,0,0,1,0,1,0,3.1820058147602133,1,0
27,14,5,1,0,0,1,3,0,0,0,1,0,0,0,3.1820058147602133,1,0
38,14,8,1,0,4,2,3,1,0,0,1,0,0,0,3.1820058147602133,1,0
27,19,0,2,0,0,1,2,0,0,0,1,0,0,0,3.2210972500579573,1,0
16,8,0,1,0,0,1,2,0,0,0,1,0,0,0,2.75,1,0
22,8,6,1,0,0,1,3,0,0,0,1,0,1,0,2.75,1,0
24,8,8,1,0,0,1,3,0,0,0,1,0,1,0,2.75,1,0
21,8,5,1,0,0,1,3,0,0,0,1,0,0,0,2.75,1,0
31,8,8,1,0,3,2,3,1,0,0,1,0,0,0,2.75,1,0
21,13,0,2,0,0,1,2,0,0,0,1,0,0,0,3.180832987205441,1,0
20,12,0,1,0,0,1,2,0,0,0,1,0,0,0,3.2516291673878226,1,0
26,12,6,1,0,0,1,3,0,0,0,1,0,1,0,3.2516291673878226,1,0
28,12,8,1,0,0,1,3,0,0,0,1,0,1,0,3.2516291673878226,1,0
25,12,5,1,0,0,1,3,0,0,0,1,0,0,0,3.2516291673878226,1,0
36,12,8,1,0,4,2,3,1,0,0,1,0,0,0,3.2516291673878226,1,0
25,17,0,2,0,0,1,2,0,0,0,1,0,0,0,3.4992275471326924,1,0
17,9,0,1,1,0,1,2,0,0,0,1,0,0,0,2.94770277922009,1,0
23,9,6,1,1,0,1,3,0,0,0,1,0,1,0,2.94770277922009,1,0
25,9,8,1,1,0,1,3,0,0,0,1,0,1,0,2.94770277922009,1,0
22,9,5,1,1,0,1,3,0,0,0,1,0,0,0,2.94770277922009,1,0
33,9,8,1,1,4,2,3,1,0,0,1,0,0,0,2.94770277922009,1,0
22,14,0,2,1,0,1,2,0,0,0,1,0,0,0,3.3787834934861753,1,0
19,11,0,1,0,0,1,2,0,0,0,1,0,0,0,3.095795255000934,1,0
25,11,6,1,0,0,1,3,0,0,0,1,0,1,0,3.095795255000934,1,0
27,11,8,1,0,0,1,3,0,0,0,1,0,1,0,3.095795255000934,1,0
24,11,5,1,0,0,1,3,0,0,0,1,0,0,0,3.095795255000934,1,0
35,11,8,1,0,4,2,3,1,0,0,1,0,0,0,3.095795255000934,1,0
24,16,0,2,0,0,1,2,0,0,0,1,0,0,0,3.327819531114783,1,0
21,13,0,1,0,1,1,2,0,0,0,1,0,0,0,3.3927474104487847,1,0
27,13,6,1,0,1,1,3,0,0,0,1,0,1,0,3.3927474104487847,1,0
29,13,8,1,0,1,1,3,0,0,0,1,0,1,0,3.3927474104487847,1,0
26,13,5,1,0,1,1,3,0,0,0,1,0,0,0,3.3927474104487847,1,0
37,13,8,1,0,5,2,3,1,0,0,1,0,0,0,3.3927474104487847,1,0
26,18,0,2,0,1,1,2,0,0,0,1,0,0,0,3.4613201402110083,1,0
18,10,0,1,0,0,1,2,0,0,0,1,0,0,0,3.1219280948873624,1,0
24,10,6,1,0,0,1,3,0,0,0,1,0,1,0,3.1219280948873624,1,0
26,10,8,1,0,0,1,3,0,0,0,1,0,1,0,3.1219280948873624,1,0
23,10,5,1,0,0,1,3,0,0,0,1,0,0,0,3.1219280948873624,1,0
34,10,8,1,0,4,2,3,1,0,0,1,0,0,0,3.1219280948873624,1,0
23,15,0,2,0,0,1,2,0,0,0,1,0,0,0,3.640223928941852,1,0
17,9,0,1,0,0,1,2,0,0,0,1,0,0,0,3.169925001442312,1,0
23,9,6,1,0,0,1,3,0,0,0,1,0,1,0,3.169925001442312,1,0
25,9,8,1,0,0,1,3,0,0,0,1,0,1,0,3.169925001442312,1,0
22,9,5,1,0,0,1,3,0,0,0,1,0,0,0,3.169925001442312,1,0
33,9,8,1,0,4,2,3,1,0,0,1,0,0,0,3.169925001442312,1,0
22,14,0,2,0,0,1,2,0,0,0,1,0,0,0,3.3787834934861753,1,0
16,8,0,1,0,0,1,2,0,0,0,1,0,0,0,3.0,1,0
22,8,6,1,0,0,1,3,0,0,0,1,0,1,0,3.0,1,0
24,8,8,1,0,0,1,3,0,0,0,1,0,1,0,3.0,1,0
21,8,5,1,0,0,1,3,0,0,0,1,0,0,0,3.0,1,0
32,8,8,1,0,4,2,3,1,0,0,1,0,0,0,3.0,1,0
21,13,0,2,0,0,1,2,0,0,0,1,0,0,0,3.3927474104487847,1,0
16,8,0,1,0,0,1,2,0,0,0,1,0,0,0,2.75,1,0
22,8,6,1,0,0,1,3,0,0,0,1,0,1,0,2.75,1,0
24,8,8,1,0,0,1,3,0,0,0,1,0,1,0,2.75,1,0
21,8,5,1,0,0,1,3,0,0,0,1,0,0,0,2.75,1,0
32,8,8,1,0,4,2,3,1,0,0,1,0,0,0,2.75,1,0
21,13,0,2,0,0,1,2,0,0,0,1,0,0,0,3.3927474104487847,1,0
22,14,0,1,0,0,1,2,0,0,0,1,0,0,0,3.521640636343318,1,0
28,14,6,1,0,0,1,3,0,0,0,1,0,1,0,3.521640636343318,1,0
30,14,8,1,0,0,1,3,0,0,0,1,0,1,0,3.521640636343318,1,0
27,14,5,1,0,0,1,3,0,0,0,1,0,0,0,3.521640636343318,1,0
38,14,8,1,0,4,2,3,1,0,0,1,0,0,0,3.521640636343318,1,0
27,19,0,2,0,0,1,2,0,0,0,1,0,0,0,3.5110854081804272,1,0
21,13,0,1,0,0,1,2,0,0,0,1,0,0,0,3.546593564294939,1,0
27,13,6,1,0,0,1,3,0,0,0,1,0,1,0,3.546593564294939,1,0
29,13,8,1,0,0,1,3,0,0,0,1,0,1,0,3.546593564294939,1,0
26,13,5,1,0,0,1,3,0,0,0,1,0,0,0,3.546593564294939,1,0
37,13,8,1,0,4,2,3,1,0,0,1,0,0,0,3.546593564294939,1,0
26,18,0,2,0,0,1,2,0,0,0,1,0,0,0,3.4613201402110083,1,0
20,12,0,1,0,0,1,2,0,0,0,1,0,0,0,3.4182958340544896,1,0
26,12,6,1,0,0,1,3,0,0,0,1,0,1,0,3.4182958340544896,1,0
28,12,8,1,0,0,1,3,0,0,0,1,0,1,0,3.4182958340544896,1,0
25,12,5,1,0,0,1,3,0,0,0,1,0,0,0,3.4182958340544896,1,0
36,12,8,1,0,4,2,3,1,0,0,1,0,0,0,3.4182958340544896,1,0
25,17,0,2,0,0,1,2,0,0,0,1,0,0,0,3.4992275471326924,1,0
20,12,0,1,0,0,1,2,0,0,0,1,0,0,0,3.4182958340544896,1,0
26,12,6,1,0,0,1,3,0,0,0,1,0,1,0,3.4182958340544896,1,0
28,12,8,1,0,0,1,3,0,0,0,1,0,1,0,3.4182958340544896,1,0
25,12,5,1,0,0,1,3,0,0,0,1,0,0,0,3.4182958340544896,1,0
36,12,8,1,0,4,2,3,1,0,0,1,0,0,0,3.4182958340544896,1,0
25,17,0,2,0,0,1,2,0,0,0,1,0,0,0,3.4992275471326924,1,0
24,16,0,1,1,0,1,2,0,0,0,1,0,0,0,3.5,1,0
30,16,6,1,1,0,1,3,0,0,0,1,0,1,0,3.5,1,0
32,16,8,1,1,0,1,3,0,0,0,1,0,1,0,3.5,1,0
29,16,5,1,1,0,1,3,0,0,0,1,0,0,0,3.5,1,0
40,16,8,1,1,4,2,3,1,0,0,1,0,0,0,3.5,1,0
29,21,0,2,1,0,1,2,0,0,0,1,0,0,0,3.7256507561120933,1,0
23,15,0,1,0,0,1,2,0,0,0,1,0,0,0,3.106890595608519,1,0
29,15,6,1,0,0,1,3,0,0,0,1,0,1,0,3.106890595608519,1,0
31,15,8,1,0,0,1,3,0,0,0,1,0,1,0,3.106890595608519,1,0
28,15,5,1,0,0,1,3,0,0,0,1,0,0,0,3.106890595608519,1,0
39,15,8,1,0,4,2,3,1,0,0,1,0,0,0,3.106890595608519,1,0
28,20,0,2,0,0,1,2,0,0,0,1,0,0,0,3.2037016960573483,1,0
21,13,0,1,0,0,1,2,0,0,0,1,0,0,0,3.180832987205441,1,0
27,13,6,1,0,0,1,3,0,0,0,1,0,1,0,3.180832987205441,1,0
29,13,8,1,0,0,1,3,0,0,0,1,0,1,0,3.180832987205441,1,0
26,13,5,1,0,0,1,3,0,0,0,1,0,0,0,3.180832987205441,1,0
37,13,8,1,0,4,2,3,1,0,0,1,0,0,0,3.180832987205441,1,0
26,18,0,2,0,0,1,2,0,0,0,1,0,0,0,3.3082708345352603,1,0
17,9,0,1,0,0,1,2,0,0,0,1,0,0,0,2.6416041678685938,1,0
23,9,6,1,0,0,1,3,0,0,0,1,0,1,0,2.6416041678685938,1,0
25,9,8,1,0,0,1,3,0,0,0,1,0,1,0,2.6416041678685938,1,0
22,9,5,1,0,0,1,3,0,0,0,1,0,0,0,2.6416041678685938,1,0
33,9,8,1,0,4,2,3,1,0,0,1,0,0,0,2.6416041678685938,1,0
22,14,0,2,0,0,1,2,0,0,0,1,0,0,0,3.0391486719030705,1,0
18,10,0,1,0,0,1,2,0,0,0,1,0,0,0,2.9219280948873623,1,0
24,10,6,1,0,0,1,3,0,0,0,1,0,1,0,2.9219280948873623,1,0
26,10,8,1,0,0,1,3,0,0,0,1,0,1,0,2.9219280948873623,1,0
23,10,5,1,0,0,1,3,0,0,0,1,0,0,0,2.9219280948873623,1,0
34,10,8,1,0,4,2,3,1,0,0,1,0,0,0,2.9219280948873623,1,0
23,15,0,2,0,0,1,2,0,0,0,1,0,0,0,3.240223928941852,1,0
20,12,0,1,0,0,1,2,0,0,0,1,0,0,0,3.4182958340544896,1,0
26,12,6,1,0,0,1,3,0,0,0,1,0,1,0,3.4182958340544896,1,0
28,12,8,1,0,0,1,3,0,0,0,1,0,1,0,3.4182958340544896,1,0
25,12,5,1,0,0,1,3,0,0,0,1,0,0,0,3.4182958340544896,1,0
36,12,8,1,0,4,2,3,1,0,0,1,0,0,0,3.4182958340544896,1,0
25,17,0,2,0,0,1,2,0,0,0,1,0,0,0,3.4992275471326924,1,0
19,11,0,1,0,0,1,2,0,0,0,1,0,0,0,3.095795255000934,1,0
25,11,6,1,0,0,1,3,0,0,0,1,0,1,0,3.095795255000934,1,0
27,11,8,1,0,0,1,3,0,0,0,1,0,1,0,3.095795255000934,1,0
24,11,5,1,0,0,1,3,0,0,0,1,0,0,0,3.095795255000934,1,0
35,11,8,1,0,4,2,3,1,0,0,1,0,0,0,3.095795255000934,1,0
24,16,0,2,0,0,1,2,0,0,0,1,0,0,0,3.1556390622295662,1,0
18,10,0,1,0,0,1,2,0,0,0,1,0,0,0,2.6464393446710157,1,0
24,10,6,1,0,0,1,3,0,0,0,1,0,1,0,2.6464393446710157,1,0
26,10,8,1,0,0,1,3,0,0,0,1,0,1,0,2.6464393446710157,1,0
23,10,5,1,0,0,1,3,0,0,0,1,0,0,0,2.6464393446710157,1,0
34,10,8,1,0,4,2,3,1,0,0,1,0,0,0,2.6464393446710157,1,0
23,15,0,2,0,0,1,2,0,0,0,1,0,0,0,3.1898980954642875,1,0
22,14,0,1,0,0,1,2,0,0,0,1,0,0,0,2.8962915290459277,1,0
28,14,6,1,0,0,1,3,0,0,0,1,0,1,0,2.8962915290459277,1,0
30,14,8,1,0,0,1,3,0,0,0,1,0,1,0,2.8962915290459277,1,0
27,14,5,1,0,0,1,3,0,0,0,1,0,0,0,2.8962915290459277,1,0
38,14,8,1,0,4,2,3,1,0,0,1,0,0,0,2.8962915290459277,1,0
27,19,0,2,0,0,1,2,0,0,0,1,0,0,0,3.3660913291191923,1,0
27,19,0,1,0,0,1,2,0,0,0,1,0,0,0,3.5766176449086657,1,0
33,19,6,1,0,0,1,3,0,0,0,1,0,1,0,3.5766176449086657,1,0
35,19,8,1,0,0,1,3,0,0,0,1,0,1,0,3.5766176449086657,1,0
32,19,5,1,0,0,1,3,0,0,0,1,0,0,0,3.5766176449086657,1,0
43,19,8,1,0,4,2,3,1,0,0,1,0,0,0,3.5766176449086657,1,0
32,24,0,2,0,0,1,2,0,0,0,1,0,0,0,3.5535088547976783,1,0
21,13,0,2,0,0,1,2,0,0,0,1,0,0,0,3.0269868333592873,0,0
27,13,6,2,0,0,1,3,0,0,0,1,0,1,0,3.0269868333592873,0,0
29,13,8,2,0,0,1,3,0,0,0,1,0,1,0,3.0269868333592873,0,0
26,13,5,2,0,0,1,3,0,0,0,1,0,0,0,3.0269868333592873,0,0
37,13,8,2,0,4,2,3,1,0,0,1,0,0,0,3.0269868333592873,0,0
26,18,0,3,0,0,1,2,0,0,0,1,0,0,0,3.3082708345352603,0,0
19,11,0,1,0,0,1,2,0,0,0,1,0,0,0,3.095795255000934,1,0
25,11,6,1,0,0,1,3,0,0,0,1,0,1,0,3.095795255000934,1,0
27,11,8,1,0,0,1,3,0,0,0,1,0,1,0,3.095795255000934,1,0
24,11,5,1,0,0,1,3,0,0,0,1,0,0,0,3.095795255000934,1,0
35,11,8,1,0,4,2,3,1,0,0,1,0,0,0,3.095795255000934,1,0
24,16,0,2,0,0,1,2,0,0,0,1,0,0,0,3.452819531114783,1,0
14,6,0,1,0,0,1,2,0,0,0,1,0,0,0,2.584962500721156,1,0
20,6,6,1,0,0,1,3,0,0,0,1,0,1,0,2.584962500721156,1,0
22,6,8,1,0,0,1,3,0,0,0,1,0,1,0,2.584962500721156,1,0
19,6,5,1,0,0,1,3,0,0,0,1,0,0,0,2.584962500721156,1,0
30,6,8,1,0,4,2,3,1,0,0,1,0,0,0,2.584962500721156,1,0
19,11,0,2,0,0,1,2,0,0,0,1,0,0,0,3.095795255000934,1,0
22,14,0,1,0,0,1,2,0,0,0,1,0,0,0,3.3248629576173565,1,0
28,14,6,1,0,0,1,3,0,0,0,1,0,1,0,3.3248629576173565,1,0
30,14,8,1,0,0,1,3,0,0,0,1,0,1,0,3.3248629576173565,1,0
27,14,5,1,0,0,1,3,0,0,0,1,0,0,0,3.3248629576173565,1,0
38,14,8,1,0,4,2,3,1,0,0,1,0,0,0,3.3248629576173565,1,0
27,19,0,2,0,0,1,2,0,0,0,1,0,0,0,3.471354487013929,1,0
17,9,0,1,0,0,1,2,0,0,0,1,0,0,0,2.94770277922009,1,0
23,9,6,1,0,0,1,3,0,0,0,1,0,1,0,2.94770277922009,1,0
25,9,8,1,0,0,1,3,0,0,0,1,0,1,0,2.94770277922009,1,0
22,9,5,1,0,0,1,3,0,0,0,1,0,0,0,2.94770277922009,1,0
33,9,8,1,0,4,2,3,1,0,0,1,0,0,0,2.94770277922009,1,0
22,14,0,2,0,0,1,2,0,0,0,1,0,0,0,3.3787834934861753,1,0
22,14,0,1,0,0,1,2,0,0,0,1,0,0,0,3.3787834934861753,1,0
28,14,6,1,0,0,1,3,0,0,0,1,0,1,0,3.3787834934861753,1,0
30,14,8,1,0,0,1,3,0,0,0,1,0,1,0,3.3787834934861753,1,0
27,14,5,1,0,0,1,3,0,0,0,1,0,0,0,3.3787834934861753,1,0
38,14,8,1,0,4,2,3,1,0,0,1,0,0,0,3.3787834934861753,1,0
27,19,0,2,0,0,1,2,0,0,0,1,0,0,0,3.5368867237421675,1,0
17,9,0,1,0,0,1,2,0,0,0,1,0,0,0,2.94770277922009,1,0
23,9,6,1,0,0,1,3,0,0,0,1,0,1,0,2.94770277922009,1,0
25,9,8,1,0,0,1,3,0,0,0,1,0,1,0,2.94770277922009,1,0
22,9,5,1,0,0,1,3,0,0,0,1,0,0,0,2.94770277922009,1,0
33,9,8,1,0,4,2,3,1,0,0,1,0,0,0,2.94770277922009,1,0
22,14,0,2,0,0,1,2,0,0,0,1,0,0,0,3.1820058147602133,1,0
26,18,0,1,0,0,1,2,0,0,0,1,0,0,0,3.530493056757482,1,0
32,18,6,1,0,0,1,3,0,0,0,1,0,1,0,3.530493056757482,1,0
34,18,8,1,0,0,1,3,0,0,0,1,0,1,0,3.530493056757482,1,0
31,18,5,1,0,0,1,3,0,0,0,1,0,0,0,3.530493056757482,1,0
42,18,8,1,0,4,2,3,1,0,0,1,0,0,0,3.530493056757482,1,0
31,23,0,2,0,0,1,2,0,0,0,1,0,0,0,3.708132064658601,1,0
18,10,0,1,0,0,1,2,0,0,0,1,0,0,0,3.1219280948873624,1,0
24,10,6,1,0,0,1,3,0,0,0,1,0,1,0,3.1219280948873624,1,0
26,10,8,1,0,0,1,3,0,0,0,1,0,1,0,3.1219280948873624,1,0
23,10,5,1,0,0,1,3,0,0,0,1,0,0,0,3.1219280948873624,1,0
34,10,8,1,0,4,2,3,1,0,0,1,0,0,0,3.1219280948873624,1,0
23,15,0,2,0,0,1,2,0,0,0,1,0,0,0,3.323231428797621,1,0
18,10,0,1,0,0,1,2,0,0,0,1,0,0,0,2.9219280948873623,1,0
24,10,6,1,0,0,1,3,0,0,0,1,0,1,0,2.9219280948873623,1,0
26,10,8,1,0,0,1,3,0,0,0,1,0,1,0,2.9219280948873623,1,0
23,10,5,1,0,0,1,3,0,0,0,1,0,0,0,2.9219280948873623,1,0
34,10,8,1,0,4,2,3,1,0,0,1,0,0,0,2.9219280948873623,1,0
23,15,0,2,0,0,1,2,0,0,0,1,0,0,0,3.3735572622751855,1,0
19,11,0,1,0,0,1,2,0,0,0,1,0,0,0,2.8453509366224368,1,0
25,11,6,1,0,0,1,3,0,0,0,1,0,1,0,2.8453509366224368,1,0
27,11,8,1,0,0,1,3,0,0,0,1,0,1,0,2.8453509366224368,1,0
24,11,5,1,0,0,1,3,0,0,0,1,0,0,0,2.8453509366224368,1,0
